-- Payments Platform Database Schema
-- Initialises tables and seed data for the payments pipeline

BEGIN;

-- Merchants
CREATE TABLE merchants (
    merchant_id   VARCHAR(36) PRIMARY KEY,
    merchant_name VARCHAR(200) NOT NULL,
    category      VARCHAR(50),
    country       VARCHAR(2),
    onboarded_at  DATE,
    status        VARCHAR(20) DEFAULT 'active'
);

-- Customers
CREATE TABLE customers (
    customer_id  VARCHAR(36) PRIMARY KEY,
    merchant_id  VARCHAR(36) REFERENCES merchants(merchant_id),
    email        VARCHAR(200),
    first_name   VARCHAR(100),
    last_name    VARCHAR(100),
    country      VARCHAR(2),
    created_at   DATE
);

-- Transactions
CREATE TABLE transactions (
    transaction_id   VARCHAR(36) PRIMARY KEY,
    merchant_id      VARCHAR(36) REFERENCES merchants(merchant_id),
    customer_id      VARCHAR(36) REFERENCES customers(customer_id),
    amount           NUMERIC(10,2),
    currency         VARCHAR(3) DEFAULT 'GBP',
    transaction_date TIMESTAMP,
    status           VARCHAR(20),
    payment_method   VARCHAR(30),
    created_at       TIMESTAMP DEFAULT NOW()
);

-- Refunds
CREATE TABLE refunds (
    refund_id      VARCHAR(36) PRIMARY KEY,
    transaction_id VARCHAR(36) REFERENCES transactions(transaction_id),
    amount         NUMERIC(10,2),
    reason         VARCHAR(50),
    refund_date    TIMESTAMP,
    created_at     TIMESTAMP DEFAULT NOW()
);

-- Analytics schema
CREATE SCHEMA IF NOT EXISTS analytics;

-- Indexes for common query patterns
CREATE INDEX idx_transactions_merchant ON transactions(merchant_id);
CREATE INDEX idx_transactions_date ON transactions(transaction_date);
CREATE INDEX idx_transactions_status ON transactions(status);
CREATE INDEX idx_refunds_transaction ON refunds(transaction_id);
CREATE INDEX idx_customers_merchant ON customers(merchant_id);

COMMIT;

-- === SEED DATA ===

-- Merchants
INSERT INTO merchants (merchant_id, merchant_name, category, country, onboarded_at, status) VALUES
  ('m_001', 'TechFlow Solutions', 'retail', 'GB', '2023-10-15', 'active'),
  ('m_002', 'GreenLeaf Marketplace', 'food_delivery', 'DE', '2023-02-24', 'active'),
  ('m_003', 'QuickBite Delivery', 'retail', 'NL', '2023-01-13', 'active'),
  ('m_004', 'CloudSync SaaS', 'retail', 'DE', '2023-04-01', 'suspended'),
  ('m_005', 'Urban Retail Co', 'retail', 'DE', '2023-10-06', 'suspended'),
  ('m_006', 'FreshDirect Foods', 'marketplace', 'DE', '2023-06-24', 'active'),
  ('m_007', 'DataStream Analytics', 'retail', 'DE', '2023-09-29', 'active'),
  ('m_008', 'Metro Fashion Hub', 'saas', 'FR', '2023-03-02', 'active'),
  ('m_009', 'SwiftPay Commerce', 'saas', 'GB', '2023-02-06', 'active'),
  ('m_010', 'BlueSky Marketplace', 'retail', 'FR', '2023-11-26', 'active'),
  ('m_011', 'NexGen Retail', 'saas', 'GB', '2023-10-11', 'active'),
  ('m_012', 'FoodRunner Express', 'retail', 'NL', '2023-01-31', 'suspended'),
  ('m_013', 'VaultEdge Software', 'saas', 'FR', '2023-08-13', 'active'),
  ('m_014', 'PrimeGoods Store', 'retail', 'GB', '2023-09-14', 'active'),
  ('m_015', 'ByteWave Technologies', 'saas', 'GB', '2023-11-29', 'active'),
  ('m_016', 'Harvest Kitchen', 'retail', 'NL', '2023-04-18', 'active'),
  ('m_017', 'PixelCraft Studios', 'saas', 'DE', '2023-05-24', 'active'),
  ('m_018', 'OceanView Trading', 'food_delivery', 'FR', '2023-09-30', 'active'),
  ('m_019', 'SparkLine Services', 'food_delivery', 'DE', '2023-03-05', 'active'),
  ('m_020', 'CoreShop Retail', 'marketplace', 'FR', '2023-12-26', 'suspended');

-- Customers
INSERT INTO customers (customer_id, merchant_id, email, first_name, last_name, country, created_at) VALUES
  ('c_001', 'm_012', 'aria.robinson1@example.com', 'Aria', 'Robinson', 'DE', '2023-09-11'),
  ('c_002', 'm_004', 'evelyn.mitchell2@example.com', 'Evelyn', 'Mitchell', 'FR', '2023-11-14'),
  ('c_003', 'm_018', 'lily.white3@example.com', 'Lily', 'White', 'DE', '2023-07-24'),
  ('c_004', 'm_016', 'penelope.garcia4@example.com', 'Penelope', 'Garcia', 'GB', '2023-07-13'),
  ('c_005', 'm_004', 'noah.hernandez5@example.com', 'Noah', 'Hernandez', 'NL', '2023-06-25'),
  ('c_006', 'm_012', 'owen.hill6@example.com', 'Owen', 'Hill', 'NL', '2023-12-23'),
  ('c_007', 'm_007', 'riley.smith7@example.com', 'Riley', 'Smith', 'GB', '2023-12-26'),
  ('c_008', 'm_009', 'violet.adams8@example.com', 'Violet', 'Adams', 'FR', '2023-07-14'),
  ('c_009', 'm_009', 'chloe.hernandez9@example.com', 'Chloe', 'Hernandez', 'NL', '2023-06-02'),
  ('c_010', 'm_008', 'leo.carter10@example.com', 'Leo', 'Carter', 'DE', '2023-12-15'),
  ('c_011', 'm_004', 'noah.martin11@example.com', 'Noah', 'Martin', 'DE', '2023-07-30'),
  ('c_012', 'm_011', 'michael.hernandez12@example.com', 'Michael', 'Hernandez', 'GB', '2023-10-04'),
  ('c_013', 'm_015', 'emma.davis13@example.com', 'Emma', 'Davis', 'FR', '2023-09-28'),
  ('c_014', 'm_007', 'sophia.thomas14@example.com', 'Sophia', 'Thomas', 'GB', '2023-07-04'),
  ('c_015', 'm_015', 'william.carter15@example.com', 'William', 'Carter', 'DE', '2023-07-20'),
  ('c_016', 'm_020', 'nathan.scott16@example.com', 'Nathan', 'Scott', 'DE', '2023-09-11'),
  ('c_017', 'm_016', 'liam.ramirez17@example.com', 'Liam', 'Ramirez', 'DE', '2023-12-27'),
  ('c_018', 'm_005', 'stella.martin18@example.com', 'Stella', 'Martin', 'NL', '2023-10-24'),
  ('c_019', 'm_014', 'layla.lewis19@example.com', 'Layla', 'Lewis', 'GB', '2023-09-05'),
  ('c_020', 'm_006', 'william.perez20@example.com', 'William', 'Perez', 'GB', '2024-01-02'),
  ('c_021', 'm_007', 'nora.anderson21@example.com', 'Nora', 'Anderson', 'GB', '2023-06-28'),
  ('c_022', 'm_019', 'sophia.anderson22@example.com', 'Sophia', 'Anderson', 'GB', '2023-06-13'),
  ('c_023', 'm_010', 'william.allen23@example.com', 'William', 'Allen', 'DE', '2023-09-17'),
  ('c_024', 'm_020', 'penelope.wilson24@example.com', 'Penelope', 'Wilson', 'DE', '2024-01-08'),
  ('c_025', 'm_018', 'nathan.thomas25@example.com', 'Nathan', 'Thomas', 'NL', '2023-11-06'),
  ('c_026', 'm_005', 'benjamin.miller26@example.com', 'Benjamin', 'Miller', 'NL', '2023-10-16'),
  ('c_027', 'm_013', 'samuel.robinson27@example.com', 'Samuel', 'Robinson', 'GB', '2023-07-09'),
  ('c_028', 'm_002', 'lily.campbell28@example.com', 'Lily', 'Campbell', 'FR', '2023-07-13'),
  ('c_029', 'm_007', 'alexander.gonzalez29@example.com', 'Alexander', 'Gonzalez', 'NL', '2023-07-25'),
  ('c_030', 'm_013', 'amelia.moore30@example.com', 'Amelia', 'Moore', 'NL', '2023-09-06'),
  ('c_031', 'm_003', 'ryan.scott31@example.com', 'Ryan', 'Scott', 'GB', '2023-06-20'),
  ('c_032', 'm_020', 'isaac.smith32@example.com', 'Isaac', 'Smith', 'GB', '2023-08-31'),
  ('c_033', 'm_005', 'samuel.young33@example.com', 'Samuel', 'Young', 'NL', '2023-08-23'),
  ('c_034', 'm_012', 'sophia.hernandez34@example.com', 'Sophia', 'Hernandez', 'NL', '2023-06-01'),
  ('c_035', 'm_012', 'matthew.robinson35@example.com', 'Matthew', 'Robinson', 'FR', '2023-11-12'),
  ('c_036', 'm_017', 'mason.rivera36@example.com', 'Mason', 'Rivera', 'NL', '2023-07-31'),
  ('c_037', 'm_005', 'sebastian.wilson37@example.com', 'Sebastian', 'Wilson', 'GB', '2024-01-11'),
  ('c_038', 'm_016', 'sophia.mitchell38@example.com', 'Sophia', 'Mitchell', 'FR', '2023-06-23'),
  ('c_039', 'm_002', 'nora.walker39@example.com', 'Nora', 'Walker', 'DE', '2023-06-23'),
  ('c_040', 'm_016', 'ava.lopez40@example.com', 'Ava', 'Lopez', 'GB', '2023-06-27'),
  ('c_041', 'm_020', 'evelyn.sanchez41@example.com', 'Evelyn', 'Sanchez', 'GB', '2024-01-08'),
  ('c_042', 'm_007', 'nora.hill42@example.com', 'Nora', 'Hill', 'GB', '2023-07-02'),
  ('c_043', 'm_013', 'mason.nguyen43@example.com', 'Mason', 'Nguyen', 'FR', '2023-09-10'),
  ('c_044', 'm_005', 'mason.rivera44@example.com', 'Mason', 'Rivera', 'FR', '2023-09-01'),
  ('c_045', 'm_009', 'lily.rodriguez45@example.com', 'Lily', 'Rodriguez', 'FR', '2023-11-25'),
  ('c_046', 'm_009', 'michael.jones46@example.com', 'Michael', 'Jones', 'GB', '2023-11-25'),
  ('c_047', 'm_019', 'ethan.miller47@example.com', 'Ethan', 'Miller', 'GB', '2023-12-26'),
  ('c_048', 'm_005', 'leo.taylor48@example.com', 'Leo', 'Taylor', 'DE', '2023-10-14'),
  ('c_049', 'm_002', 'evelyn.white49@example.com', 'Evelyn', 'White', 'FR', '2023-08-01'),
  ('c_050', 'm_014', 'isaac.rivera50@example.com', 'Isaac', 'Rivera', 'FR', '2023-12-23');

INSERT INTO customers (customer_id, merchant_id, email, first_name, last_name, country, created_at) VALUES
  ('c_051', 'm_001', 'mason.scott51@example.com', 'Mason', 'Scott', 'FR', '2023-07-11'),
  ('c_052', 'm_004', 'matthew.davis52@example.com', 'Matthew', 'Davis', 'GB', '2024-01-01'),
  ('c_053', 'm_004', 'abigail.jackson53@example.com', 'Abigail', 'Jackson', 'DE', '2023-10-12'),
  ('c_054', 'm_005', 'ellie.green54@example.com', 'Ellie', 'Green', 'FR', '2023-12-14'),
  ('c_055', 'm_015', 'matthew.brown55@example.com', 'Matthew', 'Brown', 'GB', '2023-11-12'),
  ('c_056', 'm_009', 'oliver.smith56@example.com', 'Oliver', 'Smith', 'FR', '2023-07-21'),
  ('c_057', 'm_019', 'matthew.hernandez57@example.com', 'Matthew', 'Hernandez', 'NL', '2024-01-01'),
  ('c_058', 'm_014', 'riley.smith58@example.com', 'Riley', 'Smith', 'GB', '2023-06-30'),
  ('c_059', 'm_004', 'isaac.williams59@example.com', 'Isaac', 'Williams', 'FR', '2024-01-13'),
  ('c_060', 'm_017', 'charlotte.ramirez60@example.com', 'Charlotte', 'Ramirez', 'DE', '2023-06-17'),
  ('c_061', 'm_009', 'grace.williams61@example.com', 'Grace', 'Williams', 'FR', '2023-08-21'),
  ('c_062', 'm_007', 'mason.miller62@example.com', 'Mason', 'Miller', 'FR', '2024-01-04'),
  ('c_063', 'm_012', 'hannah.mitchell63@example.com', 'Hannah', 'Mitchell', 'DE', '2023-08-31'),
  ('c_064', 'm_005', 'amelia.clark64@example.com', 'Amelia', 'Clark', 'GB', '2023-08-09'),
  ('c_065', 'm_010', 'samuel.nelson65@example.com', 'Samuel', 'Nelson', 'DE', '2023-09-12'),
  ('c_066', 'm_004', 'logan.miller66@example.com', 'Logan', 'Miller', 'NL', '2023-06-16'),
  ('c_067', 'm_015', 'daniel.gonzalez67@example.com', 'Daniel', 'Gonzalez', 'NL', '2023-10-14'),
  ('c_068', 'm_009', 'daniel.anderson68@example.com', 'Daniel', 'Anderson', 'GB', '2023-08-15'),
  ('c_069', 'm_012', 'scarlett.moore69@example.com', 'Scarlett', 'Moore', 'GB', '2023-09-17'),
  ('c_070', 'm_010', 'aria.allen70@example.com', 'Aria', 'Allen', 'NL', '2023-12-26'),
  ('c_071', 'm_010', 'emma.davis71@example.com', 'Emma', 'Davis', 'FR', '2023-08-09'),
  ('c_072', 'm_018', 'matthew.williams72@example.com', 'Matthew', 'Williams', 'GB', '2023-11-16'),
  ('c_073', 'm_010', 'jacob.lee73@example.com', 'Jacob', 'Lee', 'NL', '2023-12-16'),
  ('c_074', 'm_004', 'owen.torres74@example.com', 'Owen', 'Torres', 'DE', '2023-09-07'),
  ('c_075', 'm_002', 'stella.ramirez75@example.com', 'Stella', 'Ramirez', 'GB', '2023-12-19'),
  ('c_076', 'm_016', 'ellie.campbell76@example.com', 'Ellie', 'Campbell', 'DE', '2023-10-20'),
  ('c_077', 'm_014', 'william.nelson77@example.com', 'William', 'Nelson', 'FR', '2023-09-30'),
  ('c_078', 'm_020', 'mia.campbell78@example.com', 'Mia', 'Campbell', 'FR', '2023-12-14'),
  ('c_079', 'm_009', 'mason.clark79@example.com', 'Mason', 'Clark', 'FR', '2023-11-04'),
  ('c_080', 'm_009', 'riley.rodriguez80@example.com', 'Riley', 'Rodriguez', 'DE', '2023-11-11'),
  ('c_081', 'm_020', 'owen.baker81@example.com', 'Owen', 'Baker', 'DE', '2024-01-08'),
  ('c_082', 'm_009', 'lily.scott82@example.com', 'Lily', 'Scott', 'GB', '2023-09-27'),
  ('c_083', 'm_009', 'harper.ramirez83@example.com', 'Harper', 'Ramirez', 'FR', '2023-11-28'),
  ('c_084', 'm_014', 'ryan.baker84@example.com', 'Ryan', 'Baker', 'DE', '2023-12-16'),
  ('c_085', 'm_015', 'aurora.hernandez85@example.com', 'Aurora', 'Hernandez', 'GB', '2023-09-19'),
  ('c_086', 'm_016', 'mason.green86@example.com', 'Mason', 'Green', 'FR', '2023-07-07'),
  ('c_087', 'm_007', 'ellie.martin87@example.com', 'Ellie', 'Martin', 'DE', '2023-08-17'),
  ('c_088', 'm_004', 'emma.williams88@example.com', 'Emma', 'Williams', 'DE', '2023-12-02'),
  ('c_089', 'm_019', 'violet.jones89@example.com', 'Violet', 'Jones', 'NL', '2023-11-08'),
  ('c_090', 'm_019', 'ethan.gonzalez90@example.com', 'Ethan', 'Gonzalez', 'NL', '2023-12-09'),
  ('c_091', 'm_012', 'evelyn.martinez91@example.com', 'Evelyn', 'Martinez', 'GB', '2023-07-12'),
  ('c_092', 'm_014', 'daniel.lopez92@example.com', 'Daniel', 'Lopez', 'NL', '2023-06-20'),
  ('c_093', 'm_017', 'evelyn.davis93@example.com', 'Evelyn', 'Davis', 'NL', '2023-07-22'),
  ('c_094', 'm_015', 'mason.king94@example.com', 'Mason', 'King', 'FR', '2023-11-19'),
  ('c_095', 'm_019', 'jacob.allen95@example.com', 'Jacob', 'Allen', 'NL', '2023-12-30'),
  ('c_096', 'm_015', 'henry.mitchell96@example.com', 'Henry', 'Mitchell', 'NL', '2023-11-22'),
  ('c_097', 'm_008', 'michael.thomas97@example.com', 'Michael', 'Thomas', 'FR', '2023-12-20'),
  ('c_098', 'm_015', 'noah.thomas98@example.com', 'Noah', 'Thomas', 'FR', '2023-11-18'),
  ('c_099', 'm_003', 'stella.jackson99@example.com', 'Stella', 'Jackson', 'DE', '2023-09-14'),
  ('c_100', 'm_010', 'jack.wright100@example.com', 'Jack', 'Wright', 'GB', '2023-07-24');

INSERT INTO customers (customer_id, merchant_id, email, first_name, last_name, country, created_at) VALUES
  ('c_101', 'm_004', 'daniel.harris101@example.com', 'Daniel', 'Harris', 'DE', '2023-08-23'),
  ('c_102', 'm_002', 'samuel.clark102@example.com', 'Samuel', 'Clark', 'FR', '2023-12-28'),
  ('c_103', 'm_015', 'samuel.brown103@example.com', 'Samuel', 'Brown', 'DE', '2023-11-11'),
  ('c_104', 'm_012', 'violet.nguyen104@example.com', 'Violet', 'Nguyen', 'GB', '2024-01-10'),
  ('c_105', 'm_011', 'nathan.smith105@example.com', 'Nathan', 'Smith', 'FR', '2023-09-24'),
  ('c_106', 'm_012', 'samuel.wright106@example.com', 'Samuel', 'Wright', 'DE', '2023-12-07'),
  ('c_107', 'm_006', 'abigail.ramirez107@example.com', 'Abigail', 'Ramirez', 'NL', '2023-06-12'),
  ('c_108', 'm_012', 'scarlett.nelson108@example.com', 'Scarlett', 'Nelson', 'NL', '2023-08-04'),
  ('c_109', 'm_015', 'lucas.flores109@example.com', 'Lucas', 'Flores', 'GB', '2023-11-01'),
  ('c_110', 'm_018', 'ethan.nelson110@example.com', 'Ethan', 'Nelson', 'GB', '2023-07-03'),
  ('c_111', 'm_020', 'chloe.rodriguez111@example.com', 'Chloe', 'Rodriguez', 'NL', '2023-08-10'),
  ('c_112', 'm_002', 'matthew.harris112@example.com', 'Matthew', 'Harris', 'FR', '2023-08-22'),
  ('c_113', 'm_015', 'jack.perez113@example.com', 'Jack', 'Perez', 'NL', '2023-09-17'),
  ('c_114', 'm_013', 'matthew.garcia114@example.com', 'Matthew', 'Garcia', 'NL', '2023-06-08'),
  ('c_115', 'm_016', 'sophia.thompson115@example.com', 'Sophia', 'Thompson', 'DE', '2023-06-27'),
  ('c_116', 'm_020', 'oliver.carter116@example.com', 'Oliver', 'Carter', 'GB', '2023-09-05'),
  ('c_117', 'm_005', 'emma.flores117@example.com', 'Emma', 'Flores', 'DE', '2023-09-01'),
  ('c_118', 'm_004', 'nathan.nelson118@example.com', 'Nathan', 'Nelson', 'GB', '2024-01-06'),
  ('c_119', 'm_006', 'zoey.hall119@example.com', 'Zoey', 'Hall', 'FR', '2023-10-22'),
  ('c_120', 'm_005', 'liam.hill120@example.com', 'Liam', 'Hill', 'GB', '2023-08-03'),
  ('c_121', 'm_009', 'benjamin.nguyen121@example.com', 'Benjamin', 'Nguyen', 'GB', '2023-09-30'),
  ('c_122', 'm_018', 'ellie.harris122@example.com', 'Ellie', 'Harris', 'NL', '2023-08-17'),
  ('c_123', 'm_003', 'nora.hall123@example.com', 'Nora', 'Hall', 'DE', '2023-07-10'),
  ('c_124', 'm_009', 'ellie.hill124@example.com', 'Ellie', 'Hill', 'GB', '2024-01-06'),
  ('c_125', 'm_002', 'aiden.wright125@example.com', 'Aiden', 'Wright', 'NL', '2023-10-22'),
  ('c_126', 'm_002', 'leo.adams126@example.com', 'Leo', 'Adams', 'FR', '2023-06-05'),
  ('c_127', 'm_013', 'penelope.miller127@example.com', 'Penelope', 'Miller', 'NL', '2023-10-19'),
  ('c_128', 'm_019', 'zoey.rivera128@example.com', 'Zoey', 'Rivera', 'DE', '2023-11-17'),
  ('c_129', 'm_005', 'jacob.king129@example.com', 'Jacob', 'King', 'FR', '2023-12-27'),
  ('c_130', 'm_015', 'zoey.ramirez130@example.com', 'Zoey', 'Ramirez', 'FR', '2023-10-04'),
  ('c_131', 'm_007', 'ava.moore131@example.com', 'Ava', 'Moore', 'NL', '2023-09-03'),
  ('c_132', 'm_015', 'ethan.flores132@example.com', 'Ethan', 'Flores', 'NL', '2023-10-09'),
  ('c_133', 'm_002', 'penelope.lee133@example.com', 'Penelope', 'Lee', 'DE', '2023-12-07'),
  ('c_134', 'm_005', 'aiden.taylor134@example.com', 'Aiden', 'Taylor', 'FR', '2023-09-17'),
  ('c_135', 'm_019', 'logan.moore135@example.com', 'Logan', 'Moore', 'GB', '2023-12-18'),
  ('c_136', 'm_005', 'ava.thomas136@example.com', 'Ava', 'Thomas', 'NL', '2023-12-07'),
  ('c_137', 'm_017', 'michael.thomas137@example.com', 'Michael', 'Thomas', 'NL', '2023-12-08'),
  ('c_138', 'm_015', 'emma.garcia138@example.com', 'Emma', 'Garcia', 'FR', '2023-08-26'),
  ('c_139', 'm_012', 'logan.thomas139@example.com', 'Logan', 'Thomas', 'FR', '2024-01-12'),
  ('c_140', 'm_011', 'nathan.scott140@example.com', 'Nathan', 'Scott', 'FR', '2023-11-13'),
  ('c_141', 'm_017', 'scarlett.thompson141@example.com', 'Scarlett', 'Thompson', 'NL', '2023-09-14'),
  ('c_142', 'm_009', 'matthew.anderson142@example.com', 'Matthew', 'Anderson', 'GB', '2023-08-14'),
  ('c_143', 'm_009', 'mia.mitchell143@example.com', 'Mia', 'Mitchell', 'DE', '2023-08-14'),
  ('c_144', 'm_005', 'aurora.walker144@example.com', 'Aurora', 'Walker', 'FR', '2023-12-21'),
  ('c_145', 'm_019', 'sebastian.miller145@example.com', 'Sebastian', 'Miller', 'DE', '2023-09-24'),
  ('c_146', 'm_006', 'grace.lopez146@example.com', 'Grace', 'Lopez', 'FR', '2023-06-06'),
  ('c_147', 'm_016', 'lucas.moore147@example.com', 'Lucas', 'Moore', 'GB', '2023-06-22'),
  ('c_148', 'm_017', 'sebastian.hall148@example.com', 'Sebastian', 'Hall', 'DE', '2023-12-08'),
  ('c_149', 'm_003', 'james.torres149@example.com', 'James', 'Torres', 'FR', '2023-11-30'),
  ('c_150', 'm_015', 'ryan.perez150@example.com', 'Ryan', 'Perez', 'DE', '2023-06-20');

INSERT INTO customers (customer_id, merchant_id, email, first_name, last_name, country, created_at) VALUES
  ('c_151', 'm_008', 'nathan.davis151@example.com', 'Nathan', 'Davis', 'GB', '2023-11-03'),
  ('c_152', 'm_016', 'william.torres152@example.com', 'William', 'Torres', 'GB', '2023-07-29'),
  ('c_153', 'm_004', 'ethan.martin153@example.com', 'Ethan', 'Martin', 'GB', '2023-09-05'),
  ('c_154', 'm_004', 'riley.carter154@example.com', 'Riley', 'Carter', 'NL', '2023-08-27'),
  ('c_155', 'm_016', 'owen.lewis155@example.com', 'Owen', 'Lewis', 'NL', '2023-09-24'),
  ('c_156', 'm_018', 'chloe.martin156@example.com', 'Chloe', 'Martin', 'GB', '2023-07-09'),
  ('c_157', 'm_005', 'noah.wilson157@example.com', 'Noah', 'Wilson', 'FR', '2023-07-02'),
  ('c_158', 'm_004', 'evelyn.lopez158@example.com', 'Evelyn', 'Lopez', 'GB', '2023-07-31'),
  ('c_159', 'm_001', 'samuel.lewis159@example.com', 'Samuel', 'Lewis', 'NL', '2023-09-22'),
  ('c_160', 'm_002', 'daniel.jackson160@example.com', 'Daniel', 'Jackson', 'FR', '2023-11-24'),
  ('c_161', 'm_002', 'ellie.anderson161@example.com', 'Ellie', 'Anderson', 'FR', '2023-08-16'),
  ('c_162', 'm_014', 'mia.wright162@example.com', 'Mia', 'Wright', 'DE', '2023-07-28'),
  ('c_163', 'm_009', 'charlotte.jones163@example.com', 'Charlotte', 'Jones', 'GB', '2023-08-04'),
  ('c_164', 'm_009', 'liam.mitchell164@example.com', 'Liam', 'Mitchell', 'FR', '2023-11-18'),
  ('c_165', 'm_004', 'zoey.hall165@example.com', 'Zoey', 'Hall', 'FR', '2023-11-04'),
  ('c_166', 'm_009', 'leo.wright166@example.com', 'Leo', 'Wright', 'NL', '2023-11-18'),
  ('c_167', 'm_003', 'liam.williams167@example.com', 'Liam', 'Williams', 'NL', '2023-10-04'),
  ('c_168', 'm_019', 'matthew.johnson168@example.com', 'Matthew', 'Johnson', 'GB', '2023-08-28'),
  ('c_169', 'm_020', 'ethan.nguyen169@example.com', 'Ethan', 'Nguyen', 'GB', '2023-09-13'),
  ('c_170', 'm_018', 'oliver.carter170@example.com', 'Oliver', 'Carter', 'DE', '2023-11-30'),
  ('c_171', 'm_016', 'aria.lewis171@example.com', 'Aria', 'Lewis', 'FR', '2023-08-10'),
  ('c_172', 'm_018', 'chloe.green172@example.com', 'Chloe', 'Green', 'NL', '2023-07-06'),
  ('c_173', 'm_015', 'aiden.clark173@example.com', 'Aiden', 'Clark', 'FR', '2023-10-03'),
  ('c_174', 'm_020', 'benjamin.hernandez174@example.com', 'Benjamin', 'Hernandez', 'FR', '2023-11-07'),
  ('c_175', 'm_016', 'sebastian.nelson175@example.com', 'Sebastian', 'Nelson', 'NL', '2023-12-31'),
  ('c_176', 'm_002', 'zoey.garcia176@example.com', 'Zoey', 'Garcia', 'FR', '2023-09-07'),
  ('c_177', 'm_010', 'mia.roberts177@example.com', 'Mia', 'Roberts', 'NL', '2023-12-17'),
  ('c_178', 'm_001', 'mason.wright178@example.com', 'Mason', 'Wright', 'NL', '2023-11-08'),
  ('c_179', 'm_002', 'alexander.king179@example.com', 'Alexander', 'King', 'FR', '2023-12-11'),
  ('c_180', 'm_019', 'ryan.carter180@example.com', 'Ryan', 'Carter', 'GB', '2023-08-19'),
  ('c_181', 'm_009', 'riley.rodriguez181@example.com', 'Riley', 'Rodriguez', 'FR', '2023-11-18'),
  ('c_182', 'm_015', 'mia.johnson182@example.com', 'Mia', 'Johnson', 'DE', '2023-08-01'),
  ('c_183', 'm_009', 'riley.smith183@example.com', 'Riley', 'Smith', 'NL', '2023-07-07'),
  ('c_184', 'm_006', 'mia.robinson184@example.com', 'Mia', 'Robinson', 'GB', '2023-07-30'),
  ('c_185', 'm_016', 'stella.jackson185@example.com', 'Stella', 'Jackson', 'FR', '2023-11-09'),
  ('c_186', 'm_015', 'nathan.thomas186@example.com', 'Nathan', 'Thomas', 'NL', '2024-01-01'),
  ('c_187', 'm_004', 'owen.gonzalez187@example.com', 'Owen', 'Gonzalez', 'DE', '2023-06-28'),
  ('c_188', 'm_009', 'violet.clark188@example.com', 'Violet', 'Clark', 'FR', '2023-12-15'),
  ('c_189', 'm_009', 'james.jackson189@example.com', 'James', 'Jackson', 'FR', '2024-01-12'),
  ('c_190', 'm_020', 'penelope.martinez190@example.com', 'Penelope', 'Martinez', 'NL', '2023-12-27'),
  ('c_191', 'm_015', 'aiden.perez191@example.com', 'Aiden', 'Perez', 'NL', '2023-11-24'),
  ('c_192', 'm_009', 'alexander.hall192@example.com', 'Alexander', 'Hall', 'DE', '2024-01-09'),
  ('c_193', 'm_011', 'daniel.roberts193@example.com', 'Daniel', 'Roberts', 'NL', '2023-06-17'),
  ('c_194', 'm_009', 'aurora.walker194@example.com', 'Aurora', 'Walker', 'NL', '2023-10-28'),
  ('c_195', 'm_020', 'aria.martinez195@example.com', 'Aria', 'Martinez', 'NL', '2023-06-15'),
  ('c_196', 'm_004', 'leo.nguyen196@example.com', 'Leo', 'Nguyen', 'FR', '2023-07-09'),
  ('c_197', 'm_014', 'benjamin.king197@example.com', 'Benjamin', 'King', 'NL', '2023-06-06'),
  ('c_198', 'm_004', 'samuel.adams198@example.com', 'Samuel', 'Adams', 'DE', '2023-06-30'),
  ('c_199', 'm_015', 'matthew.perez199@example.com', 'Matthew', 'Perez', 'NL', '2023-07-02'),
  ('c_200', 'm_010', 'ellie.wright200@example.com', 'Ellie', 'Wright', 'NL', '2023-10-01');

INSERT INTO customers (customer_id, merchant_id, email, first_name, last_name, country, created_at) VALUES
  ('c_201', 'm_019', 'stella.carter201@example.com', 'Stella', 'Carter', 'NL', '2023-12-28'),
  ('c_202', 'm_002', 'hannah.jones202@example.com', 'Hannah', 'Jones', 'DE', '2023-09-20'),
  ('c_203', 'm_006', 'aurora.garcia203@example.com', 'Aurora', 'Garcia', 'NL', '2023-07-09'),
  ('c_204', 'm_019', 'stella.miller204@example.com', 'Stella', 'Miller', 'NL', '2023-08-04'),
  ('c_205', 'm_009', 'emma.williams205@example.com', 'Emma', 'Williams', 'FR', '2023-06-22'),
  ('c_206', 'm_009', 'aiden.white206@example.com', 'Aiden', 'White', 'NL', '2023-07-27'),
  ('c_207', 'm_007', 'layla.clark207@example.com', 'Layla', 'Clark', 'DE', '2023-08-06'),
  ('c_208', 'm_005', 'ava.flores208@example.com', 'Ava', 'Flores', 'NL', '2023-09-02'),
  ('c_209', 'm_016', 'nora.martinez209@example.com', 'Nora', 'Martinez', 'DE', '2023-11-27'),
  ('c_210', 'm_019', 'matthew.robinson210@example.com', 'Matthew', 'Robinson', 'FR', '2023-06-04'),
  ('c_211', 'm_015', 'sebastian.baker211@example.com', 'Sebastian', 'Baker', 'DE', '2023-06-29'),
  ('c_212', 'm_014', 'aiden.nguyen212@example.com', 'Aiden', 'Nguyen', 'FR', '2023-11-12'),
  ('c_213', 'm_007', 'zoey.martin213@example.com', 'Zoey', 'Martin', 'DE', '2023-10-28'),
  ('c_214', 'm_015', 'benjamin.thomas214@example.com', 'Benjamin', 'Thomas', 'NL', '2024-01-09'),
  ('c_215', 'm_011', 'ethan.jackson215@example.com', 'Ethan', 'Jackson', 'FR', '2023-06-09'),
  ('c_216', 'm_020', 'lily.moore216@example.com', 'Lily', 'Moore', 'GB', '2024-01-06'),
  ('c_217', 'm_002', 'liam.mitchell217@example.com', 'Liam', 'Mitchell', 'NL', '2023-09-20'),
  ('c_218', 'm_007', 'liam.thompson218@example.com', 'Liam', 'Thompson', 'DE', '2023-08-13'),
  ('c_219', 'm_019', 'matthew.baker219@example.com', 'Matthew', 'Baker', 'DE', '2023-07-08'),
  ('c_220', 'm_019', 'aria.williams220@example.com', 'Aria', 'Williams', 'FR', '2023-11-19'),
  ('c_221', 'm_002', 'nora.white221@example.com', 'Nora', 'White', 'DE', '2023-07-06'),
  ('c_222', 'm_009', 'jack.mitchell222@example.com', 'Jack', 'Mitchell', 'NL', '2023-08-08'),
  ('c_223', 'm_005', 'lucas.wright223@example.com', 'Lucas', 'Wright', 'FR', '2023-12-24'),
  ('c_224', 'm_016', 'abigail.hernandez224@example.com', 'Abigail', 'Hernandez', 'FR', '2023-12-05'),
  ('c_225', 'm_009', 'aurora.perez225@example.com', 'Aurora', 'Perez', 'GB', '2023-11-29'),
  ('c_226', 'm_003', 'charlotte.carter226@example.com', 'Charlotte', 'Carter', 'DE', '2023-11-02'),
  ('c_227', 'm_017', 'grace.garcia227@example.com', 'Grace', 'Garcia', 'NL', '2023-06-06'),
  ('c_228', 'm_009', 'isaac.davis228@example.com', 'Isaac', 'Davis', 'NL', '2023-10-22'),
  ('c_229', 'm_020', 'aurora.baker229@example.com', 'Aurora', 'Baker', 'FR', '2023-10-26'),
  ('c_230', 'm_019', 'grace.miller230@example.com', 'Grace', 'Miller', 'DE', '2023-12-01'),
  ('c_231', 'm_002', 'hannah.scott231@example.com', 'Hannah', 'Scott', 'FR', '2023-08-25'),
  ('c_232', 'm_020', 'william.green232@example.com', 'William', 'Green', 'NL', '2023-09-26'),
  ('c_233', 'm_020', 'samuel.davis233@example.com', 'Samuel', 'Davis', 'DE', '2023-06-18'),
  ('c_234', 'm_002', 'ella.young234@example.com', 'Ella', 'Young', 'GB', '2023-07-08'),
  ('c_235', 'm_007', 'isaac.rodriguez235@example.com', 'Isaac', 'Rodriguez', 'NL', '2023-11-24'),
  ('c_236', 'm_011', 'mason.mitchell236@example.com', 'Mason', 'Mitchell', 'NL', '2023-07-31'),
  ('c_237', 'm_013', 'aria.miller237@example.com', 'Aria', 'Miller', 'NL', '2023-11-06'),
  ('c_238', 'm_009', 'oliver.hall238@example.com', 'Oliver', 'Hall', 'FR', '2023-08-24'),
  ('c_239', 'm_014', 'ryan.thomas239@example.com', 'Ryan', 'Thomas', 'FR', '2023-07-09'),
  ('c_240', 'm_011', 'isaac.adams240@example.com', 'Isaac', 'Adams', 'FR', '2023-06-24'),
  ('c_241', 'm_012', 'abigail.gonzalez241@example.com', 'Abigail', 'Gonzalez', 'GB', '2023-11-24'),
  ('c_242', 'm_003', 'mason.wilson242@example.com', 'Mason', 'Wilson', 'GB', '2023-06-20'),
  ('c_243', 'm_010', 'evelyn.rodriguez243@example.com', 'Evelyn', 'Rodriguez', 'DE', '2023-06-27'),
  ('c_244', 'm_017', 'harper.nguyen244@example.com', 'Harper', 'Nguyen', 'DE', '2023-08-30'),
  ('c_245', 'm_010', 'violet.martinez245@example.com', 'Violet', 'Martinez', 'GB', '2023-09-16'),
  ('c_246', 'm_004', 'lucas.wright246@example.com', 'Lucas', 'Wright', 'FR', '2023-08-07'),
  ('c_247', 'm_004', 'mason.johnson247@example.com', 'Mason', 'Johnson', 'DE', '2023-06-06'),
  ('c_248', 'm_011', 'evelyn.nguyen248@example.com', 'Evelyn', 'Nguyen', 'FR', '2023-06-07'),
  ('c_249', 'm_005', 'matthew.brown249@example.com', 'Matthew', 'Brown', 'DE', '2023-11-11'),
  ('c_250', 'm_016', 'mia.mitchell250@example.com', 'Mia', 'Mitchell', 'GB', '2023-12-02');

INSERT INTO customers (customer_id, merchant_id, email, first_name, last_name, country, created_at) VALUES
  ('c_251', 'm_015', 'violet.white251@example.com', 'Violet', 'White', 'GB', '2023-11-23'),
  ('c_252', 'm_016', 'daniel.flores252@example.com', 'Daniel', 'Flores', 'GB', '2023-12-20'),
  ('c_253', 'm_009', 'zoey.adams253@example.com', 'Zoey', 'Adams', 'GB', '2023-06-24'),
  ('c_254', 'm_015', 'lily.ramirez254@example.com', 'Lily', 'Ramirez', 'GB', '2023-12-08'),
  ('c_255', 'm_014', 'william.garcia255@example.com', 'William', 'Garcia', 'FR', '2023-07-28'),
  ('c_256', 'm_002', 'lucas.moore256@example.com', 'Lucas', 'Moore', 'FR', '2023-10-26'),
  ('c_257', 'm_019', 'layla.jackson257@example.com', 'Layla', 'Jackson', 'NL', '2023-12-14'),
  ('c_258', 'm_019', 'chloe.miller258@example.com', 'Chloe', 'Miller', 'GB', '2024-01-01'),
  ('c_259', 'm_005', 'chloe.lewis259@example.com', 'Chloe', 'Lewis', 'DE', '2023-11-08'),
  ('c_260', 'm_010', 'zoey.sanchez260@example.com', 'Zoey', 'Sanchez', 'NL', '2023-07-07'),
  ('c_261', 'm_009', 'chloe.lee261@example.com', 'Chloe', 'Lee', 'FR', '2023-10-24'),
  ('c_262', 'm_004', 'ellie.walker262@example.com', 'Ellie', 'Walker', 'GB', '2023-07-06'),
  ('c_263', 'm_003', 'ava.ramirez263@example.com', 'Ava', 'Ramirez', 'GB', '2023-10-23'),
  ('c_264', 'm_004', 'riley.brown264@example.com', 'Riley', 'Brown', 'FR', '2023-07-18'),
  ('c_265', 'm_013', 'aiden.nelson265@example.com', 'Aiden', 'Nelson', 'NL', '2023-06-20'),
  ('c_266', 'm_009', 'liam.martin266@example.com', 'Liam', 'Martin', 'FR', '2023-07-11'),
  ('c_267', 'm_018', 'leo.wilson267@example.com', 'Leo', 'Wilson', 'DE', '2023-12-05'),
  ('c_268', 'm_006', 'benjamin.thompson268@example.com', 'Benjamin', 'Thompson', 'FR', '2023-07-15'),
  ('c_269', 'm_009', 'ethan.anderson269@example.com', 'Ethan', 'Anderson', 'NL', '2024-01-04'),
  ('c_270', 'm_019', 'hannah.baker270@example.com', 'Hannah', 'Baker', 'GB', '2023-09-12'),
  ('c_271', 'm_002', 'amelia.moore271@example.com', 'Amelia', 'Moore', 'FR', '2023-10-10'),
  ('c_272', 'm_010', 'james.lopez272@example.com', 'James', 'Lopez', 'DE', '2024-01-06'),
  ('c_273', 'm_020', 'lily.jones273@example.com', 'Lily', 'Jones', 'DE', '2023-06-12'),
  ('c_274', 'm_003', 'aurora.king274@example.com', 'Aurora', 'King', 'DE', '2023-10-25'),
  ('c_275', 'm_013', 'zoey.perez275@example.com', 'Zoey', 'Perez', 'DE', '2023-10-22'),
  ('c_276', 'm_009', 'jacob.lee276@example.com', 'Jacob', 'Lee', 'GB', '2023-06-21'),
  ('c_277', 'm_004', 'henry.carter277@example.com', 'Henry', 'Carter', 'GB', '2023-07-02'),
  ('c_278', 'm_009', 'ryan.nelson278@example.com', 'Ryan', 'Nelson', 'NL', '2023-12-06'),
  ('c_279', 'm_019', 'ryan.clark279@example.com', 'Ryan', 'Clark', 'FR', '2023-08-23'),
  ('c_280', 'm_016', 'mia.thompson280@example.com', 'Mia', 'Thompson', 'NL', '2023-07-14'),
  ('c_281', 'm_009', 'ellie.baker281@example.com', 'Ellie', 'Baker', 'NL', '2023-12-22'),
  ('c_282', 'm_020', 'ella.williams282@example.com', 'Ella', 'Williams', 'DE', '2023-11-01'),
  ('c_283', 'm_019', 'sophia.smith283@example.com', 'Sophia', 'Smith', 'DE', '2023-09-26'),
  ('c_284', 'm_005', 'violet.rodriguez284@example.com', 'Violet', 'Rodriguez', 'FR', '2023-09-21'),
  ('c_285', 'm_010', 'mia.smith285@example.com', 'Mia', 'Smith', 'NL', '2023-11-15'),
  ('c_286', 'm_005', 'lucas.harris286@example.com', 'Lucas', 'Harris', 'DE', '2023-12-12'),
  ('c_287', 'm_017', 'mason.thompson287@example.com', 'Mason', 'Thompson', 'GB', '2023-11-02'),
  ('c_288', 'm_002', 'chloe.johnson288@example.com', 'Chloe', 'Johnson', 'NL', '2023-07-01'),
  ('c_289', 'm_009', 'ethan.ramirez289@example.com', 'Ethan', 'Ramirez', 'NL', '2023-11-10'),
  ('c_290', 'm_009', 'mia.sanchez290@example.com', 'Mia', 'Sanchez', 'GB', '2023-10-05'),
  ('c_291', 'm_005', 'hannah.robinson291@example.com', 'Hannah', 'Robinson', 'FR', '2023-07-05'),
  ('c_292', 'm_014', 'benjamin.thomas292@example.com', 'Benjamin', 'Thomas', 'NL', '2023-11-03'),
  ('c_293', 'm_016', 'ava.sanchez293@example.com', 'Ava', 'Sanchez', 'FR', '2023-10-10'),
  ('c_294', 'm_006', 'scarlett.roberts294@example.com', 'Scarlett', 'Roberts', 'DE', '2023-06-30'),
  ('c_295', 'm_016', 'noah.davis295@example.com', 'Noah', 'Davis', 'DE', '2023-10-14'),
  ('c_296', 'm_010', 'jacob.adams296@example.com', 'Jacob', 'Adams', 'DE', '2023-08-31'),
  ('c_297', 'm_003', 'charlotte.taylor297@example.com', 'Charlotte', 'Taylor', 'DE', '2023-08-07'),
  ('c_298', 'm_019', 'charlotte.carter298@example.com', 'Charlotte', 'Carter', 'GB', '2023-08-08'),
  ('c_299', 'm_019', 'penelope.robinson299@example.com', 'Penelope', 'Robinson', 'NL', '2024-01-06'),
  ('c_300', 'm_020', 'noah.flores300@example.com', 'Noah', 'Flores', 'FR', '2023-10-01');

-- Transactions
INSERT INTO transactions (transaction_id, merchant_id, customer_id, amount, transaction_date, status, payment_method) VALUES
  ('txn_001', 'm_007', 'c_131', 38.8, '2024-01-15 08:31:37', 'completed', 'card'),
  ('txn_002', 'm_002', 'c_176', 256.13, '2024-01-02 09:08:27', 'completed', 'bank_transfer'),
  ('txn_003', 'm_015', 'c_109', 42.98, '2024-01-10 07:58:38', 'completed', 'wallet'),
  ('txn_004', 'm_018', 'c_267', 477.34, '2024-01-14 21:00:50', 'failed', 'card'),
  ('txn_005', 'm_009', 'c_188', 304.48, '2024-01-11 22:26:55', 'completed', 'card'),
  ('txn_006', 'm_006', 'c_203', 491.28, '2024-01-01 22:48:06', 'completed', 'wallet'),
  ('txn_007', 'm_010', 'c_272', 221.69, '2024-01-04 20:28:34', 'completed', 'wallet'),
  ('txn_008', 'm_015', 'c_130', 459.38, '2024-01-15 12:17:37', 'completed', 'bank_transfer'),
  ('txn_009', 'm_002', 'c_288', 325.42, '2024-01-10 09:11:23', 'completed', 'card'),
  ('txn_010', 'm_013', 'c_127', 363.25, '2024-01-09 02:11:50', 'completed', 'wallet'),
  ('txn_011', 'm_003', 'c_297', 333.49, '2024-01-10 12:19:55', 'completed', 'card'),
  ('txn_012', 'm_007', 'c_213', 355.87, '2024-01-08 23:21:05', 'completed', 'card'),
  ('txn_013', 'm_007', 'c_218', 352.9, '2024-01-11 06:39:07', 'failed', 'wallet'),
  ('txn_014', 'm_015', 'c_013', 184.49, '2024-01-12 19:16:24', 'completed', 'card'),
  ('txn_015', 'm_009', 'c_143', 499.99, '2024-01-03 10:55:07', 'completed', 'card'),
  ('txn_016', 'm_002', 'c_161', 438.81, '2024-01-04 17:51:31', 'completed', 'card'),
  ('txn_017', 'm_008', 'c_010', 416.52, '2024-01-05 00:26:00', 'refunded', 'wallet'),
  ('txn_018', 'm_018', 'c_003', 208.38, '2024-01-15 19:41:51', 'pending', 'card'),
  ('txn_019', 'm_013', 'c_275', 120.83, '2024-01-12 09:13:17', 'completed', 'card'),
  ('txn_020', 'm_009', 'c_194', 340.76, '2024-01-07 20:08:38', 'completed', 'bank_transfer'),
  ('txn_021', 'm_016', 'c_252', 266.09, '2024-01-04 08:37:22', 'completed', 'card'),
  ('txn_022', 'm_011', 'c_012', 322.38, '2024-01-13 12:32:20', 'completed', 'wallet'),
  ('txn_023', 'm_006', 'c_184', 46.52, '2024-01-13 11:02:58', 'completed', 'card'),
  ('txn_024', 'm_007', 'c_087', 50.4, '2024-01-01 15:32:11', 'completed', 'bank_transfer'),
  ('txn_025', 'm_017', 'c_036', 201.24, '2024-01-02 23:32:19', 'completed', 'card'),
  ('txn_026', 'm_015', 'c_098', 18.95, '2024-01-04 08:09:27', 'completed', 'card'),
  ('txn_027', 'm_002', 'c_160', 459.11, '2024-01-12 09:16:35', 'completed', 'card'),
  ('txn_028', 'm_018', 'c_003', 453.4, '2024-01-04 15:06:05', 'completed', 'card'),
  ('txn_029', 'm_017', 'c_060', 389.21, '2024-01-06 18:54:03', 'completed', 'card'),
  ('txn_030', 'm_017', 'c_244', 36.09, '2024-01-13 12:13:41', 'completed', 'wallet'),
  ('txn_031', 'm_010', 'c_272', 76.07, '2024-01-06 20:08:19', 'completed', 'card'),
  ('txn_032', 'm_017', 'c_093', 333.86, '2024-01-02 15:25:33', 'completed', 'wallet'),
  ('txn_033', 'm_001', 'c_159', 437.3, '2024-01-07 03:45:43', 'completed', 'bank_transfer'),
  ('txn_034', 'm_001', 'c_159', 395.32, '2024-01-03 12:23:18', 'completed', 'card'),
  ('txn_035', 'm_014', 'c_058', 26.95, '2024-01-05 05:59:48', 'completed', 'card'),
  ('txn_036', 'm_018', 'c_172', 317.71, '2024-01-12 02:37:03', 'completed', 'card'),
  ('txn_037', 'm_002', 'c_160', 104.79, '2024-01-08 12:37:56', 'completed', 'card'),
  ('txn_038', 'm_016', 'c_280', 239.33, '2024-01-02 03:50:52', 'completed', 'card'),
  ('txn_039', 'm_014', 'c_084', 66.62, '2024-01-11 16:09:54', 'completed', 'bank_transfer'),
  ('txn_040', 'm_016', 'c_171', 486.99, '2024-01-13 14:30:00', 'completed', 'bank_transfer'),
  ('txn_041', 'm_011', 'c_105', 364.91, '2024-01-05 09:07:24', 'completed', 'bank_transfer'),
  ('txn_042', 'm_013', 'c_237', 55.79, '2024-01-15 15:03:09', 'completed', 'card'),
  ('txn_043', 'm_017', 'c_093', 346.43, '2024-01-09 00:04:00', 'completed', 'bank_transfer'),
  ('txn_044', 'm_017', 'c_141', 321.54, '2024-01-10 20:38:04', 'completed', 'card'),
  ('txn_045', 'm_015', 'c_182', 401.54, '2024-01-04 11:10:30', 'pending', 'card'),
  ('txn_046', 'm_018', 'c_003', 67.48, '2024-01-14 18:26:38', 'completed', 'card'),
  ('txn_047', 'm_002', 'c_271', 80.95, '2024-01-02 20:47:20', 'completed', 'card'),
  ('txn_048', 'm_007', 'c_207', 186.64, '2024-01-03 18:05:18', 'completed', 'card'),
  ('txn_049', 'm_001', 'c_178', 97.09, '2024-01-03 20:36:02', 'completed', 'bank_transfer'),
  ('txn_050', 'm_011', 'c_215', 353.5, '2024-01-12 22:08:41', 'completed', 'wallet');

INSERT INTO transactions (transaction_id, merchant_id, customer_id, amount, transaction_date, status, payment_method) VALUES
  ('txn_051', 'm_009', 'c_079', 72.19, '2024-01-11 19:17:45', 'completed', 'bank_transfer'),
  ('txn_052', 'm_003', 'c_226', 335.58, '2024-01-08 01:08:53', 'failed', 'card'),
  ('txn_053', 'm_013', 'c_043', 357.35, '2024-01-13 08:22:18', 'pending', 'card'),
  ('txn_054', 'm_010', 'c_065', 492.64, '2024-01-01 15:18:41', 'completed', 'card'),
  ('txn_055', 'm_015', 'c_186', 288.28, '2024-01-03 02:13:26', 'completed', 'wallet'),
  ('txn_056', 'm_003', 'c_167', 202.09, '2024-01-10 22:30:44', 'failed', 'bank_transfer'),
  ('txn_057', 'm_003', 'c_123', 486.33, '2024-01-13 13:23:02', 'completed', 'card'),
  ('txn_058', 'm_015', 'c_085', 439.59, '2024-01-05 10:00:04', 'refunded', 'wallet'),
  ('txn_059', 'm_007', 'c_087', 253.92, '2024-01-08 09:09:55', 'completed', 'card'),
  ('txn_060', 'm_008', 'c_010', 164.72, '2024-01-13 14:16:47', 'failed', 'card'),
  ('txn_061', 'm_013', 'c_030', 129.05, '2024-01-08 08:24:29', 'completed', 'wallet'),
  ('txn_062', 'm_003', 'c_274', 322.29, '2024-01-15 16:31:08', 'completed', 'wallet'),
  ('txn_063', 'm_014', 'c_239', 25.39, '2024-01-13 23:53:00', 'completed', 'card'),
  ('txn_064', 'm_009', 'c_281', 211.21, '2024-01-14 05:49:18', 'completed', 'card'),
  ('txn_065', 'm_013', 'c_127', 244.06, '2024-01-02 18:30:35', 'pending', 'bank_transfer'),
  ('txn_066', 'm_002', 'c_112', 222.6, '2024-01-15 17:24:18', 'completed', 'bank_transfer'),
  ('txn_067', 'm_007', 'c_062', 431.44, '2024-01-04 04:10:36', 'completed', 'card'),
  ('txn_068', 'm_015', 'c_182', 283.02, '2024-01-07 11:48:48', 'completed', 'card'),
  ('txn_069', 'm_018', 'c_110', 74.73, '2024-01-15 22:29:00', 'completed', 'card'),
  ('txn_070', 'm_017', 'c_137', 481.53, '2024-01-08 14:10:10', 'completed', 'card'),
  ('txn_071', 'm_009', 'c_083', 251.64, '2024-01-08 11:44:16', 'completed', 'bank_transfer'),
  ('txn_072', 'm_019', 'c_022', 49.57, '2024-01-06 20:14:04', 'completed', 'wallet'),
  ('txn_073', 'm_009', 'c_289', 179.68, '2024-01-12 10:08:12', 'completed', 'card'),
  ('txn_074', 'm_013', 'c_027', 424.35, '2024-01-09 21:04:51', 'completed', 'card'),
  ('txn_075', 'm_016', 'c_175', 27.39, '2024-01-09 19:11:07', 'completed', 'wallet'),
  ('txn_076', 'm_013', 'c_030', 196.24, '2024-01-15 19:57:30', 'completed', 'wallet'),
  ('txn_077', 'm_006', 'c_119', 487.67, '2024-01-09 05:31:53', 'completed', 'card'),
  ('txn_078', 'm_015', 'c_085', 103.53, '2024-01-02 02:23:28', 'completed', 'bank_transfer'),
  ('txn_079', 'm_002', 'c_102', 358.23, '2024-01-15 17:10:20', 'completed', 'wallet'),
  ('txn_080', 'm_007', 'c_062', 466.03, '2024-01-15 23:08:15', 'completed', 'card'),
  ('txn_081', 'm_013', 'c_237', 256.12, '2024-01-14 15:55:37', 'completed', 'wallet'),
  ('txn_082', 'm_013', 'c_275', 408.8, '2024-01-11 02:39:08', 'completed', 'card'),
  ('txn_083', 'm_013', 'c_027', 300.47, '2024-01-02 05:54:59', 'completed', 'wallet'),
  ('txn_084', 'm_019', 'c_095', 264.5, '2024-01-10 05:28:36', 'failed', 'wallet'),
  ('txn_085', 'm_007', 'c_218', 124.89, '2024-01-11 16:55:24', 'completed', 'card'),
  ('txn_086', 'm_014', 'c_162', 79.96, '2024-01-15 20:12:42', 'pending', 'card'),
  ('txn_087', 'm_019', 'c_299', 365.06, '2024-01-14 14:44:24', 'failed', 'card'),
  ('txn_088', 'm_014', 'c_255', 241.79, '2024-01-12 03:46:24', 'completed', 'card'),
  ('txn_089', 'm_014', 'c_212', 180.37, '2024-01-05 16:00:07', 'refunded', 'card'),
  ('txn_090', 'm_010', 'c_073', 281.25, '2024-01-06 00:44:53', 'completed', 'card'),
  ('txn_091', 'm_019', 'c_180', 242.5, '2024-01-14 22:04:28', 'completed', 'card'),
  ('txn_092', 'm_016', 'c_185', 410.1, '2024-01-07 23:33:24', 'refunded', 'card'),
  ('txn_093', 'm_003', 'c_226', 462.38, '2024-01-06 04:39:22', 'completed', 'card'),
  ('txn_094', 'm_009', 'c_276', 139.21, '2024-01-15 22:39:28', 'completed', 'card'),
  ('txn_095', 'm_010', 'c_071', 30.13, '2024-01-02 06:34:41', 'completed', 'card'),
  ('txn_096', 'm_006', 'c_268', 168.5, '2024-01-04 08:04:49', 'completed', 'card'),
  ('txn_097', 'm_001', 'c_178', 489.07, '2024-01-12 13:06:54', 'completed', 'bank_transfer'),
  ('txn_098', 'm_019', 'c_279', 103.73, '2024-01-02 10:27:52', 'completed', 'card'),
  ('txn_099', 'm_003', 'c_297', 119.95, '2024-01-05 05:58:57', 'failed', 'card'),
  ('txn_100', 'm_017', 'c_093', 467.29, '2024-01-05 12:32:03', 'completed', 'bank_transfer');

INSERT INTO transactions (transaction_id, merchant_id, customer_id, amount, transaction_date, status, payment_method) VALUES
  ('txn_101', 'm_013', 'c_027', 9.59, '2024-01-09 03:10:34', 'completed', 'wallet'),
  ('txn_102', 'm_013', 'c_275', 494.6, '2024-01-04 06:10:37', 'completed', 'wallet'),
  ('txn_103', 'm_018', 'c_122', 100.44, '2024-01-12 03:20:13', 'completed', 'card'),
  ('txn_104', 'm_011', 'c_140', 11.97, '2024-01-05 16:31:28', 'completed', 'card'),
  ('txn_105', 'm_008', 'c_151', 428.79, '2024-01-03 02:31:42', 'completed', 'bank_transfer'),
  ('txn_106', 'm_016', 'c_040', 96.47, '2024-01-07 00:29:52', 'completed', 'bank_transfer'),
  ('txn_107', 'm_001', 'c_159', 194.87, '2024-01-08 07:53:46', 'completed', 'card'),
  ('txn_108', 'm_001', 'c_159', 328.57, '2024-01-03 20:52:15', 'pending', 'card'),
  ('txn_109', 'm_018', 'c_122', 84.06, '2024-01-08 13:09:28', 'pending', 'wallet'),
  ('txn_110', 'm_006', 'c_184', 186.93, '2024-01-12 14:33:40', 'completed', 'card'),
  ('txn_111', 'm_007', 'c_131', 375.13, '2024-01-14 07:57:08', 'completed', 'card'),
  ('txn_112', 'm_019', 'c_257', 401.99, '2024-01-15 11:05:13', 'completed', 'card'),
  ('txn_113', 'm_003', 'c_274', 226.14, '2024-01-14 16:39:07', 'failed', 'card'),
  ('txn_114', 'm_006', 'c_020', 415.24, '2024-01-04 15:17:43', 'completed', 'card'),
  ('txn_115', 'm_008', 'c_097', 427.97, '2024-01-15 03:42:29', 'completed', 'card'),
  ('txn_116', 'm_019', 'c_057', 449.95, '2024-01-13 10:59:18', 'completed', 'card'),
  ('txn_117', 'm_017', 'c_244', 284.14, '2024-01-08 11:31:18', 'completed', 'bank_transfer'),
  ('txn_118', 'm_001', 'c_159', 130.96, '2024-01-02 02:22:59', 'completed', 'card'),
  ('txn_119', 'm_017', 'c_148', 351.69, '2024-01-02 16:12:23', 'completed', 'card'),
  ('txn_120', 'm_019', 'c_047', 147.11, '2024-01-11 04:52:42', 'completed', 'card'),
  ('txn_121', 'm_015', 'c_132', 227.03, '2024-01-14 02:09:54', 'completed', 'bank_transfer'),
  ('txn_122', 'm_007', 'c_218', 430.84, '2024-01-10 12:58:23', 'completed', 'card'),
  ('txn_123', 'm_007', 'c_235', 489.47, '2024-01-12 05:43:09', 'completed', 'card'),
  ('txn_124', 'm_017', 'c_287', 192.74, '2024-01-04 18:21:53', 'completed', 'card'),
  ('txn_125', 'm_011', 'c_193', 469.02, '2024-01-11 00:04:00', 'failed', 'card'),
  ('txn_126', 'm_001', 'c_051', 107.01, '2024-01-15 00:06:00', 'completed', 'wallet'),
  ('txn_127', 'm_002', 'c_126', 371.57, '2024-01-06 06:34:06', 'completed', 'bank_transfer'),
  ('txn_128', 'm_002', 'c_102', 254.43, '2024-01-14 23:36:30', 'completed', 'card'),
  ('txn_129', 'm_014', 'c_239', 300.97, '2024-01-04 11:27:18', 'pending', 'card'),
  ('txn_130', 'm_010', 'c_177', 153.75, '2024-01-05 06:01:20', 'completed', 'wallet'),
  ('txn_131', 'm_017', 'c_287', 250.33, '2024-01-08 17:40:34', 'completed', 'bank_transfer'),
  ('txn_132', 'm_017', 'c_227', 78.86, '2024-01-12 11:50:40', 'completed', 'card'),
  ('txn_133', 'm_010', 'c_296', 116.55, '2024-01-02 09:34:06', 'failed', 'card'),
  ('txn_134', 'm_017', 'c_227', 280.86, '2024-01-05 22:27:08', 'completed', 'bank_transfer'),
  ('txn_135', 'm_014', 'c_255', 44.14, '2024-01-05 14:57:48', 'completed', 'card'),
  ('txn_136', 'm_002', 'c_133', 191.7, '2024-01-01 23:51:00', 'completed', 'wallet'),
  ('txn_137', 'm_009', 'c_253', 108.4, '2024-01-01 08:55:57', 'completed', 'card'),
  ('txn_138', 'm_009', 'c_124', 481.23, '2024-01-15 16:05:21', 'completed', 'bank_transfer'),
  ('txn_139', 'm_009', 'c_206', 457.99, '2024-01-10 05:45:05', 'completed', 'card'),
  ('txn_140', 'm_018', 'c_267', 326.12, '2024-01-13 01:41:06', 'completed', 'card'),
  ('txn_141', 'm_018', 'c_025', 402.39, '2024-01-08 18:32:57', 'failed', 'bank_transfer'),
  ('txn_142', 'm_009', 'c_194', 159.9, '2024-01-04 13:00:22', 'completed', 'wallet'),
  ('txn_143', 'm_001', 'c_159', 278.89, '2024-01-08 03:57:43', 'completed', 'wallet'),
  ('txn_144', 'm_007', 'c_029', 168.28, '2024-01-13 02:51:51', 'completed', 'wallet'),
  ('txn_145', 'm_014', 'c_084', 382.86, '2024-01-09 13:09:26', 'completed', 'bank_transfer'),
  ('txn_146', 'm_008', 'c_010', 361.56, '2024-01-14 03:49:03', 'completed', 'card'),
  ('txn_147', 'm_002', 'c_231', 21.74, '2024-01-11 00:14:09', 'completed', 'card'),
  ('txn_148', 'm_007', 'c_218', 119.56, '2024-01-12 23:59:00', 'failed', 'card'),
  ('txn_149', 'm_015', 'c_015', 310.83, '2024-01-12 20:11:44', 'pending', 'wallet'),
  ('txn_150', 'm_001', 'c_051', 268.45, '2024-01-07 00:02:00', 'completed', 'card');

INSERT INTO transactions (transaction_id, merchant_id, customer_id, amount, transaction_date, status, payment_method) VALUES
  ('txn_151', 'm_013', 'c_027', 253.6, '2024-01-05 08:25:49', 'pending', 'bank_transfer'),
  ('txn_152', 'm_006', 'c_107', 264.57, '2024-01-07 03:02:39', 'completed', 'card'),
  ('txn_153', 'm_015', 'c_103', 398.49, '2024-01-12 03:23:08', 'completed', 'card'),
  ('txn_154', 'm_010', 'c_272', 116.8, '2024-01-01 18:27:27', 'pending', 'card'),
  ('txn_155', 'm_003', 'c_242', 192.74, '2024-01-01 05:30:18', 'completed', 'bank_transfer'),
  ('txn_156', 'm_008', 'c_010', 252.43, '2024-01-03 07:33:08', 'completed', 'card'),
  ('txn_157', 'm_002', 'c_126', 109.65, '2024-01-02 03:07:27', 'pending', 'wallet'),
  ('txn_158', 'm_003', 'c_167', 450.16, '2024-01-08 15:12:02', 'completed', 'card'),
  ('txn_159', 'm_001', 'c_051', 295.58, '2024-01-08 06:20:29', 'refunded', 'bank_transfer'),
  ('txn_160', 'm_008', 'c_151', 124.03, '2024-01-04 09:31:37', 'completed', 'wallet'),
  ('txn_161', 'm_003', 'c_274', 374.0, '2024-01-06 15:14:01', 'completed', 'card'),
  ('txn_162', 'm_003', 'c_226', 304.56, '2024-01-08 22:07:41', 'completed', 'wallet'),
  ('txn_163', 'm_001', 'c_178', 140.3, '2024-01-14 10:10:04', 'completed', 'bank_transfer'),
  ('txn_164', 'm_016', 'c_209', 96.94, '2024-01-08 04:04:15', 'completed', 'bank_transfer'),
  ('txn_165', 'm_010', 'c_272', 41.39, '2024-01-04 17:52:22', 'completed', 'card'),
  ('txn_166', 'm_016', 'c_171', 183.55, '2024-01-11 19:04:38', 'completed', 'card'),
  ('txn_167', 'm_015', 'c_103', 55.6, '2024-01-14 12:28:02', 'completed', 'card'),
  ('txn_168', 'm_017', 'c_060', 18.0, '2024-01-15 12:23:08', 'completed', 'wallet'),
  ('txn_169', 'm_014', 'c_162', 11.11, '2024-01-14 13:57:13', 'completed', 'bank_transfer'),
  ('txn_170', 'm_010', 'c_245', 262.95, '2024-01-07 12:39:23', 'pending', 'bank_transfer'),
  ('txn_171', 'm_013', 'c_127', 249.1, '2024-01-11 05:18:35', 'completed', 'card'),
  ('txn_172', 'm_013', 'c_275', 392.42, '2024-01-13 00:49:33', 'completed', 'card'),
  ('txn_173', 'm_009', 'c_238', 57.95, '2024-01-09 01:31:49', 'completed', 'card'),
  ('txn_174', 'm_016', 'c_171', 222.91, '2024-01-08 18:48:03', 'completed', 'wallet'),
  ('txn_175', 'm_009', 'c_253', 160.52, '2024-01-12 22:01:56', 'completed', 'card'),
  ('txn_176', 'm_010', 'c_100', 191.15, '2024-01-14 16:28:00', 'completed', 'card'),
  ('txn_177', 'm_009', 'c_289', 498.65, '2024-01-12 00:15:00', 'completed', 'wallet'),
  ('txn_178', 'm_009', 'c_228', 399.85, '2024-01-10 22:20:32', 'pending', 'card'),
  ('txn_179', 'm_019', 'c_090', 318.5, '2024-01-11 06:29:23', 'completed', 'card'),
  ('txn_180', 'm_016', 'c_038', 227.29, '2024-01-13 23:17:29', 'completed', 'bank_transfer'),
  ('txn_181', 'm_017', 'c_287', 23.2, '2024-01-03 01:30:20', 'completed', 'wallet'),
  ('txn_182', 'm_006', 'c_146', 330.51, '2024-01-02 01:48:16', 'completed', 'card'),
  ('txn_183', 'm_016', 'c_171', 483.03, '2024-01-06 23:52:00', 'completed', 'card'),
  ('txn_184', 'm_010', 'c_200', 190.19, '2024-01-04 15:48:55', 'completed', 'wallet'),
  ('txn_185', 'm_015', 'c_013', 243.97, '2024-01-03 02:00:50', 'completed', 'bank_transfer'),
  ('txn_186', 'm_006', 'c_119', 177.42, '2024-01-13 15:34:17', 'completed', 'bank_transfer'),
  ('txn_187', 'm_019', 'c_201', 240.7, '2024-01-08 06:54:59', 'completed', 'bank_transfer'),
  ('txn_188', 'm_002', 'c_075', 16.18, '2024-01-04 23:44:35', 'completed', 'card'),
  ('txn_189', 'm_010', 'c_243', 91.35, '2024-01-12 05:09:57', 'completed', 'card'),
  ('txn_190', 'm_010', 'c_285', 205.5, '2024-01-11 11:44:11', 'completed', 'card'),
  ('txn_191', 'm_016', 'c_004', 370.01, '2024-01-10 10:30:47', 'completed', 'bank_transfer'),
  ('txn_192', 'm_001', 'c_178', 111.32, '2024-01-14 00:45:37', 'completed', 'card'),
  ('txn_193', 'm_008', 'c_097', 166.36, '2024-01-12 21:08:42', 'completed', 'card'),
  ('txn_194', 'm_014', 'c_239', 197.38, '2024-01-09 13:02:45', 'completed', 'wallet'),
  ('txn_195', 'm_018', 'c_072', 407.8, '2024-01-15 07:47:52', 'failed', 'card'),
  ('txn_196', 'm_003', 'c_123', 160.03, '2024-01-10 01:27:59', 'completed', 'card'),
  ('txn_197', 'm_007', 'c_207', 197.29, '2024-01-11 06:26:16', 'completed', 'card'),
  ('txn_198', 'm_008', 'c_097', 319.57, '2024-01-12 21:14:13', 'pending', 'card'),
  ('txn_199', 'm_013', 'c_043', 97.61, '2024-01-09 17:09:19', 'completed', 'wallet'),
  ('txn_200', 'm_001', 'c_159', 72.58, '2024-01-13 00:20:27', 'completed', 'wallet');

INSERT INTO transactions (transaction_id, merchant_id, customer_id, amount, transaction_date, status, payment_method) VALUES
  ('txn_201', 'm_017', 'c_244', 210.74, '2024-01-14 17:22:05', 'completed', 'bank_transfer'),
  ('txn_202', 'm_001', 'c_051', 149.58, '2024-01-05 01:59:19', 'completed', 'card'),
  ('txn_203', 'm_018', 'c_172', 277.11, '2024-01-14 04:22:56', 'completed', 'wallet'),
  ('txn_204', 'm_015', 'c_186', 412.19, '2024-01-11 07:40:14', 'completed', 'bank_transfer'),
  ('txn_205', 'm_006', 'c_146', 152.37, '2024-01-03 02:40:16', 'completed', 'bank_transfer'),
  ('txn_206', 'm_018', 'c_025', 388.94, '2024-01-15 06:29:25', 'completed', 'card'),
  ('txn_207', 'm_015', 'c_251', 307.08, '2024-01-06 00:21:52', 'completed', 'card'),
  ('txn_208', 'm_009', 'c_046', 287.19, '2024-01-05 02:05:12', 'completed', 'card'),
  ('txn_209', 'm_014', 'c_292', 149.85, '2024-01-13 11:40:06', 'completed', 'card'),
  ('txn_210', 'm_006', 'c_119', 481.57, '2024-01-04 01:55:03', 'completed', 'card'),
  ('txn_211', 'm_007', 'c_029', 77.39, '2024-01-10 12:45:53', 'completed', 'card'),
  ('txn_212', 'm_019', 'c_090', 290.83, '2024-01-02 19:59:29', 'completed', 'bank_transfer'),
  ('txn_213', 'm_003', 'c_242', 260.23, '2024-01-12 20:18:23', 'completed', 'card'),
  ('txn_214', 'm_014', 'c_239', 6.22, '2024-01-12 03:03:57', 'refunded', 'card'),
  ('txn_215', 'm_015', 'c_055', 398.86, '2024-01-06 03:24:44', 'completed', 'card'),
  ('txn_216', 'm_019', 'c_145', 164.82, '2024-01-04 04:04:35', 'completed', 'card'),
  ('txn_217', 'm_019', 'c_180', 447.61, '2024-01-11 23:45:00', 'refunded', 'card'),
  ('txn_218', 'm_006', 'c_119', 223.44, '2024-01-04 04:50:41', 'completed', 'bank_transfer'),
  ('txn_219', 'm_013', 'c_043', 437.84, '2024-01-07 01:51:44', 'completed', 'card'),
  ('txn_220', 'm_003', 'c_226', 333.93, '2024-01-08 09:58:19', 'completed', 'card'),
  ('txn_221', 'm_010', 'c_177', 329.47, '2024-01-11 23:47:00', 'failed', 'card'),
  ('txn_222', 'm_007', 'c_213', 116.96, '2024-01-09 00:11:00', 'pending', 'bank_transfer'),
  ('txn_223', 'm_006', 'c_268', 348.55, '2024-01-03 04:02:20', 'completed', 'card'),
  ('txn_224', 'm_006', 'c_107', 160.11, '2024-01-04 05:33:47', 'completed', 'card'),
  ('txn_225', 'm_007', 'c_014', 267.6, '2024-01-11 16:22:35', 'completed', 'wallet'),
  ('txn_226', 'm_015', 'c_254', 110.46, '2024-01-15 22:53:25', 'refunded', 'card'),
  ('txn_227', 'm_018', 'c_110', 47.91, '2024-01-15 07:27:06', 'completed', 'card'),
  ('txn_228', 'm_016', 'c_175', 481.81, '2024-01-03 01:04:42', 'completed', 'card'),
  ('txn_229', 'm_010', 'c_243', 302.49, '2024-01-01 15:37:34', 'failed', 'wallet'),
  ('txn_230', 'm_013', 'c_114', 261.29, '2024-01-08 04:09:56', 'completed', 'card'),
  ('txn_231', 'm_002', 'c_126', 249.97, '2024-01-15 09:59:21', 'completed', 'card'),
  ('txn_232', 'm_003', 'c_274', 444.92, '2024-01-04 04:53:08', 'completed', 'card'),
  ('txn_233', 'm_016', 'c_293', 213.33, '2024-01-02 18:31:14', 'completed', 'card'),
  ('txn_234', 'm_001', 'c_178', 38.43, '2024-01-02 00:15:00', 'completed', 'card'),
  ('txn_235', 'm_016', 'c_252', 146.81, '2024-01-11 06:45:01', 'failed', 'wallet'),
  ('txn_236', 'm_016', 'c_038', 322.07, '2024-01-03 00:41:55', 'completed', 'wallet'),
  ('txn_237', 'm_013', 'c_030', 258.1, '2024-01-10 11:37:03', 'completed', 'card'),
  ('txn_238', 'm_003', 'c_167', 350.84, '2024-01-03 02:13:21', 'failed', 'card'),
  ('txn_239', 'm_017', 'c_060', 229.42, '2024-01-05 06:19:16', 'completed', 'card'),
  ('txn_240', 'm_006', 'c_020', 355.41, '2024-01-09 09:58:13', 'pending', 'card'),
  ('txn_241', 'm_011', 'c_140', 189.08, '2024-01-03 20:46:22', 'refunded', 'card'),
  ('txn_242', 'm_001', 'c_159', 404.52, '2024-01-14 23:55:26', 'completed', 'wallet'),
  ('txn_243', 'm_003', 'c_263', 230.32, '2024-01-14 18:14:06', 'completed', 'card'),
  ('txn_244', 'm_008', 'c_097', 82.87, '2024-01-03 19:11:12', 'refunded', 'card'),
  ('txn_245', 'm_010', 'c_272', 256.87, '2024-01-12 10:49:22', 'completed', 'card'),
  ('txn_246', 'm_015', 'c_132', 460.51, '2024-01-11 04:18:01', 'completed', 'card'),
  ('txn_247', 'm_010', 'c_100', 127.89, '2024-01-02 21:22:21', 'failed', 'card'),
  ('txn_248', 'm_015', 'c_067', 253.51, '2024-01-13 12:27:36', 'completed', 'card'),
  ('txn_249', 'm_002', 'c_179', 39.12, '2024-01-08 12:59:40', 'completed', 'card'),
  ('txn_250', 'm_014', 'c_050', 278.78, '2024-01-14 16:26:28', 'completed', 'card');

INSERT INTO transactions (transaction_id, merchant_id, customer_id, amount, transaction_date, status, payment_method) VALUES
  ('txn_251', 'm_013', 'c_114', 234.64, '2024-01-05 17:50:30', 'completed', 'bank_transfer'),
  ('txn_252', 'm_010', 'c_070', 8.16, '2024-01-09 09:48:23', 'completed', 'card'),
  ('txn_253', 'm_001', 'c_159', 5.72, '2024-01-08 11:08:16', 'completed', 'bank_transfer'),
  ('txn_254', 'm_006', 'c_146', 267.26, '2024-01-02 10:53:29', 'completed', 'bank_transfer'),
  ('txn_255', 'm_007', 'c_235', 143.51, '2024-01-13 14:46:54', 'completed', 'card'),
  ('txn_256', 'm_017', 'c_148', 231.94, '2024-01-13 06:25:58', 'refunded', 'card'),
  ('txn_257', 'm_007', 'c_218', 410.88, '2024-01-11 13:23:45', 'completed', 'wallet'),
  ('txn_258', 'm_007', 'c_029', 149.38, '2024-01-08 22:03:19', 'completed', 'bank_transfer'),
  ('txn_259', 'm_014', 'c_197', 139.62, '2024-01-15 04:37:01', 'completed', 'card'),
  ('txn_260', 'm_006', 'c_119', 57.3, '2024-01-03 22:20:03', 'completed', 'bank_transfer'),
  ('txn_261', 'm_015', 'c_096', 228.7, '2024-01-03 04:40:26', 'completed', 'card'),
  ('txn_262', 'm_008', 'c_151', 155.59, '2024-01-07 23:49:00', 'failed', 'wallet'),
  ('txn_263', 'm_003', 'c_149', 484.36, '2024-01-07 23:53:00', 'completed', 'wallet'),
  ('txn_264', 'm_008', 'c_010', 476.29, '2024-01-07 01:32:58', 'completed', 'wallet'),
  ('txn_265', 'm_006', 'c_294', 55.44, '2024-01-05 23:49:00', 'completed', 'card'),
  ('txn_266', 'm_009', 'c_206', 189.26, '2024-01-07 06:46:26', 'completed', 'card'),
  ('txn_267', 'm_003', 'c_031', 498.59, '2024-01-03 05:34:53', 'completed', 'bank_transfer'),
  ('txn_268', 'm_014', 'c_050', 26.13, '2024-01-14 22:18:42', 'completed', 'card'),
  ('txn_269', 'm_017', 'c_227', 250.58, '2024-01-06 05:04:52', 'completed', 'bank_transfer'),
  ('txn_270', 'm_008', 'c_097', 143.53, '2024-01-15 23:24:54', 'completed', 'card'),
  ('txn_271', 'm_010', 'c_260', 151.08, '2024-01-03 03:06:05', 'completed', 'wallet'),
  ('txn_272', 'm_011', 'c_240', 72.93, '2024-01-14 04:42:10', 'completed', 'wallet'),
  ('txn_273', 'm_001', 'c_159', 392.05, '2024-01-12 18:20:46', 'completed', 'bank_transfer'),
  ('txn_274', 'm_015', 'c_191', 253.68, '2024-01-08 17:45:34', 'completed', 'card'),
  ('txn_275', 'm_010', 'c_023', 448.4, '2024-01-12 10:46:33', 'refunded', 'card'),
  ('txn_276', 'm_015', 'c_191', 499.8, '2024-01-06 20:28:54', 'completed', 'card'),
  ('txn_277', 'm_011', 'c_012', 383.2, '2024-01-10 10:16:21', 'completed', 'wallet'),
  ('txn_278', 'm_015', 'c_094', 92.17, '2024-01-09 17:00:22', 'completed', 'card'),
  ('txn_279', 'm_001', 'c_178', 351.78, '2024-01-05 13:39:14', 'completed', 'wallet'),
  ('txn_280', 'm_019', 'c_257', 157.98, '2024-01-06 15:30:46', 'completed', 'card'),
  ('txn_281', 'm_010', 'c_023', 265.59, '2024-01-05 21:21:41', 'completed', 'card'),
  ('txn_282', 'm_007', 'c_062', 359.88, '2024-01-15 00:07:00', 'completed', 'card'),
  ('txn_283', 'm_007', 'c_014', 424.01, '2024-01-10 14:27:04', 'completed', 'card'),
  ('txn_284', 'm_006', 'c_203', 154.37, '2024-01-11 14:29:39', 'completed', 'card'),
  ('txn_285', 'm_019', 'c_279', 162.06, '2024-01-15 21:30:41', 'failed', 'wallet'),
  ('txn_286', 'm_015', 'c_098', 334.44, '2024-01-08 03:34:07', 'completed', 'bank_transfer'),
  ('txn_287', 'm_007', 'c_021', 365.77, '2024-01-14 18:34:57', 'pending', 'wallet'),
  ('txn_288', 'm_002', 'c_112', 303.18, '2024-01-03 12:38:54', 'completed', 'card'),
  ('txn_289', 'm_019', 'c_090', 168.93, '2024-01-08 18:07:59', 'completed', 'card'),
  ('txn_290', 'm_008', 'c_151', 443.23, '2024-01-07 10:29:50', 'completed', 'card'),
  ('txn_291', 'm_009', 'c_163', 348.12, '2024-01-01 00:44:46', 'completed', 'card'),
  ('txn_292', 'm_002', 'c_179', 221.92, '2024-01-12 23:14:27', 'completed', 'card'),
  ('txn_293', 'm_016', 'c_175', 275.28, '2024-01-15 00:44:30', 'completed', 'bank_transfer'),
  ('txn_294', 'm_010', 'c_070', 228.39, '2024-01-07 00:15:00', 'completed', 'card'),
  ('txn_295', 'm_006', 'c_107', 174.2, '2024-01-14 06:40:39', 'completed', 'card'),
  ('txn_296', 'm_003', 'c_226', 299.05, '2024-01-11 11:15:50', 'completed', 'bank_transfer'),
  ('txn_297', 'm_008', 'c_151', 445.43, '2024-01-05 23:44:30', 'completed', 'card'),
  ('txn_298', 'm_009', 'c_222', 350.11, '2024-01-07 19:59:56', 'failed', 'wallet'),
  ('txn_299', 'm_013', 'c_114', 52.48, '2024-01-12 21:59:53', 'completed', 'wallet'),
  ('txn_300', 'm_007', 'c_007', 183.61, '2024-01-15 13:39:03', 'completed', 'card');

INSERT INTO transactions (transaction_id, merchant_id, customer_id, amount, transaction_date, status, payment_method) VALUES
  ('txn_301', 'm_019', 'c_128', 53.01, '2024-01-02 23:43:52', 'completed', 'card'),
  ('txn_302', 'm_019', 'c_089', 157.63, '2024-01-07 10:22:34', 'completed', 'bank_transfer'),
  ('txn_303', 'm_003', 'c_274', 196.83, '2024-01-11 19:40:58', 'completed', 'bank_transfer'),
  ('txn_304', 'm_002', 'c_133', 222.67, '2024-01-14 16:41:50', 'completed', 'card'),
  ('txn_305', 'm_002', 'c_102', 377.36, '2024-01-09 08:16:22', 'pending', 'card'),
  ('txn_306', 'm_017', 'c_137', 279.03, '2024-01-13 23:57:35', 'completed', 'wallet'),
  ('txn_307', 'm_019', 'c_258', 441.42, '2024-01-01 20:13:50', 'completed', 'card'),
  ('txn_308', 'm_007', 'c_014', 474.88, '2024-01-05 01:22:49', 'completed', 'card'),
  ('txn_309', 'm_009', 'c_124', 67.46, '2024-01-11 13:38:05', 'completed', 'card'),
  ('txn_310', 'm_009', 'c_082', 417.88, '2024-01-02 15:02:14', 'completed', 'card'),
  ('txn_311', 'm_003', 'c_242', 280.4, '2024-01-13 14:44:25', 'completed', 'card'),
  ('txn_312', 'm_018', 'c_003', 394.34, '2024-01-11 04:25:52', 'completed', 'wallet'),
  ('txn_313', 'm_006', 'c_268', 79.07, '2024-01-03 10:22:23', 'completed', 'wallet'),
  ('txn_314', 'm_006', 'c_107', 393.94, '2024-01-07 09:52:14', 'completed', 'card'),
  ('txn_315', 'm_016', 'c_250', 288.15, '2024-01-10 18:44:57', 'completed', 'card'),
  ('txn_316', 'm_007', 'c_213', 306.28, '2024-01-09 00:07:00', 'pending', 'bank_transfer'),
  ('txn_317', 'm_010', 'c_023', 374.15, '2024-01-07 23:54:00', 'completed', 'card'),
  ('txn_318', 'm_011', 'c_248', 429.83, '2024-01-06 12:47:41', 'pending', 'card'),
  ('txn_319', 'm_007', 'c_042', 487.24, '2024-01-11 02:47:15', 'completed', 'card'),
  ('txn_320', 'm_003', 'c_149', 223.65, '2024-01-10 01:49:06', 'completed', 'bank_transfer'),
  ('txn_321', 'm_002', 'c_231', 396.79, '2024-01-10 18:59:19', 'completed', 'card'),
  ('txn_322', 'm_007', 'c_207', 440.27, '2024-01-05 20:55:54', 'completed', 'card'),
  ('txn_323', 'm_002', 'c_126', 21.37, '2024-01-07 15:36:12', 'completed', 'card'),
  ('txn_324', 'm_015', 'c_150', 255.04, '2024-01-06 20:56:20', 'completed', 'card'),
  ('txn_325', 'm_015', 'c_173', 299.05, '2024-01-09 11:44:59', 'completed', 'bank_transfer'),
  ('txn_326', 'm_015', 'c_094', 419.64, '2024-01-10 09:11:26', 'completed', 'card'),
  ('txn_327', 'm_002', 'c_112', 427.64, '2024-01-06 11:08:14', 'refunded', 'card'),
  ('txn_328', 'm_009', 'c_166', 327.54, '2024-01-01 05:11:00', 'completed', 'card'),
  ('txn_329', 'm_019', 'c_090', 325.45, '2024-01-15 18:23:09', 'completed', 'card'),
  ('txn_330', 'm_013', 'c_127', 214.78, '2024-01-06 07:06:57', 'completed', 'card'),
  ('txn_331', 'm_018', 'c_122', 340.21, '2024-01-01 04:16:48', 'completed', 'bank_transfer'),
  ('txn_332', 'm_015', 'c_186', 325.43, '2024-01-03 14:58:31', 'completed', 'card'),
  ('txn_333', 'm_019', 'c_057', 171.46, '2024-01-07 08:07:44', 'completed', 'card'),
  ('txn_334', 'm_013', 'c_114', 79.22, '2024-01-15 13:32:41', 'refunded', 'card'),
  ('txn_335', 'm_016', 'c_171', 341.97, '2024-01-08 04:12:07', 'failed', 'card'),
  ('txn_336', 'm_011', 'c_240', 205.28, '2024-01-14 21:14:19', 'failed', 'card'),
  ('txn_337', 'm_009', 'c_189', 364.64, '2024-01-12 13:08:09', 'completed', 'wallet'),
  ('txn_338', 'm_015', 'c_182', 153.6, '2024-01-03 08:51:28', 'completed', 'wallet'),
  ('txn_339', 'm_019', 'c_090', 371.75, '2024-01-05 10:38:42', 'failed', 'wallet'),
  ('txn_340', 'm_014', 'c_255', 49.2, '2024-01-08 10:53:24', 'completed', 'card'),
  ('txn_341', 'm_017', 'c_148', 188.98, '2024-01-03 20:36:45', 'completed', 'card'),
  ('txn_342', 'm_019', 'c_047', 433.86, '2024-01-02 17:29:10', 'completed', 'wallet'),
  ('txn_343', 'm_019', 'c_128', 252.74, '2024-01-11 00:39:08', 'pending', 'bank_transfer'),
  ('txn_344', 'm_002', 'c_102', 73.0, '2024-01-14 19:42:05', 'completed', 'card'),
  ('txn_345', 'm_018', 'c_072', 161.61, '2024-01-12 20:02:11', 'failed', 'card'),
  ('txn_346', 'm_014', 'c_255', 493.39, '2024-01-06 23:51:00', 'completed', 'card'),
  ('txn_347', 'm_008', 'c_151', 383.42, '2024-01-11 12:39:18', 'completed', 'card'),
  ('txn_348', 'm_017', 'c_227', 217.37, '2024-01-12 23:51:00', 'completed', 'bank_transfer'),
  ('txn_349', 'm_015', 'c_013', 446.54, '2024-01-01 02:24:08', 'refunded', 'wallet'),
  ('txn_350', 'm_010', 'c_071', 348.29, '2024-01-10 07:26:03', 'completed', 'card');

INSERT INTO transactions (transaction_id, merchant_id, customer_id, amount, transaction_date, status, payment_method) VALUES
  ('txn_351', 'm_013', 'c_043', 37.32, '2024-01-12 01:35:46', 'completed', 'card'),
  ('txn_352', 'm_014', 'c_162', 444.55, '2024-01-12 21:32:59', 'completed', 'card'),
  ('txn_353', 'm_015', 'c_096', 86.62, '2024-01-04 04:25:58', 'completed', 'card'),
  ('txn_354', 'm_009', 'c_009', 296.9, '2024-01-01 21:45:56', 'completed', 'card'),
  ('txn_355', 'm_016', 'c_152', 386.77, '2024-01-02 03:56:20', 'completed', 'card'),
  ('txn_356', 'm_006', 'c_020', 28.88, '2024-01-03 23:59:57', 'completed', 'bank_transfer'),
  ('txn_357', 'm_011', 'c_248', 352.42, '2024-01-03 10:49:30', 'completed', 'card'),
  ('txn_358', 'm_011', 'c_140', 212.32, '2024-01-03 20:35:07', 'completed', 'wallet'),
  ('txn_359', 'm_013', 'c_030', 393.46, '2024-01-07 09:12:18', 'completed', 'card'),
  ('txn_360', 'm_009', 'c_192', 353.2, '2024-01-13 00:14:00', 'completed', 'card'),
  ('txn_361', 'm_009', 'c_253', 168.65, '2024-01-03 16:19:50', 'completed', 'card'),
  ('txn_362', 'm_019', 'c_090', 474.98, '2024-01-03 11:00:21', 'refunded', 'wallet'),
  ('txn_363', 'm_011', 'c_193', 231.09, '2024-01-03 10:08:34', 'completed', 'card'),
  ('txn_364', 'm_008', 'c_010', 426.86, '2024-01-03 19:31:02', 'completed', 'card'),
  ('txn_365', 'm_006', 'c_020', 9.79, '2024-01-11 14:59:13', 'completed', 'card'),
  ('txn_366', 'm_011', 'c_105', 189.45, '2024-01-10 17:09:45', 'completed', 'card'),
  ('txn_367', 'm_018', 'c_122', 418.68, '2024-01-05 01:09:20', 'pending', 'bank_transfer'),
  ('txn_368', 'm_006', 'c_119', 349.6, '2024-01-15 08:08:13', 'completed', 'card'),
  ('txn_369', 'm_019', 'c_258', 340.8, '2024-01-09 16:53:56', 'completed', 'wallet'),
  ('txn_370', 'm_001', 'c_178', 440.58, '2024-01-12 20:21:07', 'failed', 'card'),
  ('txn_371', 'm_006', 'c_268', 223.14, '2024-01-01 07:12:01', 'completed', 'card'),
  ('txn_372', 'm_010', 'c_260', 437.21, '2024-01-03 07:28:57', 'completed', 'wallet'),
  ('txn_373', 'm_017', 'c_137', 243.56, '2024-01-14 13:15:32', 'completed', 'bank_transfer'),
  ('txn_374', 'm_002', 'c_028', 323.48, '2024-01-13 00:50:41', 'completed', 'wallet'),
  ('txn_375', 'm_008', 'c_010', 376.96, '2024-01-07 18:02:17', 'completed', 'card'),
  ('txn_376', 'm_002', 'c_231', 115.24, '2024-01-06 16:53:50', 'completed', 'bank_transfer'),
  ('txn_377', 'm_003', 'c_263', 224.87, '2024-01-13 02:22:18', 'completed', 'bank_transfer'),
  ('txn_378', 'm_018', 'c_156', 63.76, '2024-01-11 00:12:16', 'completed', 'card'),
  ('txn_379', 'm_002', 'c_234', 276.8, '2024-01-08 09:26:28', 'completed', 'wallet'),
  ('txn_380', 'm_009', 'c_238', 475.43, '2024-01-12 00:44:31', 'completed', 'card'),
  ('txn_381', 'm_014', 'c_212', 384.87, '2024-01-09 19:38:03', 'completed', 'bank_transfer'),
  ('txn_382', 'm_018', 'c_025', 53.23, '2024-01-09 00:11:00', 'completed', 'card'),
  ('txn_383', 'm_013', 'c_237', 352.54, '2024-01-10 22:22:57', 'completed', 'card'),
  ('txn_384', 'm_006', 'c_184', 307.37, '2024-01-10 12:52:43', 'completed', 'card'),
  ('txn_385', 'm_009', 'c_238', 413.15, '2024-01-11 01:26:47', 'completed', 'card'),
  ('txn_386', 'm_002', 'c_288', 419.55, '2024-01-11 22:26:16', 'completed', 'card'),
  ('txn_387', 'm_018', 'c_267', 71.64, '2024-01-02 04:17:42', 'completed', 'card'),
  ('txn_388', 'm_017', 'c_244', 462.56, '2024-01-05 05:09:31', 'refunded', 'card'),
  ('txn_389', 'm_007', 'c_014', 196.77, '2024-01-13 05:39:55', 'completed', 'wallet'),
  ('txn_390', 'm_016', 'c_209', 489.85, '2024-01-09 07:43:47', 'pending', 'card'),
  ('txn_391', 'm_013', 'c_275', 403.37, '2024-01-13 10:25:59', 'completed', 'bank_transfer'),
  ('txn_392', 'm_013', 'c_237', 357.38, '2024-01-08 01:16:29', 'completed', 'card'),
  ('txn_393', 'm_015', 'c_214', 70.67, '2024-01-08 19:48:02', 'failed', 'card'),
  ('txn_394', 'm_006', 'c_203', 283.33, '2024-01-11 03:11:54', 'completed', 'wallet'),
  ('txn_395', 'm_013', 'c_265', 405.11, '2024-01-03 23:46:00', 'completed', 'card'),
  ('txn_396', 'm_002', 'c_125', 137.15, '2024-01-04 13:18:02', 'completed', 'card'),
  ('txn_397', 'm_002', 'c_160', 105.98, '2024-01-11 23:39:19', 'completed', 'card'),
  ('txn_398', 'm_006', 'c_146', 372.49, '2024-01-07 23:33:41', 'completed', 'bank_transfer'),
  ('txn_399', 'm_002', 'c_179', 196.84, '2024-01-02 07:20:31', 'pending', 'card'),
  ('txn_400', 'm_001', 'c_178', 129.41, '2024-01-09 22:13:29', 'completed', 'bank_transfer');

INSERT INTO transactions (transaction_id, merchant_id, customer_id, amount, transaction_date, status, payment_method) VALUES
  ('txn_401', 'm_009', 'c_124', 150.62, '2024-01-05 05:14:34', 'completed', 'card'),
  ('txn_402', 'm_006', 'c_268', 25.11, '2024-01-04 21:44:52', 'completed', 'wallet'),
  ('txn_403', 'm_011', 'c_012', 168.63, '2024-01-08 00:04:00', 'failed', 'card'),
  ('txn_404', 'm_002', 'c_288', 309.73, '2024-01-14 21:36:30', 'completed', 'card'),
  ('txn_405', 'm_015', 'c_055', 393.1, '2024-01-05 11:06:41', 'completed', 'wallet'),
  ('txn_406', 'm_003', 'c_274', 83.89, '2024-01-09 11:32:31', 'completed', 'wallet'),
  ('txn_407', 'm_010', 'c_071', 333.35, '2024-01-13 21:02:16', 'completed', 'card'),
  ('txn_408', 'm_019', 'c_257', 412.73, '2024-01-09 09:33:49', 'completed', 'card'),
  ('txn_409', 'm_018', 'c_110', 452.73, '2024-01-01 23:13:48', 'completed', 'wallet'),
  ('txn_410', 'm_014', 'c_162', 458.39, '2024-01-07 20:45:35', 'completed', 'bank_transfer'),
  ('txn_411', 'm_001', 'c_178', 411.94, '2024-01-11 19:33:20', 'completed', 'wallet'),
  ('txn_412', 'm_019', 'c_047', 151.73, '2024-01-02 23:58:10', 'completed', 'card'),
  ('txn_413', 'm_006', 'c_119', 485.96, '2024-01-02 14:08:24', 'refunded', 'wallet'),
  ('txn_414', 'm_009', 'c_142', 433.15, '2024-01-11 13:32:39', 'completed', 'card'),
  ('txn_415', 'm_003', 'c_123', 16.76, '2024-01-01 23:46:00', 'failed', 'card'),
  ('txn_416', 'm_008', 'c_097', 281.25, '2024-01-10 21:27:47', 'completed', 'card'),
  ('txn_417', 'm_016', 'c_224', 316.96, '2024-01-03 00:02:00', 'completed', 'card'),
  ('txn_418', 'm_001', 'c_178', 361.54, '2024-01-01 23:56:00', 'completed', 'wallet'),
  ('txn_419', 'm_006', 'c_184', 394.51, '2024-01-11 14:57:53', 'completed', 'wallet'),
  ('txn_420', 'm_016', 'c_185', 411.95, '2024-01-06 08:04:51', 'completed', 'bank_transfer'),
  ('txn_421', 'm_007', 'c_235', 198.54, '2024-01-04 11:55:48', 'completed', 'card'),
  ('txn_422', 'm_013', 'c_237', 478.91, '2024-01-04 10:21:22', 'completed', 'wallet'),
  ('txn_423', 'm_006', 'c_020', 7.49, '2024-01-03 01:35:23', 'completed', 'bank_transfer'),
  ('txn_424', 'm_013', 'c_114', 375.41, '2024-01-13 10:35:00', 'failed', 'card'),
  ('txn_425', 'm_007', 'c_021', 96.08, '2024-01-05 09:38:55', 'completed', 'card'),
  ('txn_426', 'm_002', 'c_234', 233.33, '2024-01-02 15:14:29', 'completed', 'card'),
  ('txn_427', 'm_011', 'c_105', 102.72, '2024-01-09 16:02:53', 'completed', 'bank_transfer'),
  ('txn_428', 'm_007', 'c_218', 329.46, '2024-01-05 16:43:15', 'completed', 'card'),
  ('txn_429', 'm_014', 'c_197', 228.07, '2024-01-04 16:46:35', 'completed', 'card'),
  ('txn_430', 'm_015', 'c_113', 479.54, '2024-01-06 09:02:53', 'completed', 'card'),
  ('txn_431', 'm_017', 'c_141', 420.85, '2024-01-12 05:37:43', 'completed', 'card'),
  ('txn_432', 'm_018', 'c_156', 388.51, '2024-01-15 17:23:10', 'completed', 'wallet'),
  ('txn_433', 'm_003', 'c_167', 430.06, '2024-01-02 20:32:33', 'completed', 'wallet'),
  ('txn_434', 'm_003', 'c_031', 425.55, '2024-01-15 01:14:02', 'completed', 'card'),
  ('txn_435', 'm_016', 'c_293', 110.32, '2024-01-14 02:23:04', 'completed', 'wallet'),
  ('txn_436', 'm_019', 'c_279', 388.72, '2024-01-15 07:28:02', 'completed', 'bank_transfer'),
  ('txn_437', 'm_013', 'c_043', 235.03, '2024-01-13 04:32:01', 'completed', 'card'),
  ('txn_438', 'm_001', 'c_178', 123.25, '2024-01-04 09:46:18', 'completed', 'card'),
  ('txn_439', 'm_018', 'c_072', 93.68, '2024-01-12 17:39:40', 'completed', 'card'),
  ('txn_440', 'm_015', 'c_015', 113.32, '2024-01-09 23:12:41', 'completed', 'card'),
  ('txn_441', 'm_010', 'c_023', 335.95, '2024-01-12 00:50:56', 'completed', 'card'),
  ('txn_442', 'm_002', 'c_039', 490.39, '2024-01-13 15:43:18', 'completed', 'card'),
  ('txn_443', 'm_011', 'c_215', 291.42, '2024-01-10 04:30:10', 'completed', 'card'),
  ('txn_444', 'm_015', 'c_191', 328.4, '2024-01-06 09:50:53', 'completed', 'wallet'),
  ('txn_445', 'm_016', 'c_175', 409.53, '2024-01-15 15:58:42', 'completed', 'bank_transfer'),
  ('txn_446', 'm_001', 'c_178', 441.61, '2024-01-13 11:44:31', 'completed', 'card'),
  ('txn_447', 'm_011', 'c_193', 79.37, '2024-01-03 20:55:56', 'completed', 'card'),
  ('txn_448', 'm_010', 'c_177', 406.53, '2024-01-12 14:55:47', 'failed', 'card'),
  ('txn_449', 'm_019', 'c_128', 297.44, '2024-01-01 23:49:00', 'completed', 'bank_transfer'),
  ('txn_450', 'm_008', 'c_010', 316.62, '2024-01-05 00:54:03', 'completed', 'wallet');

INSERT INTO transactions (transaction_id, merchant_id, customer_id, amount, transaction_date, status, payment_method) VALUES
  ('txn_451', 'm_011', 'c_140', 260.74, '2024-01-01 10:50:49', 'completed', 'wallet'),
  ('txn_452', 'm_013', 'c_030', 112.21, '2024-01-05 03:21:44', 'completed', 'bank_transfer'),
  ('txn_453', 'm_010', 'c_296', 208.33, '2024-01-05 09:57:18', 'completed', 'wallet'),
  ('txn_454', 'm_011', 'c_140', 363.47, '2024-01-02 16:06:14', 'completed', 'bank_transfer'),
  ('txn_455', 'm_010', 'c_177', 195.8, '2024-01-13 05:48:38', 'completed', 'card'),
  ('txn_456', 'm_017', 'c_093', 304.73, '2024-01-15 13:25:00', 'completed', 'bank_transfer'),
  ('txn_457', 'm_002', 'c_234', 254.15, '2024-01-04 03:55:19', 'completed', 'card'),
  ('txn_458', 'm_001', 'c_178', 326.37, '2024-01-02 01:18:16', 'completed', 'bank_transfer'),
  ('txn_459', 'm_017', 'c_137', 469.52, '2024-01-14 23:36:52', 'completed', 'bank_transfer'),
  ('txn_460', 'm_006', 'c_268', 71.27, '2024-01-03 00:49:38', 'completed', 'card'),
  ('txn_461', 'm_013', 'c_265', 132.61, '2024-01-03 20:38:24', 'completed', 'card'),
  ('txn_462', 'm_001', 'c_159', 329.0, '2024-01-03 14:05:21', 'pending', 'card'),
  ('txn_463', 'm_007', 'c_087', 327.53, '2024-01-11 06:44:32', 'completed', 'card'),
  ('txn_464', 'm_015', 'c_199', 141.4, '2024-01-11 00:43:22', 'pending', 'bank_transfer'),
  ('txn_465', 'm_019', 'c_095', 188.26, '2024-01-08 10:38:18', 'completed', 'bank_transfer'),
  ('txn_466', 'm_015', 'c_251', 202.07, '2024-01-11 20:09:37', 'completed', 'card'),
  ('txn_467', 'm_008', 'c_010', 111.16, '2024-01-15 21:41:44', 'completed', 'card'),
  ('txn_468', 'm_002', 'c_112', 197.61, '2024-01-04 12:39:35', 'completed', 'card'),
  ('txn_469', 'm_019', 'c_270', 220.51, '2024-01-02 22:37:35', 'completed', 'card'),
  ('txn_470', 'm_002', 'c_179', 465.69, '2024-01-07 22:52:49', 'completed', 'wallet'),
  ('txn_471', 'm_002', 'c_112', 321.94, '2024-01-13 13:50:46', 'completed', 'card'),
  ('txn_472', 'm_013', 'c_114', 21.64, '2024-01-06 14:57:29', 'completed', 'wallet'),
  ('txn_473', 'm_008', 'c_151', 22.85, '2024-01-03 02:35:22', 'completed', 'card'),
  ('txn_474', 'm_011', 'c_240', 179.8, '2024-01-13 13:36:25', 'completed', 'bank_transfer'),
  ('txn_475', 'm_001', 'c_178', 353.29, '2024-01-14 13:42:26', 'completed', 'wallet'),
  ('txn_476', 'm_015', 'c_130', 481.83, '2024-01-05 17:19:08', 'completed', 'card'),
  ('txn_477', 'm_018', 'c_170', 289.58, '2024-01-03 14:01:13', 'completed', 'card'),
  ('txn_478', 'm_003', 'c_274', 150.65, '2024-01-14 01:21:05', 'completed', 'wallet'),
  ('txn_479', 'm_011', 'c_248', 483.2, '2024-01-09 05:52:00', 'completed', 'bank_transfer'),
  ('txn_480', 'm_018', 'c_172', 448.78, '2024-01-02 15:21:11', 'completed', 'bank_transfer'),
  ('txn_481', 'm_016', 'c_147', 340.07, '2024-01-09 13:41:36', 'completed', 'card'),
  ('txn_482', 'm_001', 'c_178', 416.93, '2024-01-09 07:13:31', 'completed', 'card'),
  ('txn_483', 'm_003', 'c_274', 466.04, '2024-01-14 22:12:42', 'completed', 'card'),
  ('txn_484', 'm_011', 'c_140', 473.82, '2024-01-05 20:18:51', 'pending', 'card'),
  ('txn_485', 'm_010', 'c_272', 124.82, '2024-01-07 01:27:29', 'completed', 'card'),
  ('txn_486', 'm_015', 'c_085', 390.57, '2024-01-12 22:59:53', 'completed', 'card'),
  ('txn_487', 'm_001', 'c_178', 479.21, '2024-01-12 22:48:32', 'completed', 'card'),
  ('txn_488', 'm_011', 'c_248', 95.52, '2024-01-06 09:22:42', 'refunded', 'wallet'),
  ('txn_489', 'm_007', 'c_007', 265.24, '2024-01-01 18:58:08', 'completed', 'bank_transfer'),
  ('txn_490', 'm_015', 'c_132', 430.9, '2024-01-03 22:07:10', 'refunded', 'card'),
  ('txn_491', 'm_018', 'c_156', 346.16, '2024-01-03 10:41:23', 'completed', 'card'),
  ('txn_492', 'm_014', 'c_092', 308.33, '2024-01-06 18:08:36', 'completed', 'card'),
  ('txn_493', 'm_011', 'c_248', 479.47, '2024-01-11 06:57:52', 'completed', 'card'),
  ('txn_494', 'm_009', 'c_222', 351.85, '2024-01-07 18:53:45', 'completed', 'card'),
  ('txn_495', 'm_018', 'c_072', 287.85, '2024-01-07 13:15:24', 'completed', 'card'),
  ('txn_496', 'm_010', 'c_243', 218.95, '2024-01-04 15:07:05', 'completed', 'card'),
  ('txn_497', 'm_019', 'c_022', 92.42, '2024-01-13 13:10:42', 'completed', 'card'),
  ('txn_498', 'm_014', 'c_197', 153.52, '2024-01-03 00:07:00', 'completed', 'wallet'),
  ('txn_499', 'm_008', 'c_010', 111.66, '2024-01-03 08:05:59', 'completed', 'bank_transfer'),
  ('txn_500', 'm_018', 'c_156', 133.59, '2024-01-07 06:07:47', 'completed', 'wallet');

INSERT INTO transactions (transaction_id, merchant_id, customer_id, amount, transaction_date, status, payment_method) VALUES
  ('txn_501', 'm_015', 'c_013', 208.82, '2024-01-14 23:28:58', 'completed', 'wallet'),
  ('txn_502', 'm_008', 'c_097', 180.78, '2024-01-11 20:21:20', 'pending', 'wallet'),
  ('txn_503', 'm_003', 'c_242', 308.76, '2024-01-09 04:32:34', 'completed', 'card'),
  ('txn_504', 'm_017', 'c_227', 425.21, '2024-01-06 12:56:47', 'completed', 'card'),
  ('txn_505', 'm_014', 'c_092', 328.24, '2024-01-10 14:22:09', 'failed', 'card'),
  ('txn_506', 'm_011', 'c_248', 391.58, '2024-01-11 22:18:43', 'completed', 'wallet'),
  ('txn_507', 'm_017', 'c_093', 96.02, '2024-01-07 02:35:42', 'completed', 'card'),
  ('txn_508', 'm_003', 'c_149', 87.62, '2024-01-12 11:39:02', 'completed', 'card'),
  ('txn_509', 'm_002', 'c_028', 386.61, '2024-01-04 18:27:13', 'completed', 'card'),
  ('txn_510', 'm_003', 'c_242', 158.14, '2024-01-04 01:38:24', 'completed', 'card'),
  ('txn_511', 'm_007', 'c_207', 420.07, '2024-01-08 21:26:36', 'completed', 'card'),
  ('txn_512', 'm_019', 'c_219', 487.62, '2024-01-04 06:42:36', 'completed', 'card'),
  ('txn_513', 'm_008', 'c_151', 300.8, '2024-01-13 22:57:06', 'completed', 'wallet'),
  ('txn_514', 'm_013', 'c_237', 243.42, '2024-01-09 21:05:03', 'completed', 'card'),
  ('txn_515', 'm_017', 'c_141', 82.08, '2024-01-04 07:24:02', 'completed', 'card'),
  ('txn_516', 'm_015', 'c_109', 237.25, '2024-01-12 13:54:42', 'completed', 'bank_transfer'),
  ('txn_517', 'm_013', 'c_027', 384.11, '2024-01-01 04:12:17', 'completed', 'wallet'),
  ('txn_518', 'm_015', 'c_096', 208.81, '2024-01-04 23:06:40', 'completed', 'bank_transfer'),
  ('txn_519', 'm_016', 'c_185', 114.19, '2024-01-13 12:56:49', 'completed', 'bank_transfer'),
  ('txn_520', 'm_011', 'c_215', 325.99, '2024-01-02 15:52:59', 'completed', 'card'),
  ('txn_521', 'm_008', 'c_010', 148.35, '2024-01-07 14:31:46', 'completed', 'bank_transfer'),
  ('txn_522', 'm_019', 'c_128', 163.72, '2024-01-01 12:53:31', 'completed', 'card'),
  ('txn_523', 'm_008', 'c_010', 144.65, '2024-01-06 15:37:19', 'completed', 'bank_transfer'),
  ('txn_524', 'm_003', 'c_123', 12.29, '2024-01-13 02:20:11', 'completed', 'card'),
  ('txn_525', 'm_015', 'c_150', 349.98, '2024-01-04 13:06:08', 'completed', 'card'),
  ('txn_526', 'm_002', 'c_133', 388.95, '2024-01-05 15:57:36', 'completed', 'wallet'),
  ('txn_527', 'm_011', 'c_240', 414.98, '2024-01-11 18:02:36', 'completed', 'card'),
  ('txn_528', 'm_010', 'c_272', 497.3, '2024-01-03 06:44:09', 'completed', 'bank_transfer'),
  ('txn_529', 'm_009', 'c_253', 197.62, '2024-01-02 00:34:30', 'completed', 'card'),
  ('txn_530', 'm_006', 'c_184', 243.21, '2024-01-02 06:20:35', 'completed', 'card'),
  ('txn_531', 'm_009', 'c_079', 121.8, '2024-01-07 00:03:00', 'completed', 'card'),
  ('txn_532', 'm_006', 'c_268', 395.63, '2024-01-12 12:51:54', 'completed', 'card'),
  ('txn_533', 'm_007', 'c_062', 386.54, '2024-01-09 05:08:42', 'completed', 'card'),
  ('txn_534', 'm_002', 'c_039', 180.98, '2024-01-04 01:17:59', 'completed', 'wallet'),
  ('txn_535', 'm_019', 'c_135', 161.79, '2024-01-11 15:34:20', 'completed', 'card'),
  ('txn_536', 'm_009', 'c_009', 346.18, '2024-01-01 23:00:13', 'completed', 'card'),
  ('txn_537', 'm_019', 'c_298', 221.56, '2024-01-05 14:33:08', 'completed', 'wallet'),
  ('txn_538', 'm_008', 'c_151', 177.09, '2024-01-15 12:45:22', 'failed', 'bank_transfer'),
  ('txn_539', 'm_008', 'c_010', 267.91, '2024-01-14 03:30:30', 'completed', 'card'),
  ('txn_540', 'm_015', 'c_150', 5.36, '2024-01-05 12:04:53', 'completed', 'wallet'),
  ('txn_541', 'm_001', 'c_178', 429.13, '2024-01-02 12:53:57', 'refunded', 'wallet'),
  ('txn_542', 'm_016', 'c_115', 264.41, '2024-01-07 20:56:04', 'completed', 'wallet'),
  ('txn_543', 'm_014', 'c_162', 322.25, '2024-01-02 14:50:37', 'completed', 'card'),
  ('txn_544', 'm_002', 'c_102', 93.43, '2024-01-05 15:37:29', 'completed', 'card'),
  ('txn_545', 'm_006', 'c_020', 287.65, '2024-01-15 07:52:30', 'completed', 'bank_transfer'),
  ('txn_546', 'm_011', 'c_012', 186.35, '2024-01-06 00:05:00', 'completed', 'card'),
  ('txn_547', 'm_019', 'c_057', 236.69, '2024-01-11 02:18:37', 'completed', 'card'),
  ('txn_548', 'm_015', 'c_251', 33.86, '2024-01-02 17:00:14', 'completed', 'card'),
  ('txn_549', 'm_013', 'c_030', 472.58, '2024-01-06 14:34:39', 'completed', 'card'),
  ('txn_550', 'm_016', 'c_115', 100.59, '2024-01-05 08:12:56', 'completed', 'card');

INSERT INTO transactions (transaction_id, merchant_id, customer_id, amount, transaction_date, status, payment_method) VALUES
  ('txn_551', 'm_017', 'c_060', 384.31, '2024-01-11 08:47:21', 'completed', 'card'),
  ('txn_552', 'm_006', 'c_119', 397.27, '2024-01-04 20:08:40', 'completed', 'bank_transfer'),
  ('txn_553', 'm_018', 'c_156', 451.73, '2024-01-11 00:12:26', 'completed', 'card'),
  ('txn_554', 'm_017', 'c_148', 306.16, '2024-01-14 08:32:14', 'completed', 'wallet'),
  ('txn_555', 'm_011', 'c_236', 481.02, '2024-01-01 00:00:00', 'completed', 'bank_transfer'),
  ('txn_556', 'm_001', 'c_178', 71.87, '2024-01-06 09:15:30', 'completed', 'card'),
  ('txn_557', 'm_009', 'c_188', 15.74, '2024-01-13 09:50:14', 'pending', 'card'),
  ('txn_558', 'm_007', 'c_014', 23.68, '2024-01-09 21:50:28', 'completed', 'card'),
  ('txn_559', 'm_010', 'c_071', 131.84, '2024-01-14 19:30:15', 'completed', 'card'),
  ('txn_560', 'm_009', 'c_056', 363.17, '2024-01-14 23:40:47', 'completed', 'card'),
  ('txn_561', 'm_006', 'c_184', 23.5, '2024-01-02 08:34:38', 'completed', 'bank_transfer'),
  ('txn_562', 'm_014', 'c_092', 440.5, '2024-01-03 22:13:11', 'completed', 'bank_transfer'),
  ('txn_563', 'm_010', 'c_272', 328.13, '2024-01-10 06:48:53', 'completed', 'card'),
  ('txn_564', 'm_002', 'c_160', 264.57, '2024-01-08 22:23:35', 'completed', 'wallet'),
  ('txn_565', 'm_010', 'c_070', 30.01, '2024-01-15 10:41:22', 'failed', 'bank_transfer'),
  ('txn_566', 'm_003', 'c_149', 218.81, '2024-01-03 00:05:09', 'completed', 'card'),
  ('txn_567', 'm_019', 'c_258', 373.93, '2024-01-10 16:09:31', 'completed', 'bank_transfer'),
  ('txn_568', 'm_017', 'c_093', 382.21, '2024-01-10 14:17:23', 'completed', 'wallet'),
  ('txn_569', 'm_009', 'c_278', 309.92, '2024-01-02 17:44:08', 'failed', 'wallet'),
  ('txn_570', 'm_011', 'c_240', 165.09, '2024-01-11 00:55:44', 'completed', 'card'),
  ('txn_571', 'm_017', 'c_148', 177.41, '2024-01-01 14:06:05', 'completed', 'card'),
  ('txn_572', 'm_013', 'c_043', 493.89, '2024-01-11 16:35:18', 'completed', 'bank_transfer'),
  ('txn_573', 'm_002', 'c_126', 103.84, '2024-01-03 01:59:25', 'completed', 'card'),
  ('txn_574', 'm_006', 'c_020', 125.31, '2024-01-07 23:35:19', 'completed', 'card'),
  ('txn_575', 'm_001', 'c_159', 348.43, '2024-01-01 13:15:06', 'completed', 'card'),
  ('txn_576', 'm_014', 'c_077', 371.31, '2024-01-07 06:40:45', 'completed', 'card'),
  ('txn_577', 'm_019', 'c_270', 366.31, '2024-01-13 18:52:57', 'completed', 'card'),
  ('txn_578', 'm_002', 'c_133', 89.31, '2024-01-15 23:59:26', 'completed', 'card'),
  ('txn_579', 'm_011', 'c_012', 235.16, '2024-01-07 14:02:59', 'completed', 'card'),
  ('txn_580', 'm_015', 'c_067', 14.44, '2024-01-10 05:46:28', 'completed', 'bank_transfer'),
  ('txn_581', 'm_006', 'c_203', 244.91, '2024-01-05 19:51:11', 'completed', 'wallet'),
  ('txn_582', 'm_018', 'c_267', 463.54, '2024-01-13 20:24:24', 'completed', 'card'),
  ('txn_583', 'm_013', 'c_237', 247.52, '2024-01-08 23:56:00', 'refunded', 'card'),
  ('txn_584', 'm_013', 'c_114', 498.02, '2024-01-07 06:06:32', 'completed', 'card'),
  ('txn_585', 'm_016', 'c_004', 472.35, '2024-01-10 12:50:59', 'completed', 'card'),
  ('txn_586', 'm_007', 'c_014', 366.3, '2024-01-06 12:29:11', 'completed', 'wallet'),
  ('txn_587', 'm_017', 'c_137', 288.58, '2024-01-08 23:49:20', 'completed', 'card'),
  ('txn_588', 'm_018', 'c_267', 70.23, '2024-01-05 21:51:15', 'completed', 'card'),
  ('txn_589', 'm_007', 'c_042', 345.82, '2024-01-04 12:33:26', 'completed', 'card'),
  ('txn_590', 'm_008', 'c_097', 38.57, '2024-01-04 12:46:23', 'completed', 'card'),
  ('txn_591', 'm_001', 'c_159', 440.67, '2024-01-07 15:29:52', 'completed', 'bank_transfer'),
  ('txn_592', 'm_007', 'c_029', 57.85, '2024-01-15 20:30:18', 'completed', 'card'),
  ('txn_593', 'm_011', 'c_193', 300.2, '2024-01-12 13:38:27', 'completed', 'card'),
  ('txn_594', 'm_007', 'c_207', 423.84, '2024-01-10 09:42:43', 'completed', 'card'),
  ('txn_595', 'm_019', 'c_220', 73.07, '2024-01-01 00:14:00', 'completed', 'card'),
  ('txn_596', 'm_011', 'c_240', 115.16, '2024-01-02 14:31:37', 'pending', 'card'),
  ('txn_597', 'm_008', 'c_097', 434.23, '2024-01-06 23:45:43', 'completed', 'card'),
  ('txn_598', 'm_017', 'c_227', 389.23, '2024-01-10 13:36:33', 'completed', 'bank_transfer'),
  ('txn_599', 'm_002', 'c_231', 59.11, '2024-01-06 23:08:35', 'completed', 'card'),
  ('txn_600', 'm_016', 'c_017', 281.06, '2024-01-11 16:03:31', 'completed', 'card');

INSERT INTO transactions (transaction_id, merchant_id, customer_id, amount, transaction_date, status, payment_method) VALUES
  ('txn_601', 'm_016', 'c_155', 387.97, '2024-01-08 03:30:42', 'completed', 'bank_transfer'),
  ('txn_602', 'm_002', 'c_231', 452.32, '2024-01-13 03:39:15', 'completed', 'bank_transfer'),
  ('txn_603', 'm_006', 'c_119', 390.47, '2024-01-11 00:54:56', 'pending', 'wallet'),
  ('txn_604', 'm_014', 'c_197', 17.33, '2024-01-05 21:38:02', 'completed', 'wallet'),
  ('txn_605', 'm_018', 'c_025', 128.79, '2024-01-03 23:58:11', 'pending', 'card'),
  ('txn_606', 'm_003', 'c_099', 354.58, '2024-01-10 07:44:49', 'completed', 'card'),
  ('txn_607', 'm_008', 'c_097', 277.42, '2024-01-14 17:25:21', 'completed', 'card'),
  ('txn_608', 'm_007', 'c_021', 435.07, '2024-01-08 12:18:26', 'completed', 'card'),
  ('txn_609', 'm_018', 'c_122', 315.09, '2024-01-01 02:03:29', 'completed', 'card'),
  ('txn_610', 'm_011', 'c_012', 232.03, '2024-01-15 18:10:34', 'completed', 'wallet'),
  ('txn_611', 'm_019', 'c_135', 112.35, '2024-01-11 17:24:39', 'completed', 'bank_transfer'),
  ('txn_612', 'm_003', 'c_297', 302.05, '2024-01-14 12:47:44', 'completed', 'wallet'),
  ('txn_613', 'm_009', 'c_046', 96.5, '2024-01-01 00:06:00', 'completed', 'card'),
  ('txn_614', 'm_013', 'c_237', 460.59, '2024-01-05 07:50:13', 'completed', 'card'),
  ('txn_615', 'm_008', 'c_151', 145.77, '2024-01-14 15:29:31', 'completed', 'wallet'),
  ('txn_616', 'm_008', 'c_097', 375.92, '2024-01-08 06:21:06', 'completed', 'card'),
  ('txn_617', 'm_014', 'c_092', 449.28, '2024-01-02 13:49:19', 'completed', 'bank_transfer'),
  ('txn_618', 'm_013', 'c_275', 71.6, '2024-01-11 01:01:53', 'pending', 'card'),
  ('txn_619', 'm_009', 'c_142', 307.97, '2024-01-13 20:08:01', 'completed', 'wallet'),
  ('txn_620', 'm_003', 'c_263', 363.42, '2024-01-08 16:22:04', 'completed', 'card'),
  ('txn_621', 'm_011', 'c_236', 463.92, '2024-01-13 01:57:18', 'completed', 'wallet'),
  ('txn_622', 'm_019', 'c_095', 442.41, '2024-01-01 00:55:15', 'completed', 'card'),
  ('txn_623', 'm_006', 'c_020', 235.12, '2024-01-11 01:32:26', 'completed', 'card'),
  ('txn_624', 'm_017', 'c_036', 170.23, '2024-01-05 00:07:00', 'completed', 'card'),
  ('txn_625', 'm_013', 'c_127', 396.15, '2024-01-08 20:41:57', 'completed', 'card'),
  ('txn_626', 'm_001', 'c_051', 344.49, '2024-01-15 22:50:31', 'completed', 'bank_transfer'),
  ('txn_627', 'm_001', 'c_051', 101.04, '2024-01-01 20:42:51', 'completed', 'bank_transfer'),
  ('txn_628', 'm_007', 'c_131', 81.92, '2024-01-12 05:24:30', 'completed', 'wallet'),
  ('txn_629', 'm_017', 'c_036', 418.38, '2024-01-08 15:47:37', 'completed', 'wallet'),
  ('txn_630', 'm_001', 'c_051', 290.81, '2024-01-04 14:58:35', 'completed', 'card'),
  ('txn_631', 'm_011', 'c_012', 172.88, '2024-01-14 20:37:15', 'completed', 'wallet'),
  ('txn_632', 'm_016', 'c_086', 299.62, '2024-01-08 15:12:33', 'refunded', 'card'),
  ('txn_633', 'm_002', 'c_133', 209.87, '2024-01-08 08:17:38', 'completed', 'card'),
  ('txn_634', 'm_009', 'c_269', 154.65, '2024-01-05 21:43:51', 'completed', 'card'),
  ('txn_635', 'm_003', 'c_263', 255.47, '2024-01-09 06:07:54', 'completed', 'wallet'),
  ('txn_636', 'm_019', 'c_299', 437.57, '2024-01-03 09:14:08', 'completed', 'card'),
  ('txn_637', 'm_007', 'c_029', 363.66, '2024-01-13 16:17:16', 'completed', 'bank_transfer'),
  ('txn_638', 'm_006', 'c_020', 158.94, '2024-01-09 02:09:19', 'completed', 'wallet'),
  ('txn_639', 'm_018', 'c_003', 56.04, '2024-01-08 00:05:00', 'refunded', 'card'),
  ('txn_640', 'm_009', 'c_188', 104.27, '2024-01-11 16:58:06', 'completed', 'card'),
  ('txn_641', 'm_006', 'c_184', 78.91, '2024-01-14 00:01:00', 'completed', 'card'),
  ('txn_642', 'm_006', 'c_146', 273.55, '2024-01-07 21:00:55', 'completed', 'card'),
  ('txn_643', 'm_010', 'c_070', 40.27, '2024-01-02 05:33:00', 'completed', 'card'),
  ('txn_644', 'm_007', 'c_007', 238.01, '2024-01-02 07:20:26', 'pending', 'card'),
  ('txn_645', 'm_003', 'c_242', 199.0, '2024-01-11 19:43:06', 'failed', 'wallet'),
  ('txn_646', 'm_015', 'c_109', 169.5, '2024-01-12 07:17:13', 'completed', 'wallet'),
  ('txn_647', 'm_007', 'c_014', 407.36, '2024-01-08 12:48:58', 'pending', 'bank_transfer'),
  ('txn_648', 'm_018', 'c_172', 119.69, '2024-01-15 23:23:41', 'completed', 'card'),
  ('txn_649', 'm_011', 'c_236', 199.08, '2024-01-08 21:11:13', 'pending', 'card'),
  ('txn_650', 'm_018', 'c_172', 19.98, '2024-01-12 04:41:33', 'completed', 'card');

INSERT INTO transactions (transaction_id, merchant_id, customer_id, amount, transaction_date, status, payment_method) VALUES
  ('txn_651', 'm_008', 'c_097', 385.13, '2024-01-03 11:57:44', 'completed', 'wallet'),
  ('txn_652', 'm_016', 'c_040', 166.31, '2024-01-13 22:20:48', 'completed', 'card'),
  ('txn_653', 'm_018', 'c_170', 297.32, '2024-01-04 20:38:09', 'completed', 'wallet'),
  ('txn_654', 'm_019', 'c_204', 37.7, '2024-01-11 13:36:42', 'completed', 'wallet'),
  ('txn_655', 'm_014', 'c_212', 348.6, '2024-01-14 22:29:20', 'completed', 'card'),
  ('txn_656', 'm_019', 'c_089', 298.12, '2024-01-11 19:21:26', 'completed', 'card'),
  ('txn_657', 'm_008', 'c_097', 478.16, '2024-01-15 11:25:52', 'completed', 'wallet'),
  ('txn_658', 'm_016', 'c_171', 249.68, '2024-01-04 08:55:29', 'completed', 'card'),
  ('txn_659', 'm_001', 'c_051', 332.14, '2024-01-15 22:35:48', 'completed', 'wallet'),
  ('txn_660', 'm_018', 'c_110', 106.8, '2024-01-08 09:24:47', 'completed', 'card'),
  ('txn_661', 'm_017', 'c_148', 495.19, '2024-01-13 09:20:36', 'completed', 'card'),
  ('txn_662', 'm_016', 'c_076', 426.99, '2024-01-02 06:56:56', 'completed', 'card'),
  ('txn_663', 'm_001', 'c_178', 282.21, '2024-01-01 18:09:59', 'completed', 'card'),
  ('txn_664', 'm_010', 'c_177', 352.6, '2024-01-10 20:31:52', 'completed', 'card'),
  ('txn_665', 'm_016', 'c_209', 274.83, '2024-01-05 13:39:00', 'completed', 'card'),
  ('txn_666', 'm_016', 'c_175', 420.78, '2024-01-04 01:08:15', 'completed', 'card'),
  ('txn_667', 'm_007', 'c_007', 40.51, '2024-01-12 19:31:26', 'completed', 'card'),
  ('txn_668', 'm_017', 'c_093', 46.91, '2024-01-15 16:06:20', 'completed', 'bank_transfer'),
  ('txn_669', 'm_017', 'c_093', 229.93, '2024-01-10 08:06:45', 'completed', 'wallet'),
  ('txn_670', 'm_015', 'c_098', 96.97, '2024-01-06 17:55:00', 'completed', 'card'),
  ('txn_671', 'm_011', 'c_240', 463.65, '2024-01-01 00:03:00', 'completed', 'card'),
  ('txn_672', 'm_019', 'c_298', 187.45, '2024-01-02 22:38:24', 'completed', 'bank_transfer'),
  ('txn_673', 'm_007', 'c_235', 366.99, '2024-01-02 21:34:29', 'refunded', 'card'),
  ('txn_674', 'm_003', 'c_149', 238.86, '2024-01-14 02:06:18', 'failed', 'card'),
  ('txn_675', 'm_013', 'c_027', 452.27, '2024-01-13 10:38:52', 'completed', 'card'),
  ('txn_676', 'm_019', 'c_258', 368.24, '2024-01-08 03:37:38', 'completed', 'card'),
  ('txn_677', 'm_013', 'c_043', 22.49, '2024-01-14 16:22:57', 'completed', 'card'),
  ('txn_678', 'm_011', 'c_012', 316.5, '2024-01-08 01:57:30', 'completed', 'card'),
  ('txn_679', 'm_001', 'c_159', 244.96, '2024-01-07 17:51:31', 'completed', 'wallet'),
  ('txn_680', 'm_011', 'c_140', 309.82, '2024-01-03 00:04:00', 'completed', 'card'),
  ('txn_681', 'm_008', 'c_151', 370.79, '2024-01-05 06:10:39', 'completed', 'bank_transfer'),
  ('txn_682', 'm_011', 'c_193', 245.03, '2024-01-03 01:10:02', 'completed', 'card'),
  ('txn_683', 'm_007', 'c_213', 467.3, '2024-01-11 00:33:34', 'completed', 'bank_transfer'),
  ('txn_684', 'm_016', 'c_147', 332.03, '2024-01-09 09:01:16', 'failed', 'card'),
  ('txn_685', 'm_002', 'c_288', 135.88, '2024-01-10 16:17:08', 'completed', 'card'),
  ('txn_686', 'm_019', 'c_168', 240.75, '2024-01-10 11:13:57', 'refunded', 'wallet'),
  ('txn_687', 'm_019', 'c_145', 76.85, '2024-01-11 21:27:25', 'completed', 'card'),
  ('txn_688', 'm_016', 'c_171', 481.07, '2024-01-13 21:30:02', 'pending', 'card'),
  ('txn_689', 'm_015', 'c_138', 307.19, '2024-01-07 11:35:23', 'completed', 'card'),
  ('txn_690', 'm_006', 'c_184', 328.9, '2024-01-06 20:51:24', 'completed', 'bank_transfer'),
  ('txn_691', 'm_009', 'c_269', 172.02, '2024-01-01 06:09:43', 'pending', 'card'),
  ('txn_692', 'm_001', 'c_051', 10.92, '2024-01-11 19:46:48', 'completed', 'wallet'),
  ('txn_693', 'm_015', 'c_098', 364.0, '2024-01-02 23:46:00', 'completed', 'card'),
  ('txn_694', 'm_009', 'c_290', 320.85, '2024-01-15 16:15:18', 'failed', 'card'),
  ('txn_695', 'm_007', 'c_087', 329.92, '2024-01-05 11:38:07', 'completed', 'wallet'),
  ('txn_696', 'm_006', 'c_119', 130.4, '2024-01-07 17:00:18', 'completed', 'card'),
  ('txn_697', 'm_017', 'c_148', 132.38, '2024-01-02 12:20:35', 'refunded', 'card'),
  ('txn_698', 'm_016', 'c_185', 169.66, '2024-01-07 10:10:42', 'completed', 'card'),
  ('txn_699', 'm_008', 'c_097', 39.35, '2024-01-12 22:38:38', 'completed', 'wallet'),
  ('txn_700', 'm_006', 'c_119', 272.61, '2024-01-03 13:53:41', 'completed', 'card');

INSERT INTO transactions (transaction_id, merchant_id, customer_id, amount, transaction_date, status, payment_method) VALUES
  ('txn_701', 'm_018', 'c_122', 56.13, '2024-01-07 01:58:58', 'completed', 'card'),
  ('txn_702', 'm_018', 'c_003', 448.77, '2024-01-10 11:28:23', 'completed', 'card'),
  ('txn_703', 'm_011', 'c_140', 351.53, '2024-01-12 00:00:00', 'completed', 'wallet'),
  ('txn_704', 'm_017', 'c_227', 422.8, '2024-01-01 01:55:36', 'refunded', 'card'),
  ('txn_705', 'm_016', 'c_250', 65.0, '2024-01-08 08:24:36', 'completed', 'card'),
  ('txn_706', 'm_016', 'c_017', 317.97, '2024-01-09 06:06:03', 'completed', 'card'),
  ('txn_707', 'm_003', 'c_263', 381.42, '2024-01-01 22:54:43', 'completed', 'card'),
  ('txn_708', 'm_016', 'c_115', 152.94, '2024-01-09 17:17:05', 'completed', 'card'),
  ('txn_709', 'm_019', 'c_057', 443.18, '2024-01-05 16:29:04', 'completed', 'card'),
  ('txn_710', 'm_001', 'c_178', 498.21, '2024-01-14 02:53:39', 'completed', 'bank_transfer'),
  ('txn_711', 'm_013', 'c_275', 269.3, '2024-01-01 23:55:00', 'completed', 'card'),
  ('txn_712', 'm_002', 'c_179', 63.5, '2024-01-14 00:34:10', 'completed', 'wallet'),
  ('txn_713', 'm_007', 'c_235', 291.78, '2024-01-12 20:48:06', 'completed', 'card'),
  ('txn_714', 'm_001', 'c_159', 454.05, '2024-01-04 04:02:37', 'completed', 'card'),
  ('txn_715', 'm_001', 'c_051', 318.17, '2024-01-05 03:26:01', 'completed', 'card'),
  ('txn_716', 'm_003', 'c_099', 61.52, '2024-01-05 22:02:49', 'completed', 'wallet'),
  ('txn_717', 'm_017', 'c_148', 406.7, '2024-01-14 23:31:30', 'failed', 'bank_transfer'),
  ('txn_718', 'm_007', 'c_062', 419.03, '2024-01-09 03:26:42', 'completed', 'card'),
  ('txn_719', 'm_003', 'c_099', 140.58, '2024-01-09 23:29:53', 'refunded', 'bank_transfer'),
  ('txn_720', 'm_008', 'c_097', 125.6, '2024-01-15 20:46:22', 'completed', 'card'),
  ('txn_721', 'm_016', 'c_086', 12.74, '2024-01-05 00:14:00', 'completed', 'card'),
  ('txn_722', 'm_003', 'c_297', 444.02, '2024-01-06 00:05:49', 'completed', 'bank_transfer'),
  ('txn_723', 'm_007', 'c_218', 139.12, '2024-01-05 05:40:55', 'completed', 'bank_transfer'),
  ('txn_724', 'm_002', 'c_271', 94.1, '2024-01-08 07:27:41', 'completed', 'wallet'),
  ('txn_725', 'm_015', 'c_138', 7.26, '2024-01-13 20:51:47', 'completed', 'card'),
  ('txn_726', 'm_006', 'c_203', 432.05, '2024-01-06 01:13:55', 'completed', 'wallet'),
  ('txn_727', 'm_011', 'c_012', 100.89, '2024-01-04 21:04:00', 'completed', 'bank_transfer'),
  ('txn_728', 'm_002', 'c_039', 324.21, '2024-01-09 02:44:26', 'completed', 'card'),
  ('txn_729', 'm_018', 'c_003', 56.69, '2024-01-01 16:55:54', 'completed', 'wallet'),
  ('txn_730', 'm_019', 'c_230', 62.45, '2024-01-08 21:53:33', 'completed', 'bank_transfer'),
  ('txn_731', 'm_017', 'c_137', 374.81, '2024-01-08 21:59:08', 'completed', 'card'),
  ('txn_732', 'm_010', 'c_065', 122.37, '2024-01-06 08:32:43', 'completed', 'card'),
  ('txn_733', 'm_003', 'c_263', 294.62, '2024-01-15 19:01:14', 'completed', 'bank_transfer'),
  ('txn_734', 'm_018', 'c_072', 196.73, '2024-01-09 16:53:38', 'completed', 'bank_transfer'),
  ('txn_735', 'm_011', 'c_193', 171.27, '2024-01-04 07:31:04', 'completed', 'wallet'),
  ('txn_736', 'm_006', 'c_294', 232.0, '2024-01-08 03:56:38', 'completed', 'card'),
  ('txn_737', 'm_008', 'c_151', 476.62, '2024-01-06 13:48:40', 'completed', 'wallet'),
  ('txn_738', 'm_003', 'c_242', 429.2, '2024-01-12 05:34:44', 'completed', 'card'),
  ('txn_739', 'm_011', 'c_012', 366.36, '2024-01-11 12:58:05', 'failed', 'card'),
  ('txn_740', 'm_010', 'c_245', 473.39, '2024-01-02 01:45:44', 'completed', 'card'),
  ('txn_741', 'm_002', 'c_221', 368.07, '2024-01-10 13:42:29', 'completed', 'card'),
  ('txn_742', 'm_019', 'c_298', 411.54, '2024-01-14 13:20:32', 'completed', 'bank_transfer'),
  ('txn_743', 'm_001', 'c_178', 367.23, '2024-01-06 19:15:50', 'completed', 'card'),
  ('txn_744', 'm_003', 'c_031', 242.49, '2024-01-14 20:16:15', 'completed', 'card'),
  ('txn_745', 'm_001', 'c_159', 234.56, '2024-01-09 23:47:08', 'completed', 'bank_transfer'),
  ('txn_746', 'm_018', 'c_003', 430.89, '2024-01-09 01:55:54', 'completed', 'bank_transfer'),
  ('txn_747', 'm_002', 'c_160', 215.82, '2024-01-06 00:40:17', 'completed', 'wallet'),
  ('txn_748', 'm_003', 'c_297', 441.02, '2024-01-09 20:02:23', 'failed', 'card'),
  ('txn_749', 'm_002', 'c_075', 194.56, '2024-01-08 23:50:00', 'completed', 'wallet'),
  ('txn_750', 'm_003', 'c_274', 356.12, '2024-01-06 19:00:49', 'completed', 'card');

INSERT INTO transactions (transaction_id, merchant_id, customer_id, amount, transaction_date, status, payment_method) VALUES
  ('txn_751', 'm_006', 'c_294', 370.0, '2024-01-06 02:12:49', 'refunded', 'wallet'),
  ('txn_752', 'm_010', 'c_100', 179.59, '2024-01-07 17:26:55', 'completed', 'wallet'),
  ('txn_753', 'm_002', 'c_049', 189.54, '2024-01-03 23:29:00', 'completed', 'bank_transfer'),
  ('txn_754', 'm_019', 'c_298', 268.29, '2024-01-09 22:27:37', 'completed', 'card'),
  ('txn_755', 'm_003', 'c_149', 446.49, '2024-01-05 08:09:55', 'completed', 'card'),
  ('txn_756', 'm_013', 'c_030', 59.14, '2024-01-13 01:07:56', 'completed', 'card'),
  ('txn_757', 'm_007', 'c_029', 262.74, '2024-01-14 03:24:31', 'completed', 'card'),
  ('txn_758', 'm_007', 'c_131', 176.62, '2024-01-02 12:40:14', 'completed', 'card'),
  ('txn_759', 'm_001', 'c_051', 418.3, '2024-01-09 07:41:27', 'completed', 'card'),
  ('txn_760', 'm_014', 'c_197', 298.71, '2024-01-11 19:22:50', 'pending', 'wallet'),
  ('txn_761', 'm_018', 'c_122', 285.79, '2024-01-06 12:06:36', 'completed', 'card'),
  ('txn_762', 'm_019', 'c_201', 485.51, '2024-01-07 21:39:52', 'refunded', 'card'),
  ('txn_763', 'm_018', 'c_072', 311.22, '2024-01-05 06:09:15', 'completed', 'wallet'),
  ('txn_764', 'm_007', 'c_021', 122.76, '2024-01-11 16:50:10', 'completed', 'card'),
  ('txn_765', 'm_011', 'c_236', 96.33, '2024-01-09 08:18:19', 'completed', 'card'),
  ('txn_766', 'm_007', 'c_062', 226.97, '2024-01-01 14:31:11', 'completed', 'wallet'),
  ('txn_767', 'm_016', 'c_250', 385.42, '2024-01-14 06:09:10', 'completed', 'card'),
  ('txn_768', 'm_014', 'c_255', 354.2, '2024-01-14 22:13:13', 'completed', 'card'),
  ('txn_769', 'm_007', 'c_213', 365.63, '2024-01-12 15:01:36', 'completed', 'card'),
  ('txn_770', 'm_002', 'c_102', 340.61, '2024-01-15 00:11:00', 'completed', 'card'),
  ('txn_771', 'm_010', 'c_200', 181.91, '2024-01-05 17:40:58', 'completed', 'card'),
  ('txn_772', 'm_010', 'c_285', 468.15, '2024-01-14 00:12:00', 'completed', 'card'),
  ('txn_773', 'm_018', 'c_025', 488.04, '2024-01-15 15:22:23', 'completed', 'card'),
  ('txn_774', 'm_002', 'c_176', 201.79, '2024-01-10 01:11:23', 'failed', 'bank_transfer'),
  ('txn_775', 'm_001', 'c_159', 175.74, '2024-01-03 03:01:47', 'completed', 'bank_transfer'),
  ('txn_776', 'm_009', 'c_228', 372.06, '2024-01-11 06:54:00', 'completed', 'bank_transfer'),
  ('txn_777', 'm_017', 'c_093', 418.58, '2024-01-08 08:38:41', 'completed', 'card'),
  ('txn_778', 'm_019', 'c_230', 493.39, '2024-01-03 03:31:29', 'completed', 'wallet'),
  ('txn_779', 'm_001', 'c_159', 321.21, '2024-01-12 05:12:15', 'completed', 'bank_transfer'),
  ('txn_780', 'm_007', 'c_029', 97.07, '2024-01-02 00:36:08', 'completed', 'card'),
  ('txn_781', 'm_013', 'c_127', 249.58, '2024-01-01 01:25:31', 'failed', 'bank_transfer'),
  ('txn_782', 'm_007', 'c_042', 153.58, '2024-01-07 23:35:27', 'completed', 'bank_transfer'),
  ('txn_783', 'm_017', 'c_093', 248.48, '2024-01-07 00:00:00', 'pending', 'card'),
  ('txn_784', 'm_003', 'c_297', 374.05, '2024-01-07 06:14:39', 'completed', 'bank_transfer'),
  ('txn_785', 'm_019', 'c_298', 410.05, '2024-01-01 10:13:14', 'completed', 'wallet'),
  ('txn_786', 'm_011', 'c_140', 292.92, '2024-01-04 06:55:58', 'completed', 'card'),
  ('txn_787', 'm_015', 'c_094', 31.18, '2024-01-09 15:22:33', 'completed', 'bank_transfer'),
  ('txn_788', 'm_002', 'c_160', 149.37, '2024-01-05 10:44:57', 'completed', 'card'),
  ('txn_789', 'm_006', 'c_119', 274.14, '2024-01-09 19:11:05', 'completed', 'card'),
  ('txn_790', 'm_006', 'c_203', 412.54, '2024-01-10 01:17:47', 'completed', 'card'),
  ('txn_791', 'm_019', 'c_210', 173.45, '2024-01-13 05:14:30', 'completed', 'card'),
  ('txn_792', 'm_010', 'c_296', 98.27, '2024-01-13 18:12:53', 'completed', 'wallet'),
  ('txn_793', 'm_006', 'c_268', 232.94, '2024-01-01 10:07:27', 'completed', 'card'),
  ('txn_794', 'm_019', 'c_201', 159.23, '2024-01-15 12:09:20', 'completed', 'card'),
  ('txn_795', 'm_014', 'c_058', 356.4, '2024-01-04 10:55:49', 'completed', 'card'),
  ('txn_796', 'm_010', 'c_073', 67.05, '2024-01-03 17:04:58', 'completed', 'card'),
  ('txn_797', 'm_003', 'c_031', 388.47, '2024-01-02 23:46:00', 'refunded', 'bank_transfer'),
  ('txn_798', 'm_002', 'c_221', 63.87, '2024-01-01 05:59:02', 'completed', 'card'),
  ('txn_799', 'm_006', 'c_107', 460.45, '2024-01-05 11:38:35', 'completed', 'wallet'),
  ('txn_800', 'm_015', 'c_013', 49.94, '2024-01-09 10:37:46', 'refunded', 'card');

INSERT INTO transactions (transaction_id, merchant_id, customer_id, amount, transaction_date, status, payment_method) VALUES
  ('txn_801', 'm_015', 'c_094', 428.29, '2024-01-14 20:11:10', 'refunded', 'wallet'),
  ('txn_802', 'm_003', 'c_099', 410.7, '2024-01-05 15:35:04', 'refunded', 'card'),
  ('txn_803', 'm_013', 'c_043', 451.32, '2024-01-03 09:29:18', 'completed', 'card'),
  ('txn_804', 'm_009', 'c_266', 426.39, '2024-01-05 11:50:36', 'completed', 'card'),
  ('txn_805', 'm_018', 'c_025', 94.52, '2024-01-13 11:34:22', 'completed', 'bank_transfer'),
  ('txn_806', 'm_010', 'c_177', 60.86, '2024-01-13 14:45:47', 'completed', 'card'),
  ('txn_807', 'm_007', 'c_131', 382.33, '2024-01-01 23:39:22', 'failed', 'card'),
  ('txn_808', 'm_003', 'c_226', 249.39, '2024-01-08 13:45:25', 'completed', 'card'),
  ('txn_809', 'm_018', 'c_110', 279.19, '2024-01-02 16:33:00', 'completed', 'bank_transfer'),
  ('txn_810', 'm_019', 'c_283', 186.88, '2024-01-10 14:54:07', 'completed', 'bank_transfer'),
  ('txn_811', 'm_018', 'c_267', 330.98, '2024-01-10 17:22:50', 'completed', 'card'),
  ('txn_812', 'm_006', 'c_119', 37.03, '2024-01-10 19:30:55', 'completed', 'card'),
  ('txn_813', 'm_006', 'c_146', 419.86, '2024-01-15 02:59:31', 'failed', 'bank_transfer'),
  ('txn_814', 'm_011', 'c_240', 181.27, '2024-01-12 18:15:39', 'pending', 'wallet'),
  ('txn_815', 'm_011', 'c_140', 385.16, '2024-01-13 01:40:58', 'completed', 'card'),
  ('txn_816', 'm_010', 'c_260', 471.49, '2024-01-02 15:44:45', 'completed', 'card'),
  ('txn_817', 'm_019', 'c_283', 18.24, '2024-01-08 22:27:56', 'completed', 'bank_transfer'),
  ('txn_818', 'm_007', 'c_042', 312.87, '2024-01-13 14:53:31', 'completed', 'card'),
  ('txn_819', 'm_019', 'c_219', 104.96, '2024-01-07 08:25:51', 'completed', 'bank_transfer'),
  ('txn_820', 'm_014', 'c_212', 275.58, '2024-01-03 21:24:02', 'refunded', 'card'),
  ('txn_821', 'm_016', 'c_224', 160.71, '2024-01-01 19:08:31', 'completed', 'bank_transfer'),
  ('txn_822', 'm_008', 'c_151', 331.41, '2024-01-04 23:37:15', 'refunded', 'card'),
  ('txn_823', 'm_019', 'c_210', 71.57, '2024-01-03 15:43:10', 'failed', 'bank_transfer'),
  ('txn_824', 'm_019', 'c_283', 279.12, '2024-01-14 15:32:15', 'completed', 'wallet'),
  ('txn_825', 'm_008', 'c_151', 32.59, '2024-01-10 04:04:59', 'completed', 'bank_transfer'),
  ('txn_826', 'm_015', 'c_109', 163.64, '2024-01-08 23:56:00', 'completed', 'wallet'),
  ('txn_827', 'm_001', 'c_178', 173.92, '2024-01-09 16:10:50', 'completed', 'bank_transfer'),
  ('txn_828', 'm_017', 'c_148', 32.94, '2024-01-08 13:48:40', 'completed', 'card'),
  ('txn_829', 'm_003', 'c_099', 435.13, '2024-01-14 01:39:01', 'completed', 'card'),
  ('txn_830', 'm_014', 'c_019', 233.15, '2024-01-11 05:21:03', 'completed', 'wallet'),
  ('txn_831', 'm_011', 'c_012', 349.5, '2024-01-10 04:02:53', 'completed', 'card'),
  ('txn_832', 'm_016', 'c_171', 288.41, '2024-01-05 23:57:01', 'completed', 'card'),
  ('txn_833', 'm_014', 'c_197', 253.87, '2024-01-08 06:29:00', 'refunded', 'card'),
  ('txn_834', 'm_015', 'c_138', 104.87, '2024-01-14 00:08:45', 'completed', 'card'),
  ('txn_835', 'm_009', 'c_181', 136.25, '2024-01-06 11:35:17', 'completed', 'wallet'),
  ('txn_836', 'm_003', 'c_297', 51.89, '2024-01-13 21:22:01', 'completed', 'card'),
  ('txn_837', 'm_019', 'c_210', 108.82, '2024-01-08 06:42:34', 'completed', 'card'),
  ('txn_838', 'm_017', 'c_287', 160.11, '2024-01-13 12:13:27', 'completed', 'bank_transfer'),
  ('txn_839', 'm_018', 'c_267', 94.4, '2024-01-15 00:02:08', 'completed', 'wallet'),
  ('txn_840', 'm_019', 'c_128', 332.1, '2024-01-13 22:19:53', 'refunded', 'bank_transfer'),
  ('txn_841', 'm_017', 'c_036', 263.52, '2024-01-04 15:39:24', 'completed', 'bank_transfer'),
  ('txn_842', 'm_013', 'c_265', 208.08, '2024-01-07 11:30:02', 'completed', 'card'),
  ('txn_843', 'm_013', 'c_043', 131.94, '2024-01-03 18:09:09', 'completed', 'card'),
  ('txn_844', 'm_007', 'c_029', 18.71, '2024-01-11 14:03:57', 'completed', 'bank_transfer'),
  ('txn_845', 'm_017', 'c_036', 104.99, '2024-01-07 00:06:00', 'completed', 'card'),
  ('txn_846', 'm_008', 'c_151', 427.0, '2024-01-02 08:13:49', 'failed', 'bank_transfer'),
  ('txn_847', 'm_003', 'c_226', 302.79, '2024-01-03 04:36:26', 'completed', 'bank_transfer'),
  ('txn_848', 'm_016', 'c_076', 121.84, '2024-01-13 16:03:44', 'completed', 'wallet'),
  ('txn_849', 'm_011', 'c_248', 442.86, '2024-01-08 14:34:29', 'completed', 'wallet'),
  ('txn_850', 'm_014', 'c_239', 369.93, '2024-01-06 06:59:56', 'refunded', 'card');

INSERT INTO transactions (transaction_id, merchant_id, customer_id, amount, transaction_date, status, payment_method) VALUES
  ('txn_851', 'm_007', 'c_014', 91.7, '2024-01-15 07:23:51', 'completed', 'bank_transfer'),
  ('txn_852', 'm_002', 'c_221', 269.07, '2024-01-11 06:52:13', 'pending', 'card'),
  ('txn_853', 'm_019', 'c_283', 126.94, '2024-01-09 22:13:25', 'completed', 'card'),
  ('txn_854', 'm_013', 'c_027', 324.47, '2024-01-02 07:50:56', 'completed', 'card'),
  ('txn_855', 'm_010', 'c_073', 278.6, '2024-01-03 23:06:05', 'completed', 'card'),
  ('txn_856', 'm_010', 'c_296', 223.99, '2024-01-07 04:51:32', 'completed', 'bank_transfer'),
  ('txn_857', 'm_013', 'c_030', 468.48, '2024-01-04 21:20:20', 'refunded', 'card'),
  ('txn_858', 'm_018', 'c_156', 440.34, '2024-01-07 15:38:16', 'refunded', 'bank_transfer'),
  ('txn_859', 'm_003', 'c_263', 238.19, '2024-01-03 10:29:04', 'completed', 'card'),
  ('txn_860', 'm_008', 'c_151', 134.18, '2024-01-14 07:04:28', 'completed', 'card'),
  ('txn_861', 'm_014', 'c_197', 349.13, '2024-01-05 11:02:09', 'refunded', 'card'),
  ('txn_862', 'm_018', 'c_072', 6.52, '2024-01-02 23:54:13', 'completed', 'card'),
  ('txn_863', 'm_006', 'c_119', 128.55, '2024-01-10 23:01:35', 'failed', 'card'),
  ('txn_864', 'm_014', 'c_197', 241.79, '2024-01-15 09:27:33', 'failed', 'card'),
  ('txn_865', 'm_014', 'c_084', 103.34, '2024-01-10 03:48:17', 'completed', 'card'),
  ('txn_866', 'm_010', 'c_023', 474.31, '2024-01-03 03:49:57', 'completed', 'wallet'),
  ('txn_867', 'm_018', 'c_110', 134.58, '2024-01-11 09:51:15', 'completed', 'card'),
  ('txn_868', 'm_011', 'c_140', 49.09, '2024-01-03 20:21:41', 'completed', 'card'),
  ('txn_869', 'm_001', 'c_178', 265.29, '2024-01-12 23:51:45', 'refunded', 'bank_transfer'),
  ('txn_870', 'm_006', 'c_146', 358.21, '2024-01-12 23:52:25', 'completed', 'card'),
  ('txn_871', 'm_016', 'c_076', 218.5, '2024-01-07 20:50:25', 'completed', 'wallet'),
  ('txn_872', 'm_009', 'c_222', 94.28, '2024-01-07 08:30:33', 'completed', 'card'),
  ('txn_873', 'm_010', 'c_245', 228.23, '2024-01-12 02:53:59', 'completed', 'card'),
  ('txn_874', 'm_003', 'c_031', 237.1, '2024-01-10 07:24:08', 'completed', 'bank_transfer'),
  ('txn_875', 'm_017', 'c_141', 41.16, '2024-01-06 16:48:18', 'completed', 'card'),
  ('txn_876', 'm_019', 'c_201', 498.39, '2024-01-02 02:30:45', 'pending', 'wallet'),
  ('txn_877', 'm_001', 'c_159', 254.75, '2024-01-10 00:03:56', 'completed', 'card'),
  ('txn_878', 'm_007', 'c_207', 25.36, '2024-01-12 23:06:00', 'completed', 'card'),
  ('txn_879', 'm_014', 'c_197', 70.3, '2024-01-07 07:41:50', 'completed', 'wallet'),
  ('txn_880', 'm_006', 'c_203', 26.86, '2024-01-07 19:41:41', 'completed', 'bank_transfer'),
  ('txn_881', 'm_015', 'c_138', 145.05, '2024-01-07 09:39:00', 'completed', 'wallet'),
  ('txn_882', 'm_014', 'c_162', 446.87, '2024-01-04 16:07:05', 'completed', 'bank_transfer'),
  ('txn_883', 'm_018', 'c_003', 98.52, '2024-01-12 09:56:20', 'completed', 'card'),
  ('txn_884', 'm_011', 'c_140', 354.45, '2024-01-13 00:18:23', 'completed', 'card'),
  ('txn_885', 'm_002', 'c_217', 181.48, '2024-01-12 23:11:11', 'failed', 'wallet'),
  ('txn_886', 'm_006', 'c_119', 66.21, '2024-01-05 09:14:20', 'completed', 'card'),
  ('txn_887', 'm_008', 'c_151', 256.83, '2024-01-15 05:10:54', 'completed', 'wallet'),
  ('txn_888', 'm_009', 'c_289', 499.01, '2024-01-05 09:11:20', 'completed', 'wallet'),
  ('txn_889', 'm_017', 'c_060', 126.85, '2024-01-01 15:07:26', 'completed', 'card'),
  ('txn_890', 'm_013', 'c_030', 200.11, '2024-01-04 17:34:50', 'completed', 'card'),
  ('txn_891', 'm_001', 'c_051', 232.82, '2024-01-07 12:53:21', 'failed', 'bank_transfer'),
  ('txn_892', 'm_001', 'c_159', 485.04, '2024-01-08 21:16:37', 'completed', 'wallet'),
  ('txn_893', 'm_007', 'c_029', 432.32, '2024-01-02 08:21:05', 'completed', 'card'),
  ('txn_894', 'm_003', 'c_274', 476.19, '2024-01-05 07:41:55', 'completed', 'card'),
  ('txn_895', 'm_010', 'c_285', 433.43, '2024-01-04 22:55:11', 'completed', 'card'),
  ('txn_896', 'm_016', 'c_185', 146.04, '2024-01-12 21:56:16', 'refunded', 'card'),
  ('txn_897', 'm_017', 'c_141', 452.35, '2024-01-03 07:59:20', 'completed', 'card'),
  ('txn_898', 'm_015', 'c_182', 103.94, '2024-01-14 16:00:16', 'completed', 'bank_transfer'),
  ('txn_899', 'm_017', 'c_060', 379.46, '2024-01-11 08:10:22', 'completed', 'wallet'),
  ('txn_900', 'm_003', 'c_031', 259.1, '2024-01-04 18:20:04', 'completed', 'card');

INSERT INTO transactions (transaction_id, merchant_id, customer_id, amount, transaction_date, status, payment_method) VALUES
  ('txn_901', 'm_019', 'c_230', 316.63, '2024-01-11 14:46:41', 'completed', 'card'),
  ('txn_902', 'm_003', 'c_263', 153.69, '2024-01-13 16:43:23', 'completed', 'card'),
  ('txn_903', 'm_017', 'c_141', 286.43, '2024-01-13 11:05:08', 'completed', 'card'),
  ('txn_904', 'm_006', 'c_268', 209.44, '2024-01-09 15:04:08', 'completed', 'wallet'),
  ('txn_905', 'm_011', 'c_105', 385.48, '2024-01-12 05:38:47', 'completed', 'card'),
  ('txn_906', 'm_008', 'c_010', 422.24, '2024-01-08 05:23:32', 'completed', 'card'),
  ('txn_907', 'm_014', 'c_239', 363.43, '2024-01-07 10:25:01', 'refunded', 'bank_transfer'),
  ('txn_908', 'm_014', 'c_058', 109.48, '2024-01-03 13:56:31', 'completed', 'wallet'),
  ('txn_909', 'm_017', 'c_287', 13.87, '2024-01-11 23:59:00', 'completed', 'card'),
  ('txn_910', 'm_016', 'c_295', 364.33, '2024-01-15 23:16:47', 'completed', 'wallet'),
  ('txn_911', 'm_015', 'c_251', 338.53, '2024-01-03 03:03:04', 'pending', 'bank_transfer'),
  ('txn_912', 'm_007', 'c_021', 11.87, '2024-01-05 13:38:48', 'completed', 'card'),
  ('txn_913', 'm_001', 'c_051', 243.15, '2024-01-14 01:44:49', 'completed', 'card'),
  ('txn_914', 'm_009', 'c_061', 153.95, '2024-01-01 12:42:33', 'completed', 'card'),
  ('txn_915', 'm_006', 'c_119', 451.7, '2024-01-12 10:39:44', 'failed', 'bank_transfer'),
  ('txn_916', 'm_001', 'c_159', 294.69, '2024-01-10 12:12:04', 'completed', 'card'),
  ('txn_917', 'm_002', 'c_161', 8.9, '2024-01-13 00:46:04', 'completed', 'bank_transfer'),
  ('txn_918', 'm_013', 'c_027', 246.31, '2024-01-15 20:13:18', 'completed', 'wallet'),
  ('txn_919', 'm_019', 'c_135', 358.57, '2024-01-08 15:59:45', 'completed', 'card'),
  ('txn_920', 'm_003', 'c_167', 446.97, '2024-01-09 10:00:17', 'completed', 'bank_transfer'),
  ('txn_921', 'm_018', 'c_170', 15.3, '2024-01-11 15:13:04', 'completed', 'card'),
  ('txn_922', 'm_010', 'c_243', 113.75, '2024-01-12 08:54:07', 'pending', 'card'),
  ('txn_923', 'm_007', 'c_042', 362.88, '2024-01-09 17:51:50', 'completed', 'bank_transfer'),
  ('txn_924', 'm_019', 'c_095', 312.81, '2024-01-04 03:12:15', 'completed', 'card'),
  ('txn_925', 'm_008', 'c_010', 82.38, '2024-01-12 23:36:56', 'completed', 'card'),
  ('txn_926', 'm_013', 'c_114', 108.67, '2024-01-07 07:55:54', 'completed', 'card'),
  ('txn_927', 'm_015', 'c_214', 83.51, '2024-01-09 04:44:41', 'completed', 'card'),
  ('txn_928', 'm_017', 'c_060', 310.69, '2024-01-07 06:11:32', 'completed', 'wallet'),
  ('txn_929', 'm_014', 'c_092', 385.84, '2024-01-04 16:04:04', 'refunded', 'wallet'),
  ('txn_930', 'm_006', 'c_020', 463.68, '2024-01-03 16:37:18', 'completed', 'bank_transfer'),
  ('txn_931', 'm_006', 'c_107', 412.69, '2024-01-03 20:46:28', 'completed', 'wallet'),
  ('txn_932', 'm_009', 'c_194', 82.73, '2024-01-13 02:20:01', 'completed', 'bank_transfer'),
  ('txn_933', 'm_006', 'c_119', 325.31, '2024-01-05 21:36:34', 'completed', 'card'),
  ('txn_934', 'm_018', 'c_170', 385.76, '2024-01-12 11:55:44', 'completed', 'card'),
  ('txn_935', 'm_014', 'c_084', 254.99, '2024-01-11 01:45:36', 'completed', 'card'),
  ('txn_936', 'm_015', 'c_211', 334.17, '2024-01-06 12:55:32', 'completed', 'wallet'),
  ('txn_937', 'm_007', 'c_087', 209.64, '2024-01-13 12:40:56', 'completed', 'bank_transfer'),
  ('txn_938', 'm_015', 'c_013', 224.08, '2024-01-13 13:22:38', 'refunded', 'card'),
  ('txn_939', 'm_003', 'c_099', 172.46, '2024-01-10 13:05:39', 'completed', 'card'),
  ('txn_940', 'm_002', 'c_288', 79.72, '2024-01-13 14:47:34', 'completed', 'card'),
  ('txn_941', 'm_013', 'c_265', 203.99, '2024-01-08 14:44:26', 'pending', 'wallet'),
  ('txn_942', 'm_015', 'c_013', 414.37, '2024-01-10 19:18:39', 'completed', 'wallet'),
  ('txn_943', 'm_018', 'c_110', 444.35, '2024-01-09 09:07:23', 'completed', 'wallet'),
  ('txn_944', 'm_016', 'c_115', 441.08, '2024-01-10 11:11:15', 'completed', 'card'),
  ('txn_945', 'm_007', 'c_207', 496.0, '2024-01-14 09:26:18', 'completed', 'card'),
  ('txn_946', 'm_013', 'c_237', 379.74, '2024-01-14 00:03:00', 'completed', 'card'),
  ('txn_947', 'm_011', 'c_193', 416.95, '2024-01-03 16:20:13', 'completed', 'bank_transfer'),
  ('txn_948', 'm_002', 'c_176', 133.58, '2024-01-04 00:40:19', 'completed', 'card'),
  ('txn_949', 'm_018', 'c_122', 288.36, '2024-01-06 17:32:11', 'completed', 'bank_transfer'),
  ('txn_950', 'm_010', 'c_100', 153.1, '2024-01-10 04:00:22', 'pending', 'wallet');

INSERT INTO transactions (transaction_id, merchant_id, customer_id, amount, transaction_date, status, payment_method) VALUES
  ('txn_951', 'm_010', 'c_065', 167.28, '2024-01-09 18:27:12', 'completed', 'card'),
  ('txn_952', 'm_018', 'c_025', 77.54, '2024-01-02 12:13:49', 'completed', 'bank_transfer'),
  ('txn_953', 'm_017', 'c_093', 240.75, '2024-01-13 18:33:57', 'completed', 'card'),
  ('txn_954', 'm_016', 'c_293', 281.69, '2024-01-15 04:22:53', 'refunded', 'bank_transfer'),
  ('txn_955', 'm_019', 'c_279', 214.59, '2024-01-11 02:52:29', 'completed', 'bank_transfer'),
  ('txn_956', 'm_008', 'c_010', 255.36, '2024-01-13 10:57:07', 'completed', 'bank_transfer'),
  ('txn_957', 'm_006', 'c_146', 230.44, '2024-01-09 23:09:05', 'completed', 'card'),
  ('txn_958', 'm_006', 'c_268', 59.62, '2024-01-13 16:32:23', 'completed', 'wallet'),
  ('txn_959', 'm_007', 'c_014', 188.88, '2024-01-01 16:17:53', 'completed', 'card'),
  ('txn_960', 'm_007', 'c_021', 392.98, '2024-01-08 09:46:15', 'completed', 'card'),
  ('txn_961', 'm_013', 'c_114', 95.62, '2024-01-13 23:56:00', 'failed', 'bank_transfer'),
  ('txn_962', 'm_003', 'c_031', 211.7, '2024-01-09 04:47:46', 'completed', 'card'),
  ('txn_963', 'm_016', 'c_250', 418.06, '2024-01-13 06:02:46', 'completed', 'card'),
  ('txn_964', 'm_018', 'c_172', 335.27, '2024-01-10 22:37:32', 'completed', 'card'),
  ('txn_965', 'm_016', 'c_147', 450.62, '2024-01-11 00:08:00', 'completed', 'wallet'),
  ('txn_966', 'm_011', 'c_105', 433.65, '2024-01-08 11:55:01', 'failed', 'card'),
  ('txn_967', 'm_006', 'c_107', 100.25, '2024-01-02 06:48:05', 'completed', 'wallet'),
  ('txn_968', 'm_009', 'c_253', 253.81, '2024-01-13 21:49:50', 'completed', 'card'),
  ('txn_969', 'm_008', 'c_010', 141.11, '2024-01-15 01:36:50', 'completed', 'card'),
  ('txn_970', 'm_018', 'c_025', 404.43, '2024-01-02 02:12:17', 'completed', 'card'),
  ('txn_971', 'm_019', 'c_022', 173.28, '2024-01-12 23:55:00', 'completed', 'bank_transfer'),
  ('txn_972', 'm_016', 'c_152', 50.06, '2024-01-04 11:54:21', 'completed', 'wallet'),
  ('txn_973', 'm_008', 'c_097', 385.31, '2024-01-05 02:33:39', 'completed', 'card'),
  ('txn_974', 'm_002', 'c_271', 480.76, '2024-01-08 05:36:42', 'completed', 'card'),
  ('txn_975', 'm_016', 'c_040', 163.42, '2024-01-03 22:28:04', 'completed', 'card'),
  ('txn_976', 'm_002', 'c_125', 123.61, '2024-01-13 08:17:36', 'completed', 'wallet'),
  ('txn_977', 'm_016', 'c_040', 138.3, '2024-01-02 14:07:55', 'completed', 'bank_transfer'),
  ('txn_978', 'm_019', 'c_022', 206.71, '2024-01-15 05:28:13', 'completed', 'card'),
  ('txn_979', 'm_006', 'c_146', 382.67, '2024-01-10 20:56:48', 'completed', 'card'),
  ('txn_980', 'm_018', 'c_025', 423.91, '2024-01-04 10:56:05', 'completed', 'card'),
  ('txn_981', 'm_015', 'c_186', 492.73, '2024-01-14 11:23:58', 'completed', 'wallet'),
  ('txn_982', 'm_018', 'c_003', 5.5, '2024-01-05 01:30:24', 'completed', 'wallet'),
  ('txn_983', 'm_001', 'c_051', 467.09, '2024-01-10 05:27:19', 'completed', 'card'),
  ('txn_984', 'm_015', 'c_211', 110.31, '2024-01-13 00:03:00', 'completed', 'card'),
  ('txn_985', 'm_003', 'c_167', 49.41, '2024-01-14 12:10:21', 'pending', 'card'),
  ('txn_986', 'm_011', 'c_240', 109.37, '2024-01-09 07:35:58', 'completed', 'card'),
  ('txn_987', 'm_011', 'c_248', 140.14, '2024-01-12 03:51:09', 'completed', 'card'),
  ('txn_988', 'm_014', 'c_019', 457.44, '2024-01-01 02:29:34', 'completed', 'card'),
  ('txn_989', 'm_001', 'c_178', 90.9, '2024-01-14 01:29:03', 'completed', 'bank_transfer'),
  ('txn_990', 'm_003', 'c_099', 271.63, '2024-01-09 13:38:03', 'pending', 'bank_transfer'),
  ('txn_991', 'm_016', 'c_295', 182.19, '2024-01-09 23:49:14', 'completed', 'card'),
  ('txn_992', 'm_009', 'c_228', 9.63, '2024-01-09 16:26:45', 'refunded', 'card'),
  ('txn_993', 'm_009', 'c_061', 409.06, '2024-01-06 08:49:40', 'completed', 'card'),
  ('txn_994', 'm_010', 'c_200', 483.81, '2024-01-15 17:02:10', 'completed', 'card'),
  ('txn_995', 'm_009', 'c_008', 102.06, '2024-01-07 17:33:59', 'completed', 'bank_transfer'),
  ('txn_996', 'm_019', 'c_095', 278.13, '2024-01-15 15:15:25', 'completed', 'wallet'),
  ('txn_997', 'm_008', 'c_010', 296.14, '2024-01-14 19:59:33', 'refunded', 'card'),
  ('txn_998', 'm_010', 'c_243', 365.8, '2024-01-01 13:28:00', 'completed', 'card'),
  ('txn_999', 'm_011', 'c_248', 5.97, '2024-01-08 20:09:38', 'completed', 'card'),
  ('txn_1000', 'm_017', 'c_227', 140.65, '2024-01-09 18:34:21', 'pending', 'wallet');

INSERT INTO transactions (transaction_id, merchant_id, customer_id, amount, transaction_date, status, payment_method) VALUES
  ('txn_1001', 'm_002', 'c_126', 28.25, '2024-01-01 03:00:19', 'completed', 'wallet'),
  ('txn_1002', 'm_016', 'c_115', 170.68, '2024-01-06 11:26:16', 'completed', 'card'),
  ('txn_1003', 'm_017', 'c_060', 458.91, '2024-01-02 12:36:33', 'completed', 'card'),
  ('txn_1004', 'm_006', 'c_020', 242.58, '2024-01-09 02:44:43', 'completed', 'wallet'),
  ('txn_1005', 'm_011', 'c_193', 58.38, '2024-01-09 02:19:45', 'completed', 'card'),
  ('txn_1006', 'm_010', 'c_065', 389.0, '2024-01-11 20:04:46', 'completed', 'bank_transfer'),
  ('txn_1007', 'm_006', 'c_107', 487.39, '2024-01-02 13:52:54', 'completed', 'bank_transfer'),
  ('txn_1008', 'm_007', 'c_007', 459.96, '2024-01-11 11:33:52', 'completed', 'card'),
  ('txn_1009', 'm_003', 'c_099', 340.39, '2024-01-10 06:12:50', 'completed', 'card'),
  ('txn_1010', 'm_016', 'c_040', 310.56, '2024-01-01 06:10:43', 'completed', 'card'),
  ('txn_1011', 'm_018', 'c_170', 234.78, '2024-01-09 05:50:27', 'completed', 'wallet'),
  ('txn_1012', 'm_001', 'c_159', 261.02, '2024-01-01 07:09:31', 'completed', 'card'),
  ('txn_1013', 'm_003', 'c_297', 395.76, '2024-01-13 08:27:16', 'completed', 'wallet'),
  ('txn_1014', 'm_011', 'c_236', 213.4, '2024-01-06 21:38:47', 'failed', 'wallet'),
  ('txn_1015', 'm_007', 'c_007', 34.94, '2024-01-09 16:24:02', 'completed', 'wallet'),
  ('txn_1016', 'm_013', 'c_043', 77.97, '2024-01-09 22:51:32', 'completed', 'wallet'),
  ('txn_1017', 'm_001', 'c_178', 295.29, '2024-01-13 07:24:42', 'pending', 'card'),
  ('txn_1018', 'm_002', 'c_202', 175.19, '2024-01-09 06:58:06', 'completed', 'card'),
  ('txn_1019', 'm_009', 'c_253', 348.92, '2024-01-15 00:56:55', 'completed', 'wallet'),
  ('txn_1020', 'm_014', 'c_239', 153.32, '2024-01-02 00:34:43', 'completed', 'card'),
  ('txn_1021', 'm_019', 'c_135', 460.38, '2024-01-12 07:46:38', 'completed', 'card'),
  ('txn_1022', 'm_009', 'c_163', 242.97, '2024-01-10 02:59:04', 'refunded', 'card'),
  ('txn_1023', 'm_009', 'c_206', 96.2, '2024-01-08 23:45:00', 'completed', 'card'),
  ('txn_1024', 'm_006', 'c_119', 148.84, '2024-01-09 17:39:44', 'completed', 'wallet'),
  ('txn_1025', 'm_002', 'c_028', 103.57, '2024-01-07 08:37:31', 'completed', 'card'),
  ('txn_1026', 'm_008', 'c_097', 424.53, '2024-01-05 06:34:21', 'completed', 'card'),
  ('txn_1027', 'm_011', 'c_105', 15.39, '2024-01-03 16:38:38', 'pending', 'card'),
  ('txn_1028', 'm_014', 'c_077', 156.01, '2024-01-05 03:49:27', 'completed', 'card'),
  ('txn_1029', 'm_017', 'c_060', 63.65, '2024-01-10 04:18:53', 'completed', 'card'),
  ('txn_1030', 'm_015', 'c_113', 301.78, '2024-01-15 22:51:44', 'completed', 'card'),
  ('txn_1031', 'm_009', 'c_276', 150.62, '2024-01-07 19:09:16', 'completed', 'card'),
  ('txn_1032', 'm_007', 'c_207', 484.35, '2024-01-12 10:11:00', 'completed', 'card'),
  ('txn_1033', 'm_003', 'c_123', 256.76, '2024-01-13 14:16:36', 'refunded', 'wallet'),
  ('txn_1034', 'm_018', 'c_072', 164.3, '2024-01-13 00:14:14', 'completed', 'wallet'),
  ('txn_1035', 'm_019', 'c_145', 292.69, '2024-01-06 00:42:09', 'completed', 'wallet'),
  ('txn_1036', 'm_010', 'c_071', 228.78, '2024-01-11 07:35:37', 'completed', 'bank_transfer'),
  ('txn_1037', 'm_016', 'c_293', 82.82, '2024-01-04 06:15:11', 'completed', 'card'),
  ('txn_1038', 'm_003', 'c_167', 225.03, '2024-01-12 07:01:46', 'completed', 'card'),
  ('txn_1039', 'm_014', 'c_162', 228.32, '2024-01-13 01:50:23', 'completed', 'bank_transfer'),
  ('txn_1040', 'm_014', 'c_084', 194.27, '2024-01-02 20:12:29', 'completed', 'bank_transfer'),
  ('txn_1041', 'm_015', 'c_055', 150.79, '2024-01-02 21:31:51', 'completed', 'wallet'),
  ('txn_1042', 'm_011', 'c_193', 53.71, '2024-01-04 23:55:00', 'completed', 'card'),
  ('txn_1043', 'm_009', 'c_189', 128.76, '2024-01-15 15:52:31', 'refunded', 'card'),
  ('txn_1044', 'm_007', 'c_235', 371.21, '2024-01-07 20:11:12', 'completed', 'card'),
  ('txn_1045', 'm_015', 'c_132', 473.18, '2024-01-13 10:38:18', 'completed', 'card'),
  ('txn_1046', 'm_007', 'c_087', 117.65, '2024-01-13 12:29:24', 'failed', 'card'),
  ('txn_1047', 'm_018', 'c_172', 173.63, '2024-01-11 09:47:24', 'completed', 'card'),
  ('txn_1048', 'm_017', 'c_137', 222.15, '2024-01-15 00:25:22', 'completed', 'card'),
  ('txn_1049', 'm_007', 'c_042', 471.96, '2024-01-09 14:36:21', 'completed', 'bank_transfer'),
  ('txn_1050', 'm_014', 'c_077', 212.48, '2024-01-14 01:10:37', 'pending', 'bank_transfer');

INSERT INTO transactions (transaction_id, merchant_id, customer_id, amount, transaction_date, status, payment_method) VALUES
  ('txn_1051', 'm_013', 'c_237', 295.54, '2024-01-04 17:31:53', 'completed', 'card'),
  ('txn_1052', 'm_014', 'c_239', 316.77, '2024-01-10 11:42:27', 'completed', 'wallet'),
  ('txn_1053', 'm_016', 'c_115', 474.6, '2024-01-12 12:34:40', 'completed', 'wallet'),
  ('txn_1054', 'm_006', 'c_203', 286.91, '2024-01-03 12:46:00', 'completed', 'card'),
  ('txn_1055', 'm_008', 'c_010', 414.11, '2024-01-04 23:47:00', 'completed', 'bank_transfer'),
  ('txn_1056', 'm_016', 'c_155', 106.92, '2024-01-02 09:28:08', 'completed', 'wallet'),
  ('txn_1057', 'm_015', 'c_182', 10.47, '2024-01-03 16:30:46', 'completed', 'bank_transfer'),
  ('txn_1058', 'm_007', 'c_207', 212.11, '2024-01-06 00:16:59', 'refunded', 'card'),
  ('txn_1059', 'm_007', 'c_029', 158.33, '2024-01-14 23:00:54', 'failed', 'bank_transfer'),
  ('txn_1060', 'm_013', 'c_114', 253.73, '2024-01-01 04:20:09', 'pending', 'bank_transfer'),
  ('txn_1061', 'm_007', 'c_131', 36.67, '2024-01-13 18:20:01', 'completed', 'wallet'),
  ('txn_1062', 'm_014', 'c_239', 440.22, '2024-01-03 05:04:16', 'completed', 'bank_transfer'),
  ('txn_1063', 'm_013', 'c_275', 176.66, '2024-01-05 06:01:06', 'failed', 'card'),
  ('txn_1064', 'm_017', 'c_137', 93.89, '2024-01-05 10:51:50', 'completed', 'bank_transfer'),
  ('txn_1065', 'm_006', 'c_268', 350.83, '2024-01-04 20:00:07', 'completed', 'card'),
  ('txn_1066', 'm_011', 'c_215', 335.0, '2024-01-10 23:35:12', 'completed', 'card'),
  ('txn_1067', 'm_006', 'c_203', 42.88, '2024-01-08 21:54:59', 'completed', 'wallet'),
  ('txn_1068', 'm_017', 'c_244', 86.6, '2024-01-01 00:00:00', 'completed', 'wallet'),
  ('txn_1069', 'm_018', 'c_170', 175.11, '2024-01-01 06:15:17', 'completed', 'card'),
  ('txn_1070', 'm_011', 'c_105', 356.0, '2024-01-12 06:26:33', 'completed', 'card'),
  ('txn_1071', 'm_019', 'c_219', 38.78, '2024-01-11 14:59:33', 'completed', 'card'),
  ('txn_1072', 'm_007', 'c_131', 411.11, '2024-01-15 17:35:47', 'completed', 'card'),
  ('txn_1073', 'm_006', 'c_119', 150.6, '2024-01-01 06:31:50', 'completed', 'bank_transfer'),
  ('txn_1074', 'm_011', 'c_140', 223.13, '2024-01-13 22:05:11', 'completed', 'card'),
  ('txn_1075', 'm_009', 'c_228', 349.89, '2024-01-03 11:52:53', 'completed', 'wallet'),
  ('txn_1076', 'm_016', 'c_155', 224.77, '2024-01-10 00:09:00', 'completed', 'card'),
  ('txn_1077', 'm_009', 'c_163', 190.45, '2024-01-11 05:38:52', 'completed', 'card'),
  ('txn_1078', 'm_001', 'c_051', 171.87, '2024-01-03 08:16:31', 'completed', 'card'),
  ('txn_1079', 'm_008', 'c_151', 87.69, '2024-01-08 22:34:25', 'completed', 'wallet'),
  ('txn_1080', 'm_014', 'c_212', 315.26, '2024-01-10 14:08:29', 'completed', 'card'),
  ('txn_1081', 'm_017', 'c_060', 120.04, '2024-01-01 08:44:05', 'completed', 'card'),
  ('txn_1082', 'm_016', 'c_171', 10.93, '2024-01-07 18:12:47', 'completed', 'bank_transfer'),
  ('txn_1083', 'm_015', 'c_015', 38.33, '2024-01-15 12:51:59', 'completed', 'bank_transfer'),
  ('txn_1084', 'm_019', 'c_089', 357.7, '2024-01-03 07:11:33', 'completed', 'card'),
  ('txn_1085', 'm_014', 'c_255', 349.68, '2024-01-08 17:13:45', 'pending', 'card'),
  ('txn_1086', 'm_019', 'c_057', 170.88, '2024-01-13 09:41:39', 'completed', 'wallet'),
  ('txn_1087', 'm_010', 'c_243', 295.8, '2024-01-03 23:54:00', 'completed', 'card'),
  ('txn_1088', 'm_010', 'c_272', 217.11, '2024-01-04 08:07:54', 'completed', 'wallet'),
  ('txn_1089', 'm_015', 'c_173', 151.82, '2024-01-01 22:04:56', 'completed', 'bank_transfer'),
  ('txn_1090', 'm_010', 'c_272', 301.05, '2024-01-08 16:58:46', 'completed', 'card'),
  ('txn_1091', 'm_002', 'c_231', 396.93, '2024-01-06 13:24:28', 'completed', 'card'),
  ('txn_1092', 'm_014', 'c_092', 124.91, '2024-01-07 00:40:02', 'completed', 'card'),
  ('txn_1093', 'm_010', 'c_245', 436.99, '2024-01-01 03:31:12', 'completed', 'card'),
  ('txn_1094', 'm_003', 'c_263', 39.64, '2024-01-04 10:26:54', 'completed', 'card'),
  ('txn_1095', 'm_009', 'c_080', 50.42, '2024-01-05 23:03:21', 'completed', 'wallet'),
  ('txn_1096', 'm_010', 'c_243', 43.69, '2024-01-05 19:04:23', 'failed', 'bank_transfer'),
  ('txn_1097', 'm_010', 'c_177', 92.34, '2024-01-11 21:08:12', 'completed', 'card'),
  ('txn_1098', 'm_009', 'c_166', 431.9, '2024-01-09 17:28:17', 'completed', 'card'),
  ('txn_1099', 'm_016', 'c_185', 88.04, '2024-01-11 12:29:29', 'completed', 'bank_transfer'),
  ('txn_1100', 'm_007', 'c_131', 14.81, '2024-01-08 06:53:51', 'completed', 'bank_transfer');

INSERT INTO transactions (transaction_id, merchant_id, customer_id, amount, transaction_date, status, payment_method) VALUES
  ('txn_1101', 'm_007', 'c_207', 364.69, '2024-01-12 00:14:34', 'completed', 'bank_transfer'),
  ('txn_1102', 'm_013', 'c_265', 283.26, '2024-01-12 09:21:46', 'completed', 'card'),
  ('txn_1103', 'm_009', 'c_082', 458.49, '2024-01-10 02:01:15', 'completed', 'card'),
  ('txn_1104', 'm_019', 'c_204', 463.22, '2024-01-08 11:18:46', 'completed', 'card'),
  ('txn_1105', 'm_003', 'c_242', 443.07, '2024-01-04 22:34:58', 'completed', 'bank_transfer'),
  ('txn_1106', 'm_009', 'c_225', 478.76, '2024-01-12 20:38:34', 'refunded', 'card'),
  ('txn_1107', 'm_015', 'c_251', 33.56, '2024-01-06 21:10:50', 'completed', 'bank_transfer'),
  ('txn_1108', 'm_019', 'c_047', 461.13, '2024-01-04 14:08:55', 'completed', 'card'),
  ('txn_1109', 'm_011', 'c_248', 472.41, '2024-01-15 00:54:30', 'completed', 'card'),
  ('txn_1110', 'm_008', 'c_010', 62.78, '2024-01-15 05:27:47', 'completed', 'bank_transfer'),
  ('txn_1111', 'm_003', 'c_274', 455.42, '2024-01-07 03:18:29', 'completed', 'card'),
  ('txn_1112', 'm_013', 'c_265', 295.11, '2024-01-03 03:46:21', 'failed', 'bank_transfer'),
  ('txn_1113', 'm_006', 'c_203', 408.04, '2024-01-10 15:50:04', 'completed', 'card'),
  ('txn_1114', 'm_013', 'c_027', 493.58, '2024-01-11 03:24:33', 'completed', 'card'),
  ('txn_1115', 'm_017', 'c_141', 367.86, '2024-01-04 06:15:14', 'completed', 'card'),
  ('txn_1116', 'm_009', 'c_261', 95.08, '2024-01-06 03:49:58', 'completed', 'bank_transfer'),
  ('txn_1117', 'm_008', 'c_010', 34.2, '2024-01-10 22:08:19', 'completed', 'card'),
  ('txn_1118', 'm_018', 'c_025', 434.84, '2024-01-10 04:02:34', 'completed', 'card'),
  ('txn_1119', 'm_006', 'c_184', 36.81, '2024-01-12 18:38:46', 'completed', 'wallet'),
  ('txn_1120', 'm_006', 'c_020', 35.22, '2024-01-02 00:23:05', 'refunded', 'card'),
  ('txn_1121', 'm_006', 'c_146', 263.56, '2024-01-07 10:51:38', 'completed', 'bank_transfer'),
  ('txn_1122', 'm_019', 'c_220', 379.67, '2024-01-09 07:51:25', 'completed', 'bank_transfer'),
  ('txn_1123', 'm_014', 'c_077', 470.79, '2024-01-02 09:20:44', 'pending', 'bank_transfer'),
  ('txn_1124', 'm_015', 'c_113', 404.1, '2024-01-10 18:04:13', 'completed', 'bank_transfer'),
  ('txn_1125', 'm_007', 'c_007', 302.95, '2024-01-07 00:47:01', 'completed', 'card'),
  ('txn_1126', 'm_015', 'c_150', 311.08, '2024-01-05 13:28:48', 'completed', 'bank_transfer'),
  ('txn_1127', 'm_001', 'c_178', 478.99, '2024-01-02 02:39:13', 'completed', 'card'),
  ('txn_1128', 'm_014', 'c_255', 224.93, '2024-01-15 20:51:39', 'completed', 'bank_transfer'),
  ('txn_1129', 'm_003', 'c_226', 216.82, '2024-01-08 03:11:15', 'completed', 'card'),
  ('txn_1130', 'm_009', 'c_082', 435.58, '2024-01-13 00:10:00', 'completed', 'wallet'),
  ('txn_1131', 'm_003', 'c_167', 417.02, '2024-01-11 19:58:51', 'completed', 'bank_transfer'),
  ('txn_1132', 'm_006', 'c_294', 333.01, '2024-01-03 04:05:52', 'completed', 'card'),
  ('txn_1133', 'm_006', 'c_268', 496.71, '2024-01-08 22:12:01', 'completed', 'card'),
  ('txn_1134', 'm_016', 'c_152', 114.09, '2024-01-03 23:42:35', 'completed', 'bank_transfer'),
  ('txn_1135', 'm_007', 'c_207', 318.61, '2024-01-09 01:52:14', 'completed', 'card'),
  ('txn_1136', 'm_010', 'c_245', 384.34, '2024-01-10 03:37:27', 'completed', 'card'),
  ('txn_1137', 'm_016', 'c_280', 483.29, '2024-01-03 19:23:39', 'completed', 'card'),
  ('txn_1138', 'm_013', 'c_030', 60.13, '2024-01-03 19:38:12', 'completed', 'wallet'),
  ('txn_1139', 'm_015', 'c_085', 427.4, '2024-01-08 13:03:12', 'completed', 'wallet'),
  ('txn_1140', 'm_002', 'c_256', 270.12, '2024-01-09 20:38:30', 'completed', 'bank_transfer'),
  ('txn_1141', 'm_007', 'c_207', 333.55, '2024-01-01 05:21:09', 'completed', 'card'),
  ('txn_1142', 'm_018', 'c_156', 76.63, '2024-01-12 01:30:49', 'completed', 'card'),
  ('txn_1143', 'm_007', 'c_213', 145.28, '2024-01-08 11:56:32', 'refunded', 'card'),
  ('txn_1144', 'm_006', 'c_184', 498.44, '2024-01-06 05:39:26', 'failed', 'wallet'),
  ('txn_1145', 'm_019', 'c_168', 353.55, '2024-01-09 02:04:14', 'completed', 'card'),
  ('txn_1146', 'm_007', 'c_235', 109.25, '2024-01-02 06:37:19', 'failed', 'card'),
  ('txn_1147', 'm_008', 'c_097', 365.06, '2024-01-14 07:11:59', 'completed', 'card'),
  ('txn_1148', 'm_016', 'c_171', 214.11, '2024-01-10 11:48:38', 'completed', 'card'),
  ('txn_1149', 'm_003', 'c_274', 364.74, '2024-01-14 07:14:20', 'completed', 'card'),
  ('txn_1150', 'm_016', 'c_040', 69.8, '2024-01-02 07:31:44', 'refunded', 'wallet');

INSERT INTO transactions (transaction_id, merchant_id, customer_id, amount, transaction_date, status, payment_method) VALUES
  ('txn_1151', 'm_013', 'c_275', 329.04, '2024-01-12 17:02:33', 'completed', 'card'),
  ('txn_1152', 'm_013', 'c_043', 108.83, '2024-01-01 05:19:12', 'refunded', 'card'),
  ('txn_1153', 'm_015', 'c_254', 428.79, '2024-01-11 08:48:36', 'completed', 'card'),
  ('txn_1154', 'm_008', 'c_010', 52.54, '2024-01-03 20:21:34', 'completed', 'card'),
  ('txn_1155', 'm_014', 'c_239', 219.74, '2024-01-03 21:12:26', 'completed', 'bank_transfer'),
  ('txn_1156', 'm_010', 'c_177', 246.87, '2024-01-10 02:40:11', 'pending', 'wallet'),
  ('txn_1157', 'm_003', 'c_263', 433.12, '2024-01-11 19:18:00', 'completed', 'bank_transfer'),
  ('txn_1158', 'm_015', 'c_013', 64.4, '2024-01-13 08:57:00', 'completed', 'card'),
  ('txn_1159', 'm_010', 'c_023', 295.49, '2024-01-03 07:04:52', 'completed', 'bank_transfer'),
  ('txn_1160', 'm_008', 'c_097', 244.67, '2024-01-04 00:57:19', 'completed', 'bank_transfer'),
  ('txn_1161', 'm_006', 'c_203', 36.43, '2024-01-01 11:30:11', 'completed', 'card'),
  ('txn_1162', 'm_016', 'c_280', 409.64, '2024-01-15 04:37:29', 'completed', 'bank_transfer'),
  ('txn_1163', 'm_006', 'c_146', 483.01, '2024-01-05 08:49:16', 'completed', 'card'),
  ('txn_1164', 'm_001', 'c_178', 226.38, '2024-01-13 23:51:00', 'completed', 'card'),
  ('txn_1165', 'm_008', 'c_010', 283.44, '2024-01-04 00:39:10', 'refunded', 'card'),
  ('txn_1166', 'm_013', 'c_237', 483.31, '2024-01-01 00:02:59', 'completed', 'bank_transfer'),
  ('txn_1167', 'm_010', 'c_073', 27.85, '2024-01-11 19:11:05', 'completed', 'card'),
  ('txn_1168', 'm_007', 'c_213', 247.77, '2024-01-09 13:07:23', 'completed', 'wallet'),
  ('txn_1169', 'm_009', 'c_068', 333.0, '2024-01-03 23:54:00', 'completed', 'card'),
  ('txn_1170', 'm_009', 'c_080', 303.06, '2024-01-04 02:51:07', 'completed', 'wallet'),
  ('txn_1171', 'm_017', 'c_060', 277.18, '2024-01-04 23:08:25', 'completed', 'bank_transfer'),
  ('txn_1172', 'm_016', 'c_224', 46.21, '2024-01-04 11:26:44', 'completed', 'bank_transfer'),
  ('txn_1173', 'm_009', 'c_056', 316.64, '2024-01-14 16:20:43', 'completed', 'card'),
  ('txn_1174', 'm_008', 'c_097', 411.68, '2024-01-15 15:37:36', 'completed', 'bank_transfer'),
  ('txn_1175', 'm_010', 'c_065', 138.71, '2024-01-10 20:58:02', 'completed', 'card'),
  ('txn_1176', 'm_003', 'c_226', 321.89, '2024-01-04 13:14:35', 'completed', 'card'),
  ('txn_1177', 'm_010', 'c_073', 9.88, '2024-01-03 13:10:06', 'completed', 'card'),
  ('txn_1178', 'm_006', 'c_119', 265.61, '2024-01-12 21:13:24', 'completed', 'wallet'),
  ('txn_1179', 'm_006', 'c_203', 351.73, '2024-01-03 09:42:36', 'completed', 'wallet'),
  ('txn_1180', 'm_002', 'c_112', 162.41, '2024-01-13 21:43:38', 'refunded', 'bank_transfer'),
  ('txn_1181', 'm_016', 'c_250', 298.19, '2024-01-04 18:34:48', 'completed', 'card'),
  ('txn_1182', 'm_007', 'c_021', 192.51, '2024-01-09 23:37:42', 'failed', 'card'),
  ('txn_1183', 'm_010', 'c_260', 306.31, '2024-01-09 14:13:14', 'failed', 'bank_transfer'),
  ('txn_1184', 'm_018', 'c_267', 146.98, '2024-01-06 13:15:53', 'completed', 'wallet'),
  ('txn_1185', 'm_013', 'c_030', 473.99, '2024-01-02 22:17:50', 'completed', 'card'),
  ('txn_1186', 'm_003', 'c_149', 472.71, '2024-01-07 22:31:12', 'completed', 'wallet'),
  ('txn_1187', 'm_019', 'c_022', 481.27, '2024-01-04 07:28:31', 'completed', 'wallet'),
  ('txn_1188', 'm_019', 'c_220', 259.93, '2024-01-10 20:12:15', 'pending', 'wallet'),
  ('txn_1189', 'm_001', 'c_178', 99.14, '2024-01-13 23:16:00', 'refunded', 'card'),
  ('txn_1190', 'm_015', 'c_098', 497.14, '2024-01-02 00:40:26', 'completed', 'wallet'),
  ('txn_1191', 'm_018', 'c_072', 338.89, '2024-01-05 05:50:11', 'refunded', 'wallet'),
  ('txn_1192', 'm_003', 'c_226', 420.51, '2024-01-11 06:15:12', 'completed', 'card'),
  ('txn_1193', 'm_019', 'c_204', 89.39, '2024-01-07 01:29:55', 'completed', 'card'),
  ('txn_1194', 'm_006', 'c_184', 153.09, '2024-01-14 19:22:28', 'completed', 'card'),
  ('txn_1195', 'm_016', 'c_115', 461.91, '2024-01-01 20:38:20', 'completed', 'wallet'),
  ('txn_1196', 'm_018', 'c_172', 33.46, '2024-01-08 05:48:06', 'completed', 'wallet'),
  ('txn_1197', 'm_015', 'c_067', 7.55, '2024-01-01 05:09:48', 'failed', 'card'),
  ('txn_1198', 'm_006', 'c_268', 248.56, '2024-01-04 17:32:34', 'completed', 'wallet'),
  ('txn_1199', 'm_017', 'c_060', 456.99, '2024-01-07 01:42:50', 'completed', 'card'),
  ('txn_1200', 'm_010', 'c_200', 200.7, '2024-01-05 10:07:43', 'completed', 'card');

INSERT INTO transactions (transaction_id, merchant_id, customer_id, amount, transaction_date, status, payment_method) VALUES
  ('txn_1201', 'm_011', 'c_105', 494.74, '2024-01-09 14:04:01', 'completed', 'bank_transfer'),
  ('txn_1202', 'm_017', 'c_036', 182.82, '2024-01-07 21:57:58', 'failed', 'card'),
  ('txn_1203', 'm_002', 'c_102', 200.3, '2024-01-04 21:23:19', 'refunded', 'card'),
  ('txn_1204', 'm_009', 'c_253', 480.05, '2024-01-14 08:28:12', 'completed', 'card'),
  ('txn_1205', 'm_019', 'c_283', 358.59, '2024-01-10 10:31:14', 'completed', 'bank_transfer'),
  ('txn_1206', 'm_007', 'c_014', 479.05, '2024-01-13 03:16:17', 'completed', 'card'),
  ('txn_1207', 'm_001', 'c_178', 122.07, '2024-01-15 11:49:41', 'pending', 'card'),
  ('txn_1208', 'm_001', 'c_159', 242.7, '2024-01-11 09:52:57', 'completed', 'bank_transfer'),
  ('txn_1209', 'm_010', 'c_245', 80.49, '2024-01-03 19:00:14', 'completed', 'card'),
  ('txn_1210', 'm_011', 'c_193', 334.83, '2024-01-03 12:02:22', 'completed', 'card'),
  ('txn_1211', 'm_008', 'c_010', 496.31, '2024-01-04 05:04:04', 'completed', 'card'),
  ('txn_1212', 'm_016', 'c_017', 140.56, '2024-01-15 23:07:05', 'completed', 'card'),
  ('txn_1213', 'm_009', 'c_061', 432.85, '2024-01-06 14:48:58', 'completed', 'bank_transfer'),
  ('txn_1214', 'm_010', 'c_100', 215.91, '2024-01-02 06:05:29', 'completed', 'wallet'),
  ('txn_1215', 'm_013', 'c_030', 138.28, '2024-01-06 23:52:10', 'completed', 'card'),
  ('txn_1216', 'm_014', 'c_019', 94.97, '2024-01-08 19:22:07', 'completed', 'card'),
  ('txn_1217', 'm_009', 'c_181', 238.67, '2024-01-07 02:57:13', 'completed', 'card'),
  ('txn_1218', 'm_019', 'c_201', 170.47, '2024-01-14 09:25:41', 'completed', 'card'),
  ('txn_1219', 'm_007', 'c_062', 183.48, '2024-01-10 00:28:05', 'completed', 'wallet'),
  ('txn_1220', 'm_010', 'c_260', 141.59, '2024-01-03 13:57:44', 'completed', 'bank_transfer'),
  ('txn_1221', 'm_007', 'c_218', 372.58, '2024-01-05 14:56:08', 'completed', 'card'),
  ('txn_1222', 'm_009', 'c_228', 463.12, '2024-01-08 07:37:21', 'completed', 'wallet'),
  ('txn_1223', 'm_019', 'c_128', 269.11, '2024-01-11 03:37:35', 'completed', 'card'),
  ('txn_1224', 'm_011', 'c_236', 447.98, '2024-01-02 15:26:35', 'completed', 'card'),
  ('txn_1225', 'm_019', 'c_210', 264.26, '2024-01-07 15:42:11', 'completed', 'card'),
  ('txn_1226', 'm_007', 'c_042', 27.5, '2024-01-05 14:47:39', 'completed', 'card'),
  ('txn_1227', 'm_016', 'c_250', 343.92, '2024-01-13 08:40:34', 'completed', 'card'),
  ('txn_1228', 'm_016', 'c_280', 390.79, '2024-01-05 11:13:35', 'completed', 'wallet'),
  ('txn_1229', 'm_001', 'c_051', 288.09, '2024-01-13 10:43:30', 'completed', 'card'),
  ('txn_1230', 'm_018', 'c_267', 355.34, '2024-01-06 08:21:18', 'completed', 'card'),
  ('txn_1231', 'm_013', 'c_127', 278.31, '2024-01-05 23:54:00', 'completed', 'card'),
  ('txn_1232', 'm_002', 'c_288', 78.33, '2024-01-02 06:00:45', 'completed', 'card'),
  ('txn_1233', 'm_010', 'c_296', 108.94, '2024-01-15 16:31:51', 'completed', 'card'),
  ('txn_1234', 'm_015', 'c_113', 46.21, '2024-01-04 05:50:03', 'failed', 'wallet'),
  ('txn_1235', 'm_017', 'c_141', 165.69, '2024-01-06 07:44:22', 'completed', 'card'),
  ('txn_1236', 'm_011', 'c_140', 131.71, '2024-01-15 03:46:27', 'completed', 'wallet'),
  ('txn_1237', 'm_006', 'c_268', 473.1, '2024-01-11 17:35:28', 'completed', 'wallet'),
  ('txn_1238', 'm_010', 'c_100', 138.05, '2024-01-06 14:59:18', 'completed', 'bank_transfer'),
  ('txn_1239', 'm_017', 'c_148', 78.43, '2024-01-12 03:36:50', 'completed', 'card'),
  ('txn_1240', 'm_008', 'c_010', 98.49, '2024-01-01 12:15:39', 'completed', 'card'),
  ('txn_1241', 'm_013', 'c_043', 443.2, '2024-01-04 11:36:28', 'completed', 'wallet'),
  ('txn_1242', 'm_003', 'c_242', 126.4, '2024-01-13 18:52:14', 'completed', 'bank_transfer'),
  ('txn_1243', 'm_007', 'c_235', 376.47, '2024-01-10 07:41:26', 'completed', 'wallet'),
  ('txn_1244', 'm_001', 'c_051', 414.15, '2024-01-03 00:41:52', 'refunded', 'card'),
  ('txn_1245', 'm_011', 'c_140', 469.61, '2024-01-01 05:28:25', 'completed', 'card'),
  ('txn_1246', 'm_006', 'c_203', 427.1, '2024-01-14 15:53:04', 'completed', 'card'),
  ('txn_1247', 'm_018', 'c_072', 157.16, '2024-01-14 04:37:37', 'completed', 'card'),
  ('txn_1248', 'm_011', 'c_105', 15.5, '2024-01-03 11:44:56', 'completed', 'card'),
  ('txn_1249', 'm_017', 'c_093', 5.6, '2024-01-10 08:30:06', 'completed', 'card'),
  ('txn_1250', 'm_007', 'c_062', 329.41, '2024-01-03 17:28:58', 'completed', 'bank_transfer');

INSERT INTO transactions (transaction_id, merchant_id, customer_id, amount, transaction_date, status, payment_method) VALUES
  ('txn_1251', 'm_019', 'c_095', 495.43, '2024-01-07 20:10:07', 'completed', 'card'),
  ('txn_1252', 'm_015', 'c_055', 309.77, '2024-01-03 01:24:07', 'completed', 'card'),
  ('txn_1253', 'm_002', 'c_271', 79.8, '2024-01-05 09:39:10', 'completed', 'wallet'),
  ('txn_1254', 'm_017', 'c_093', 447.09, '2024-01-07 23:11:34', 'pending', 'card'),
  ('txn_1255', 'm_015', 'c_067', 139.19, '2024-01-02 20:29:18', 'completed', 'card'),
  ('txn_1256', 'm_001', 'c_051', 390.0, '2024-01-11 20:13:08', 'completed', 'card'),
  ('txn_1257', 'm_019', 'c_057', 61.02, '2024-01-08 20:11:32', 'completed', 'card'),
  ('txn_1258', 'm_007', 'c_021', 384.93, '2024-01-12 16:22:15', 'completed', 'card'),
  ('txn_1259', 'm_017', 'c_148', 73.42, '2024-01-14 08:00:47', 'completed', 'card'),
  ('txn_1260', 'm_019', 'c_257', 269.22, '2024-01-10 08:03:41', 'completed', 'wallet'),
  ('txn_1261', 'm_003', 'c_297', 358.89, '2024-01-06 07:46:16', 'completed', 'wallet'),
  ('txn_1262', 'm_003', 'c_149', 184.05, '2024-01-12 12:04:55', 'completed', 'card'),
  ('txn_1263', 'm_007', 'c_014', 34.49, '2024-01-04 09:10:36', 'completed', 'card'),
  ('txn_1264', 'm_013', 'c_275', 76.35, '2024-01-06 10:49:53', 'completed', 'bank_transfer'),
  ('txn_1265', 'm_002', 'c_102', 63.03, '2024-01-01 15:20:53', 'pending', 'card'),
  ('txn_1266', 'm_017', 'c_148', 31.77, '2024-01-15 09:59:12', 'completed', 'wallet'),
  ('txn_1267', 'm_008', 'c_010', 77.71, '2024-01-01 07:16:07', 'completed', 'card'),
  ('txn_1268', 'm_017', 'c_093', 383.88, '2024-01-08 06:28:33', 'completed', 'card'),
  ('txn_1269', 'm_019', 'c_210', 362.67, '2024-01-04 18:48:39', 'completed', 'card'),
  ('txn_1270', 'm_002', 'c_288', 20.9, '2024-01-01 06:19:50', 'refunded', 'card'),
  ('txn_1271', 'm_016', 'c_209', 341.55, '2024-01-07 06:19:39', 'completed', 'wallet'),
  ('txn_1272', 'm_013', 'c_114', 214.72, '2024-01-13 15:47:46', 'completed', 'card'),
  ('txn_1273', 'm_016', 'c_076', 372.85, '2024-01-10 12:31:33', 'completed', 'wallet'),
  ('txn_1274', 'm_008', 'c_151', 488.11, '2024-01-12 08:53:01', 'completed', 'card'),
  ('txn_1275', 'm_019', 'c_180', 328.09, '2024-01-10 00:24:06', 'completed', 'bank_transfer'),
  ('txn_1276', 'm_017', 'c_137', 138.61, '2024-01-09 03:25:35', 'completed', 'card'),
  ('txn_1277', 'm_001', 'c_051', 144.69, '2024-01-15 11:50:32', 'completed', 'card'),
  ('txn_1278', 'm_001', 'c_159', 97.93, '2024-01-03 01:32:20', 'completed', 'card'),
  ('txn_1279', 'm_002', 'c_256', 493.31, '2024-01-03 00:15:00', 'completed', 'card'),
  ('txn_1280', 'm_013', 'c_027', 490.37, '2024-01-13 03:23:49', 'refunded', 'card'),
  ('txn_1281', 'm_009', 'c_188', 377.16, '2024-01-03 08:43:40', 'failed', 'card'),
  ('txn_1282', 'm_014', 'c_162', 448.77, '2024-01-04 15:29:24', 'completed', 'card'),
  ('txn_1283', 'm_001', 'c_178', 399.05, '2024-01-01 21:47:30', 'completed', 'wallet'),
  ('txn_1284', 'm_013', 'c_043', 80.01, '2024-01-03 06:20:45', 'completed', 'card'),
  ('txn_1285', 'm_010', 'c_071', 404.7, '2024-01-04 21:49:00', 'completed', 'card'),
  ('txn_1286', 'm_014', 'c_197', 393.75, '2024-01-11 11:01:05', 'completed', 'card'),
  ('txn_1287', 'm_002', 'c_179', 123.36, '2024-01-04 16:46:48', 'completed', 'wallet'),
  ('txn_1288', 'm_019', 'c_089', 403.34, '2024-01-03 02:46:43', 'completed', 'card'),
  ('txn_1289', 'm_019', 'c_089', 230.13, '2024-01-07 19:10:48', 'completed', 'card'),
  ('txn_1290', 'm_015', 'c_130', 49.17, '2024-01-12 11:41:40', 'completed', 'bank_transfer'),
  ('txn_1291', 'm_011', 'c_248', 326.89, '2024-01-12 20:25:53', 'completed', 'card'),
  ('txn_1292', 'm_002', 'c_176', 430.21, '2024-01-04 03:08:19', 'completed', 'bank_transfer'),
  ('txn_1293', 'm_018', 'c_156', 258.68, '2024-01-11 00:42:11', 'completed', 'card'),
  ('txn_1294', 'm_018', 'c_122', 439.32, '2024-01-02 09:14:20', 'pending', 'card'),
  ('txn_1295', 'm_010', 'c_272', 411.51, '2024-01-08 01:19:19', 'completed', 'card'),
  ('txn_1296', 'm_016', 'c_086', 287.22, '2024-01-12 05:17:48', 'completed', 'card'),
  ('txn_1297', 'm_003', 'c_226', 235.61, '2024-01-12 06:47:47', 'completed', 'wallet'),
  ('txn_1298', 'm_006', 'c_107', 94.24, '2024-01-05 20:12:01', 'completed', 'bank_transfer'),
  ('txn_1299', 'm_016', 'c_171', 36.91, '2024-01-12 13:25:04', 'completed', 'wallet'),
  ('txn_1300', 'm_006', 'c_184', 230.02, '2024-01-04 12:46:04', 'completed', 'card');

INSERT INTO transactions (transaction_id, merchant_id, customer_id, amount, transaction_date, status, payment_method) VALUES
  ('txn_1301', 'm_009', 'c_188', 286.26, '2024-01-09 18:35:05', 'completed', 'bank_transfer'),
  ('txn_1302', 'm_017', 'c_244', 110.64, '2024-01-11 06:22:08', 'completed', 'card'),
  ('txn_1303', 'm_011', 'c_215', 319.67, '2024-01-10 19:58:10', 'completed', 'card'),
  ('txn_1304', 'm_003', 'c_167', 437.52, '2024-01-07 07:08:20', 'completed', 'bank_transfer'),
  ('txn_1305', 'm_008', 'c_010', 50.76, '2024-01-08 04:57:34', 'completed', 'card'),
  ('txn_1306', 'm_008', 'c_010', 177.89, '2024-01-04 21:36:29', 'completed', 'bank_transfer'),
  ('txn_1307', 'm_017', 'c_148', 456.74, '2024-01-14 14:45:10', 'completed', 'bank_transfer'),
  ('txn_1308', 'm_009', 'c_056', 362.75, '2024-01-08 16:23:00', 'completed', 'wallet'),
  ('txn_1309', 'm_001', 'c_051', 448.77, '2024-01-03 18:10:50', 'completed', 'bank_transfer'),
  ('txn_1310', 'm_017', 'c_141', 262.74, '2024-01-04 01:14:08', 'completed', 'bank_transfer'),
  ('txn_1311', 'm_018', 'c_025', 23.06, '2024-01-14 06:07:05', 'refunded', 'card'),
  ('txn_1312', 'm_008', 'c_151', 191.89, '2024-01-15 00:01:53', 'completed', 'card'),
  ('txn_1313', 'm_001', 'c_159', 407.82, '2024-01-13 04:29:08', 'completed', 'card'),
  ('txn_1314', 'm_006', 'c_294', 326.21, '2024-01-09 13:10:40', 'completed', 'bank_transfer'),
  ('txn_1315', 'm_017', 'c_287', 487.16, '2024-01-12 03:17:02', 'completed', 'card'),
  ('txn_1316', 'm_017', 'c_148', 92.56, '2024-01-10 06:16:36', 'completed', 'card'),
  ('txn_1317', 'm_013', 'c_265', 318.88, '2024-01-03 09:48:10', 'pending', 'wallet'),
  ('txn_1318', 'm_003', 'c_099', 49.37, '2024-01-03 12:23:42', 'completed', 'wallet'),
  ('txn_1319', 'm_019', 'c_299', 377.1, '2024-01-13 05:13:45', 'completed', 'card'),
  ('txn_1320', 'm_002', 'c_160', 426.59, '2024-01-14 09:19:23', 'completed', 'card'),
  ('txn_1321', 'm_016', 'c_040', 101.8, '2024-01-12 06:16:07', 'completed', 'card'),
  ('txn_1322', 'm_017', 'c_227', 8.76, '2024-01-07 11:53:37', 'completed', 'card'),
  ('txn_1323', 'm_011', 'c_215', 420.05, '2024-01-10 23:46:00', 'completed', 'card'),
  ('txn_1324', 'm_001', 'c_051', 80.92, '2024-01-15 13:29:37', 'completed', 'wallet'),
  ('txn_1325', 'm_014', 'c_092', 89.35, '2024-01-10 11:59:06', 'completed', 'bank_transfer'),
  ('txn_1326', 'm_009', 'c_206', 415.13, '2024-01-10 11:25:52', 'completed', 'bank_transfer'),
  ('txn_1327', 'm_008', 'c_097', 452.56, '2024-01-03 10:00:30', 'completed', 'card'),
  ('txn_1328', 'm_007', 'c_207', 63.59, '2024-01-07 07:35:42', 'completed', 'bank_transfer'),
  ('txn_1329', 'm_008', 'c_097', 105.86, '2024-01-15 09:36:55', 'completed', 'card'),
  ('txn_1330', 'm_007', 'c_007', 310.96, '2024-01-01 14:43:56', 'completed', 'card'),
  ('txn_1331', 'm_007', 'c_131', 319.06, '2024-01-06 09:10:54', 'refunded', 'card'),
  ('txn_1332', 'm_013', 'c_114', 270.03, '2024-01-02 06:08:45', 'completed', 'bank_transfer'),
  ('txn_1333', 'm_011', 'c_105', 467.81, '2024-01-15 01:29:54', 'completed', 'card'),
  ('txn_1334', 'm_006', 'c_107', 232.27, '2024-01-07 20:32:47', 'completed', 'card'),
  ('txn_1335', 'm_011', 'c_140', 50.92, '2024-01-06 01:09:09', 'completed', 'card'),
  ('txn_1336', 'm_016', 'c_040', 248.06, '2024-01-02 20:27:19', 'completed', 'bank_transfer'),
  ('txn_1337', 'm_009', 'c_222', 190.75, '2024-01-05 08:44:41', 'completed', 'bank_transfer'),
  ('txn_1338', 'm_013', 'c_027', 452.3, '2024-01-01 18:19:16', 'completed', 'wallet'),
  ('txn_1339', 'm_006', 'c_203', 496.9, '2024-01-01 02:55:16', 'completed', 'wallet'),
  ('txn_1340', 'm_008', 'c_151', 372.14, '2024-01-14 00:12:57', 'completed', 'card'),
  ('txn_1341', 'm_001', 'c_178', 258.31, '2024-01-03 18:52:08', 'completed', 'card'),
  ('txn_1342', 'm_009', 'c_009', 167.13, '2024-01-04 01:44:18', 'completed', 'card'),
  ('txn_1343', 'm_011', 'c_215', 243.38, '2024-01-08 03:27:15', 'completed', 'card'),
  ('txn_1344', 'm_018', 'c_172', 220.85, '2024-01-05 19:16:16', 'completed', 'card'),
  ('txn_1345', 'm_011', 'c_240', 55.93, '2024-01-05 23:54:20', 'refunded', 'wallet'),
  ('txn_1346', 'm_019', 'c_210', 442.01, '2024-01-08 17:41:04', 'completed', 'wallet'),
  ('txn_1347', 'm_006', 'c_268', 217.51, '2024-01-02 13:26:16', 'completed', 'card'),
  ('txn_1348', 'm_018', 'c_072', 445.28, '2024-01-08 02:57:38', 'completed', 'card'),
  ('txn_1349', 'm_015', 'c_132', 19.82, '2024-01-05 12:18:11', 'completed', 'card'),
  ('txn_1350', 'm_015', 'c_098', 40.96, '2024-01-08 15:10:55', 'completed', 'card');

INSERT INTO transactions (transaction_id, merchant_id, customer_id, amount, transaction_date, status, payment_method) VALUES
  ('txn_1351', 'm_006', 'c_020', 162.7, '2024-01-14 18:34:29', 'completed', 'card'),
  ('txn_1352', 'm_014', 'c_077', 283.01, '2024-01-13 19:09:09', 'completed', 'card'),
  ('txn_1353', 'm_009', 'c_068', 282.67, '2024-01-02 19:35:17', 'failed', 'wallet'),
  ('txn_1354', 'm_017', 'c_227', 162.3, '2024-01-12 23:44:15', 'completed', 'card'),
  ('txn_1355', 'm_019', 'c_047', 495.18, '2024-01-05 03:41:46', 'completed', 'card'),
  ('txn_1356', 'm_014', 'c_239', 194.51, '2024-01-14 23:24:13', 'completed', 'card'),
  ('txn_1357', 'm_001', 'c_159', 145.76, '2024-01-13 19:17:56', 'completed', 'card'),
  ('txn_1358', 'm_002', 'c_161', 324.16, '2024-01-11 01:48:03', 'completed', 'bank_transfer'),
  ('txn_1359', 'm_013', 'c_127', 162.01, '2024-01-08 14:26:14', 'completed', 'bank_transfer'),
  ('txn_1360', 'm_019', 'c_270', 28.3, '2024-01-03 22:43:41', 'completed', 'bank_transfer'),
  ('txn_1361', 'm_015', 'c_199', 55.86, '2024-01-04 08:49:07', 'completed', 'card'),
  ('txn_1362', 'm_006', 'c_203', 431.39, '2024-01-03 03:16:24', 'failed', 'bank_transfer'),
  ('txn_1363', 'm_009', 'c_194', 408.99, '2024-01-02 06:34:41', 'completed', 'card'),
  ('txn_1364', 'm_011', 'c_012', 59.85, '2024-01-15 20:57:11', 'completed', 'card'),
  ('txn_1365', 'm_016', 'c_152', 350.84, '2024-01-04 01:34:06', 'completed', 'wallet'),
  ('txn_1366', 'm_014', 'c_058', 377.75, '2024-01-13 15:56:57', 'completed', 'bank_transfer'),
  ('txn_1367', 'm_010', 'c_245', 241.57, '2024-01-12 17:11:48', 'completed', 'card'),
  ('txn_1368', 'm_010', 'c_065', 135.59, '2024-01-06 21:11:39', 'completed', 'card'),
  ('txn_1369', 'm_009', 'c_056', 42.2, '2024-01-06 05:54:28', 'completed', 'card'),
  ('txn_1370', 'm_018', 'c_170', 98.02, '2024-01-15 08:00:16', 'completed', 'card'),
  ('txn_1371', 'm_014', 'c_084', 355.71, '2024-01-03 13:33:06', 'completed', 'card'),
  ('txn_1372', 'm_007', 'c_029', 458.77, '2024-01-13 11:06:52', 'completed', 'bank_transfer'),
  ('txn_1373', 'm_009', 'c_206', 98.04, '2024-01-08 10:55:33', 'completed', 'bank_transfer'),
  ('txn_1374', 'm_006', 'c_119', 233.17, '2024-01-12 04:27:45', 'completed', 'card'),
  ('txn_1375', 'm_008', 'c_097', 19.15, '2024-01-07 10:42:38', 'completed', 'wallet'),
  ('txn_1376', 'm_006', 'c_107', 180.44, '2024-01-11 10:59:14', 'completed', 'card'),
  ('txn_1377', 'm_014', 'c_019', 223.46, '2024-01-10 00:08:00', 'completed', 'card'),
  ('txn_1378', 'm_017', 'c_137', 150.53, '2024-01-13 20:29:33', 'completed', 'card'),
  ('txn_1379', 'm_019', 'c_230', 219.61, '2024-01-03 16:42:37', 'pending', 'card'),
  ('txn_1380', 'm_010', 'c_065', 31.3, '2024-01-02 14:21:31', 'completed', 'wallet'),
  ('txn_1381', 'm_006', 'c_184', 117.1, '2024-01-03 11:00:50', 'completed', 'bank_transfer'),
  ('txn_1382', 'm_010', 'c_272', 412.91, '2024-01-05 03:37:54', 'pending', 'card'),
  ('txn_1383', 'm_009', 'c_192', 320.27, '2024-01-01 01:48:35', 'failed', 'wallet'),
  ('txn_1384', 'm_006', 'c_119', 254.1, '2024-01-08 09:51:51', 'pending', 'wallet'),
  ('txn_1385', 'm_010', 'c_070', 160.98, '2024-01-12 01:10:57', 'completed', 'card'),
  ('txn_1386', 'm_007', 'c_007', 334.69, '2024-01-07 00:13:00', 'completed', 'card'),
  ('txn_1387', 'm_003', 'c_123', 341.21, '2024-01-12 12:01:33', 'completed', 'wallet'),
  ('txn_1388', 'm_001', 'c_159', 437.24, '2024-01-01 00:03:00', 'completed', 'card'),
  ('txn_1389', 'm_013', 'c_114', 265.01, '2024-01-03 10:14:59', 'completed', 'card'),
  ('txn_1390', 'm_013', 'c_237', 229.05, '2024-01-07 05:54:40', 'failed', 'card'),
  ('txn_1391', 'm_019', 'c_145', 185.32, '2024-01-09 02:25:01', 'completed', 'card'),
  ('txn_1392', 'm_019', 'c_089', 138.62, '2024-01-10 23:01:41', 'completed', 'card'),
  ('txn_1393', 'm_010', 'c_260', 497.07, '2024-01-15 00:08:00', 'completed', 'bank_transfer'),
  ('txn_1394', 'm_017', 'c_148', 107.12, '2024-01-10 04:04:18', 'completed', 'card'),
  ('txn_1395', 'm_006', 'c_184', 439.19, '2024-01-11 21:43:06', 'pending', 'wallet'),
  ('txn_1396', 'm_008', 'c_097', 455.61, '2024-01-11 03:05:29', 'completed', 'card'),
  ('txn_1397', 'm_011', 'c_215', 99.33, '2024-01-15 20:43:47', 'completed', 'wallet'),
  ('txn_1398', 'm_006', 'c_268', 398.69, '2024-01-01 04:51:19', 'completed', 'card'),
  ('txn_1399', 'm_019', 'c_283', 77.83, '2024-01-08 00:48:36', 'pending', 'card'),
  ('txn_1400', 'm_008', 'c_097', 245.98, '2024-01-01 00:00:00', 'completed', 'card');

INSERT INTO transactions (transaction_id, merchant_id, customer_id, amount, transaction_date, status, payment_method) VALUES
  ('txn_1401', 'm_013', 'c_030', 31.33, '2024-01-01 00:22:25', 'completed', 'card'),
  ('txn_1402', 'm_002', 'c_133', 73.17, '2024-01-14 14:39:36', 'completed', 'wallet'),
  ('txn_1403', 'm_007', 'c_014', 358.03, '2024-01-02 23:01:17', 'completed', 'card'),
  ('txn_1404', 'm_013', 'c_114', 20.91, '2024-01-10 09:00:05', 'completed', 'card'),
  ('txn_1405', 'm_017', 'c_227', 483.62, '2024-01-15 11:48:01', 'completed', 'card'),
  ('txn_1406', 'm_013', 'c_043', 284.13, '2024-01-04 09:04:33', 'pending', 'card'),
  ('txn_1407', 'm_009', 'c_164', 72.17, '2024-01-03 01:51:51', 'completed', 'card'),
  ('txn_1408', 'm_013', 'c_275', 275.19, '2024-01-13 18:45:00', 'completed', 'bank_transfer'),
  ('txn_1409', 'm_018', 'c_156', 254.39, '2024-01-11 09:08:07', 'pending', 'card'),
  ('txn_1410', 'm_018', 'c_170', 480.92, '2024-01-01 15:23:31', 'completed', 'card'),
  ('txn_1411', 'm_017', 'c_060', 379.15, '2024-01-15 02:03:44', 'completed', 'card'),
  ('txn_1412', 'm_015', 'c_085', 312.34, '2024-01-10 12:44:26', 'completed', 'card'),
  ('txn_1413', 'm_007', 'c_087', 336.69, '2024-01-02 07:39:32', 'completed', 'wallet'),
  ('txn_1414', 'm_003', 'c_031', 138.74, '2024-01-03 08:44:20', 'completed', 'card'),
  ('txn_1415', 'm_013', 'c_275', 346.84, '2024-01-13 09:34:29', 'completed', 'card'),
  ('txn_1416', 'm_002', 'c_125', 260.55, '2024-01-04 18:09:47', 'completed', 'bank_transfer'),
  ('txn_1417', 'm_013', 'c_127', 360.98, '2024-01-05 20:54:58', 'completed', 'bank_transfer'),
  ('txn_1418', 'm_006', 'c_107', 5.02, '2024-01-07 00:00:28', 'completed', 'card'),
  ('txn_1419', 'm_009', 'c_068', 239.5, '2024-01-03 22:57:37', 'completed', 'bank_transfer'),
  ('txn_1420', 'm_013', 'c_265', 244.44, '2024-01-14 06:29:13', 'completed', 'card'),
  ('txn_1421', 'm_011', 'c_248', 430.36, '2024-01-01 12:36:59', 'completed', 'card'),
  ('txn_1422', 'm_008', 'c_010', 410.18, '2024-01-14 06:27:53', 'completed', 'card'),
  ('txn_1423', 'm_009', 'c_253', 242.83, '2024-01-12 23:10:20', 'completed', 'card'),
  ('txn_1424', 'm_015', 'c_214', 141.21, '2024-01-11 07:28:59', 'completed', 'card'),
  ('txn_1425', 'm_007', 'c_007', 145.29, '2024-01-15 02:11:16', 'completed', 'wallet'),
  ('txn_1426', 'm_013', 'c_027', 324.33, '2024-01-09 14:38:36', 'completed', 'wallet'),
  ('txn_1427', 'm_007', 'c_131', 441.8, '2024-01-03 23:56:00', 'completed', 'card'),
  ('txn_1428', 'm_009', 'c_192', 451.76, '2024-01-05 05:39:06', 'completed', 'bank_transfer'),
  ('txn_1429', 'm_007', 'c_062', 329.69, '2024-01-04 09:34:43', 'completed', 'card'),
  ('txn_1430', 'm_011', 'c_215', 462.12, '2024-01-12 10:48:56', 'completed', 'bank_transfer'),
  ('txn_1431', 'm_008', 'c_151', 355.71, '2024-01-08 20:47:17', 'completed', 'wallet'),
  ('txn_1432', 'm_015', 'c_191', 310.65, '2024-01-03 23:52:00', 'completed', 'card'),
  ('txn_1433', 'm_006', 'c_107', 252.22, '2024-01-06 14:52:43', 'pending', 'bank_transfer'),
  ('txn_1434', 'm_010', 'c_065', 450.4, '2024-01-11 04:42:01', 'completed', 'bank_transfer'),
  ('txn_1435', 'm_003', 'c_031', 307.89, '2024-01-02 18:27:23', 'completed', 'card'),
  ('txn_1436', 'm_018', 'c_156', 305.23, '2024-01-11 21:51:30', 'completed', 'card'),
  ('txn_1437', 'm_016', 'c_076', 494.49, '2024-01-07 03:05:20', 'completed', 'wallet'),
  ('txn_1438', 'm_019', 'c_219', 341.03, '2024-01-11 12:51:36', 'completed', 'card'),
  ('txn_1439', 'm_009', 'c_061', 293.14, '2024-01-04 09:53:01', 'completed', 'card'),
  ('txn_1440', 'm_001', 'c_159', 388.32, '2024-01-09 06:28:43', 'completed', 'wallet'),
  ('txn_1441', 'm_008', 'c_151', 366.34, '2024-01-06 00:51:46', 'failed', 'wallet'),
  ('txn_1442', 'm_019', 'c_230', 179.29, '2024-01-02 15:07:13', 'completed', 'wallet'),
  ('txn_1443', 'm_018', 'c_170', 314.61, '2024-01-13 13:19:05', 'completed', 'wallet'),
  ('txn_1444', 'm_013', 'c_030', 63.37, '2024-01-09 00:46:29', 'completed', 'card'),
  ('txn_1445', 'm_001', 'c_051', 411.56, '2024-01-09 16:29:41', 'completed', 'card'),
  ('txn_1446', 'm_003', 'c_123', 484.22, '2024-01-13 13:37:00', 'completed', 'wallet'),
  ('txn_1447', 'm_013', 'c_265', 311.23, '2024-01-07 09:14:22', 'completed', 'card'),
  ('txn_1448', 'm_001', 'c_051', 172.33, '2024-01-02 10:35:53', 'completed', 'card'),
  ('txn_1449', 'm_007', 'c_029', 275.81, '2024-01-02 12:18:32', 'failed', 'card'),
  ('txn_1450', 'm_010', 'c_200', 41.09, '2024-01-01 20:35:59', 'completed', 'wallet');

INSERT INTO transactions (transaction_id, merchant_id, customer_id, amount, transaction_date, status, payment_method) VALUES
  ('txn_1451', 'm_015', 'c_055', 475.2, '2024-01-14 09:13:42', 'completed', 'wallet'),
  ('txn_1452', 'm_019', 'c_090', 138.9, '2024-01-12 23:52:00', 'completed', 'card'),
  ('txn_1453', 'm_015', 'c_138', 241.41, '2024-01-01 15:21:07', 'completed', 'card'),
  ('txn_1454', 'm_009', 'c_276', 306.03, '2024-01-02 06:22:26', 'completed', 'card'),
  ('txn_1455', 'm_016', 'c_185', 349.24, '2024-01-03 19:19:55', 'completed', 'bank_transfer'),
  ('txn_1456', 'm_018', 'c_025', 449.09, '2024-01-11 14:17:38', 'completed', 'card'),
  ('txn_1457', 'm_002', 'c_126', 119.86, '2024-01-14 00:22:09', 'completed', 'card'),
  ('txn_1458', 'm_002', 'c_028', 437.26, '2024-01-04 01:49:02', 'completed', 'card'),
  ('txn_1459', 'm_018', 'c_072', 144.89, '2024-01-06 22:16:57', 'completed', 'card'),
  ('txn_1460', 'm_013', 'c_043', 305.03, '2024-01-02 20:29:36', 'completed', 'card'),
  ('txn_1461', 'm_011', 'c_193', 249.99, '2024-01-06 08:19:35', 'failed', 'card'),
  ('txn_1462', 'm_018', 'c_122', 471.01, '2024-01-06 22:15:36', 'refunded', 'wallet'),
  ('txn_1463', 'm_011', 'c_236', 350.4, '2024-01-10 23:19:41', 'completed', 'card'),
  ('txn_1464', 'm_019', 'c_145', 43.83, '2024-01-14 10:07:33', 'completed', 'wallet'),
  ('txn_1465', 'm_009', 'c_079', 189.33, '2024-01-11 16:28:48', 'completed', 'card'),
  ('txn_1466', 'm_018', 'c_025', 15.54, '2024-01-10 07:47:56', 'completed', 'card'),
  ('txn_1467', 'm_013', 'c_030', 34.56, '2024-01-10 06:52:25', 'completed', 'bank_transfer'),
  ('txn_1468', 'm_016', 'c_224', 26.99, '2024-01-11 11:07:30', 'completed', 'bank_transfer'),
  ('txn_1469', 'm_002', 'c_160', 20.5, '2024-01-15 18:36:58', 'refunded', 'card'),
  ('txn_1470', 'm_014', 'c_084', 406.07, '2024-01-09 06:36:52', 'completed', 'card'),
  ('txn_1471', 'm_017', 'c_227', 392.39, '2024-01-14 10:19:01', 'failed', 'card'),
  ('txn_1472', 'm_016', 'c_155', 429.96, '2024-01-14 19:03:37', 'completed', 'bank_transfer'),
  ('txn_1473', 'm_011', 'c_140', 480.35, '2024-01-01 08:50:41', 'completed', 'card'),
  ('txn_1474', 'm_011', 'c_215', 47.34, '2024-01-14 20:40:47', 'completed', 'wallet'),
  ('txn_1475', 'm_016', 'c_017', 309.7, '2024-01-15 18:11:06', 'completed', 'card'),
  ('txn_1476', 'm_001', 'c_051', 156.91, '2024-01-05 08:08:58', 'completed', 'card'),
  ('txn_1477', 'm_018', 'c_172', 13.55, '2024-01-09 00:00:00', 'completed', 'bank_transfer'),
  ('txn_1478', 'm_009', 'c_222', 34.0, '2024-01-14 09:14:30', 'completed', 'card'),
  ('txn_1479', 'm_014', 'c_050', 223.02, '2024-01-13 00:19:01', 'completed', 'card'),
  ('txn_1480', 'm_007', 'c_029', 317.02, '2024-01-06 15:32:29', 'completed', 'wallet'),
  ('txn_1481', 'm_006', 'c_020', 96.21, '2024-01-02 00:26:27', 'completed', 'bank_transfer'),
  ('txn_1482', 'm_010', 'c_023', 476.09, '2024-01-09 00:02:00', 'completed', 'card'),
  ('txn_1483', 'm_002', 'c_271', 121.17, '2024-01-03 17:56:01', 'completed', 'card'),
  ('txn_1484', 'm_003', 'c_149', 106.0, '2024-01-11 02:19:11', 'completed', 'card'),
  ('txn_1485', 'm_003', 'c_242', 438.55, '2024-01-09 17:52:56', 'completed', 'card'),
  ('txn_1486', 'm_014', 'c_162', 449.21, '2024-01-08 03:18:14', 'completed', 'bank_transfer'),
  ('txn_1487', 'm_001', 'c_051', 187.31, '2024-01-01 14:52:31', 'completed', 'card'),
  ('txn_1488', 'm_006', 'c_146', 404.98, '2024-01-09 08:25:30', 'completed', 'wallet'),
  ('txn_1489', 'm_009', 'c_205', 416.21, '2024-01-02 21:41:51', 'completed', 'card'),
  ('txn_1490', 'm_003', 'c_149', 284.87, '2024-01-14 01:58:16', 'completed', 'wallet'),
  ('txn_1491', 'm_006', 'c_020', 305.52, '2024-01-08 16:37:50', 'completed', 'wallet'),
  ('txn_1492', 'm_011', 'c_193', 418.82, '2024-01-09 18:51:35', 'completed', 'card'),
  ('txn_1493', 'm_010', 'c_200', 160.83, '2024-01-10 22:47:56', 'completed', 'card'),
  ('txn_1494', 'm_015', 'c_055', 179.23, '2024-01-12 18:02:25', 'completed', 'card'),
  ('txn_1495', 'm_010', 'c_200', 394.22, '2024-01-04 00:58:53', 'completed', 'wallet'),
  ('txn_1496', 'm_010', 'c_285', 455.09, '2024-01-15 16:45:21', 'pending', 'wallet'),
  ('txn_1497', 'm_011', 'c_215', 174.08, '2024-01-13 06:11:56', 'completed', 'card'),
  ('txn_1498', 'm_007', 'c_213', 249.63, '2024-01-12 00:30:52', 'refunded', 'card'),
  ('txn_1499', 'm_001', 'c_051', 64.79, '2024-01-12 09:42:48', 'completed', 'wallet'),
  ('txn_1500', 'm_006', 'c_119', 435.38, '2024-01-02 18:32:02', 'completed', 'card');

INSERT INTO transactions (transaction_id, merchant_id, customer_id, amount, transaction_date, status, payment_method) VALUES
  ('txn_1501', 'm_007', 'c_207', 434.11, '2024-01-10 18:22:00', 'completed', 'bank_transfer'),
  ('txn_1502', 'm_010', 'c_272', 150.23, '2024-01-15 23:12:45', 'completed', 'card'),
  ('txn_1503', 'm_006', 'c_020', 41.51, '2024-01-11 22:00:01', 'completed', 'bank_transfer'),
  ('txn_1504', 'm_017', 'c_141', 380.04, '2024-01-15 07:26:33', 'pending', 'card'),
  ('txn_1505', 'm_003', 'c_123', 448.32, '2024-01-12 00:11:55', 'completed', 'wallet'),
  ('txn_1506', 'm_016', 'c_171', 222.1, '2024-01-03 08:26:51', 'completed', 'wallet'),
  ('txn_1507', 'm_010', 'c_073', 249.18, '2024-01-13 17:56:50', 'completed', 'wallet'),
  ('txn_1508', 'm_017', 'c_141', 164.79, '2024-01-02 00:25:42', 'completed', 'card'),
  ('txn_1509', 'm_009', 'c_225', 261.97, '2024-01-09 10:20:36', 'completed', 'wallet'),
  ('txn_1510', 'm_013', 'c_043', 63.68, '2024-01-05 02:38:11', 'completed', 'bank_transfer'),
  ('txn_1511', 'm_013', 'c_127', 494.46, '2024-01-07 18:18:46', 'refunded', 'card'),
  ('txn_1512', 'm_007', 'c_014', 107.39, '2024-01-01 00:15:00', 'completed', 'card'),
  ('txn_1513', 'm_009', 'c_008', 246.74, '2024-01-14 20:43:40', 'completed', 'card'),
  ('txn_1514', 'm_017', 'c_244', 262.84, '2024-01-03 21:52:13', 'completed', 'card'),
  ('txn_1515', 'm_018', 'c_170', 249.16, '2024-01-03 19:50:39', 'completed', 'card'),
  ('txn_1516', 'm_015', 'c_055', 373.42, '2024-01-13 07:23:02', 'completed', 'card'),
  ('txn_1517', 'm_014', 'c_084', 229.46, '2024-01-02 19:09:34', 'failed', 'wallet'),
  ('txn_1518', 'm_014', 'c_019', 219.52, '2024-01-14 13:09:27', 'failed', 'wallet'),
  ('txn_1519', 'm_002', 'c_288', 315.51, '2024-01-06 08:16:52', 'completed', 'card'),
  ('txn_1520', 'm_009', 'c_164', 237.71, '2024-01-07 20:37:34', 'completed', 'card'),
  ('txn_1521', 'm_007', 'c_029', 319.21, '2024-01-06 04:46:27', 'completed', 'wallet'),
  ('txn_1522', 'm_001', 'c_159', 38.29, '2024-01-05 07:45:34', 'completed', 'wallet'),
  ('txn_1523', 'm_002', 'c_202', 345.55, '2024-01-06 16:43:54', 'completed', 'bank_transfer'),
  ('txn_1524', 'm_015', 'c_173', 267.58, '2024-01-08 02:10:11', 'completed', 'card'),
  ('txn_1525', 'm_019', 'c_220', 399.39, '2024-01-12 16:10:44', 'completed', 'wallet'),
  ('txn_1526', 'm_013', 'c_030', 113.37, '2024-01-11 20:29:49', 'refunded', 'card'),
  ('txn_1527', 'm_014', 'c_077', 332.9, '2024-01-08 17:46:34', 'completed', 'card'),
  ('txn_1528', 'm_006', 'c_203', 350.0, '2024-01-12 17:47:53', 'failed', 'card'),
  ('txn_1529', 'm_019', 'c_270', 208.94, '2024-01-13 07:37:58', 'completed', 'card'),
  ('txn_1530', 'm_009', 'c_222', 35.1, '2024-01-08 17:01:33', 'refunded', 'card'),
  ('txn_1531', 'm_017', 'c_227', 405.47, '2024-01-02 07:49:34', 'completed', 'bank_transfer'),
  ('txn_1532', 'm_011', 'c_248', 365.45, '2024-01-10 22:43:57', 'completed', 'card'),
  ('txn_1533', 'm_010', 'c_245', 438.43, '2024-01-03 16:15:48', 'completed', 'card'),
  ('txn_1534', 'm_014', 'c_058', 304.46, '2024-01-03 04:34:33', 'completed', 'card'),
  ('txn_1535', 'm_014', 'c_092', 384.59, '2024-01-13 14:08:05', 'completed', 'card'),
  ('txn_1536', 'm_009', 'c_194', 270.06, '2024-01-06 13:35:49', 'completed', 'wallet'),
  ('txn_1537', 'm_013', 'c_043', 455.77, '2024-01-07 00:52:49', 'completed', 'bank_transfer'),
  ('txn_1538', 'm_001', 'c_051', 423.51, '2024-01-10 15:48:55', 'refunded', 'wallet'),
  ('txn_1539', 'm_019', 'c_047', 82.69, '2024-01-07 00:04:04', 'completed', 'card'),
  ('txn_1540', 'm_002', 'c_133', 376.21, '2024-01-07 13:17:08', 'completed', 'bank_transfer'),
  ('txn_1541', 'm_003', 'c_099', 41.58, '2024-01-14 00:04:00', 'failed', 'bank_transfer'),
  ('txn_1542', 'm_007', 'c_014', 369.26, '2024-01-08 13:51:49', 'completed', 'card'),
  ('txn_1543', 'm_014', 'c_162', 258.62, '2024-01-05 22:03:42', 'completed', 'card'),
  ('txn_1544', 'm_006', 'c_184', 484.78, '2024-01-11 10:13:19', 'completed', 'bank_transfer'),
  ('txn_1545', 'm_003', 'c_149', 483.61, '2024-01-13 22:36:49', 'completed', 'card'),
  ('txn_1546', 'm_010', 'c_177', 13.52, '2024-01-14 06:24:24', 'completed', 'bank_transfer'),
  ('txn_1547', 'm_006', 'c_294', 115.91, '2024-01-11 20:26:45', 'completed', 'bank_transfer'),
  ('txn_1548', 'm_015', 'c_173', 283.76, '2024-01-03 00:43:14', 'completed', 'card'),
  ('txn_1549', 'm_006', 'c_119', 107.8, '2024-01-04 10:19:51', 'completed', 'wallet'),
  ('txn_1550', 'm_016', 'c_295', 419.84, '2024-01-02 10:19:51', 'completed', 'wallet');

INSERT INTO transactions (transaction_id, merchant_id, customer_id, amount, transaction_date, status, payment_method) VALUES
  ('txn_1551', 'm_019', 'c_145', 208.87, '2024-01-01 21:16:06', 'failed', 'card'),
  ('txn_1552', 'm_014', 'c_292', 284.83, '2024-01-06 01:52:54', 'completed', 'card'),
  ('txn_1553', 'm_019', 'c_257', 252.41, '2024-01-12 17:21:56', 'completed', 'card'),
  ('txn_1554', 'm_003', 'c_099', 215.72, '2024-01-01 07:56:12', 'completed', 'bank_transfer'),
  ('txn_1555', 'm_008', 'c_151', 375.33, '2024-01-03 18:12:51', 'completed', 'card'),
  ('txn_1556', 'm_002', 'c_202', 250.12, '2024-01-14 06:42:00', 'completed', 'wallet'),
  ('txn_1557', 'm_017', 'c_227', 9.58, '2024-01-07 13:55:53', 'completed', 'bank_transfer'),
  ('txn_1558', 'm_014', 'c_239', 445.32, '2024-01-13 16:48:57', 'completed', 'card'),
  ('txn_1559', 'm_009', 'c_194', 262.09, '2024-01-09 00:20:31', 'completed', 'bank_transfer'),
  ('txn_1560', 'm_007', 'c_021', 264.57, '2024-01-05 08:24:23', 'completed', 'card'),
  ('txn_1561', 'm_007', 'c_131', 38.19, '2024-01-05 20:04:54', 'completed', 'card'),
  ('txn_1562', 'm_006', 'c_294', 168.86, '2024-01-04 19:08:25', 'completed', 'wallet'),
  ('txn_1563', 'm_003', 'c_226', 319.99, '2024-01-05 16:13:16', 'completed', 'card'),
  ('txn_1564', 'm_011', 'c_215', 411.27, '2024-01-09 21:57:11', 'completed', 'wallet'),
  ('txn_1565', 'm_016', 'c_152', 282.75, '2024-01-04 16:47:31', 'completed', 'card'),
  ('txn_1566', 'm_006', 'c_146', 143.59, '2024-01-13 16:16:19', 'completed', 'wallet'),
  ('txn_1567', 'm_016', 'c_171', 289.95, '2024-01-15 22:46:49', 'completed', 'wallet'),
  ('txn_1568', 'm_019', 'c_128', 88.21, '2024-01-15 22:13:08', 'completed', 'card'),
  ('txn_1569', 'm_007', 'c_021', 86.59, '2024-01-02 06:24:08', 'completed', 'card'),
  ('txn_1570', 'm_007', 'c_207', 404.58, '2024-01-13 03:29:22', 'completed', 'bank_transfer'),
  ('txn_1571', 'm_006', 'c_146', 282.27, '2024-01-09 14:47:51', 'completed', 'bank_transfer'),
  ('txn_1572', 'm_013', 'c_237', 267.69, '2024-01-07 17:47:36', 'completed', 'card'),
  ('txn_1573', 'm_007', 'c_087', 282.44, '2024-01-14 13:00:11', 'completed', 'card'),
  ('txn_1574', 'm_017', 'c_148', 93.12, '2024-01-09 09:33:16', 'completed', 'bank_transfer'),
  ('txn_1575', 'm_017', 'c_137', 310.4, '2024-01-01 06:13:01', 'completed', 'bank_transfer'),
  ('txn_1576', 'm_009', 'c_228', 183.69, '2024-01-08 23:20:12', 'completed', 'card'),
  ('txn_1577', 'm_006', 'c_203', 458.32, '2024-01-01 19:31:53', 'completed', 'card'),
  ('txn_1578', 'm_011', 'c_248', 202.16, '2024-01-02 09:20:13', 'pending', 'card'),
  ('txn_1579', 'm_001', 'c_178', 464.15, '2024-01-12 11:48:13', 'completed', 'bank_transfer'),
  ('txn_1580', 'm_006', 'c_020', 187.92, '2024-01-05 07:03:22', 'completed', 'card'),
  ('txn_1581', 'm_007', 'c_014', 212.69, '2024-01-02 12:18:25', 'completed', 'card'),
  ('txn_1582', 'm_014', 'c_050', 429.66, '2024-01-01 09:42:48', 'completed', 'card'),
  ('txn_1583', 'm_014', 'c_255', 424.87, '2024-01-15 05:51:48', 'completed', 'card'),
  ('txn_1584', 'm_015', 'c_182', 12.01, '2024-01-02 11:49:00', 'pending', 'bank_transfer'),
  ('txn_1585', 'm_003', 'c_149', 413.4, '2024-01-03 00:54:55', 'completed', 'card'),
  ('txn_1586', 'm_008', 'c_097', 27.03, '2024-01-10 22:24:22', 'completed', 'card'),
  ('txn_1587', 'm_008', 'c_151', 374.68, '2024-01-09 12:17:19', 'completed', 'card'),
  ('txn_1588', 'm_006', 'c_203', 235.79, '2024-01-12 05:43:12', 'pending', 'card'),
  ('txn_1589', 'm_003', 'c_099', 459.42, '2024-01-15 08:22:08', 'completed', 'card'),
  ('txn_1590', 'm_001', 'c_051', 395.42, '2024-01-06 23:43:54', 'completed', 'card'),
  ('txn_1591', 'm_013', 'c_114', 374.97, '2024-01-10 04:57:51', 'failed', 'card'),
  ('txn_1592', 'm_013', 'c_043', 143.09, '2024-01-05 13:39:38', 'completed', 'card'),
  ('txn_1593', 'm_011', 'c_193', 92.67, '2024-01-07 10:06:31', 'completed', 'card'),
  ('txn_1594', 'm_003', 'c_263', 180.8, '2024-01-13 16:41:40', 'completed', 'card'),
  ('txn_1595', 'm_018', 'c_072', 23.18, '2024-01-14 19:17:54', 'completed', 'bank_transfer'),
  ('txn_1596', 'm_009', 'c_225', 176.73, '2024-01-13 05:27:52', 'pending', 'card'),
  ('txn_1597', 'm_011', 'c_105', 259.07, '2024-01-07 07:57:13', 'completed', 'card'),
  ('txn_1598', 'm_002', 'c_075', 260.93, '2024-01-12 08:11:27', 'completed', 'card'),
  ('txn_1599', 'm_014', 'c_092', 284.07, '2024-01-08 19:47:43', 'completed', 'wallet'),
  ('txn_1600', 'm_006', 'c_203', 435.32, '2024-01-09 02:59:02', 'completed', 'card');

INSERT INTO transactions (transaction_id, merchant_id, customer_id, amount, transaction_date, status, payment_method) VALUES
  ('txn_1601', 'm_014', 'c_255', 451.98, '2024-01-12 07:57:17', 'completed', 'card'),
  ('txn_1602', 'm_008', 'c_010', 222.31, '2024-01-11 13:23:15', 'completed', 'bank_transfer'),
  ('txn_1603', 'm_016', 'c_250', 417.88, '2024-01-12 17:06:36', 'completed', 'card'),
  ('txn_1604', 'm_016', 'c_155', 24.86, '2024-01-11 08:06:04', 'completed', 'wallet'),
  ('txn_1605', 'm_011', 'c_240', 298.57, '2024-01-08 07:06:07', 'completed', 'wallet'),
  ('txn_1606', 'm_009', 'c_281', 377.17, '2024-01-02 07:20:26', 'completed', 'card'),
  ('txn_1607', 'm_003', 'c_167', 397.47, '2024-01-05 00:19:07', 'completed', 'card'),
  ('txn_1608', 'm_018', 'c_003', 331.01, '2024-01-02 22:49:19', 'completed', 'card'),
  ('txn_1609', 'm_008', 'c_010', 429.59, '2024-01-04 17:47:30', 'completed', 'card'),
  ('txn_1610', 'm_015', 'c_013', 241.29, '2024-01-10 13:32:57', 'completed', 'card'),
  ('txn_1611', 'm_009', 'c_253', 335.88, '2024-01-03 07:49:19', 'completed', 'card'),
  ('txn_1612', 'm_016', 'c_076', 162.59, '2024-01-07 20:58:22', 'completed', 'bank_transfer'),
  ('txn_1613', 'm_017', 'c_227', 269.39, '2024-01-15 05:37:10', 'completed', 'bank_transfer'),
  ('txn_1614', 'm_001', 'c_051', 443.37, '2024-01-09 05:58:39', 'completed', 'card'),
  ('txn_1615', 'm_001', 'c_178', 301.59, '2024-01-04 08:26:14', 'completed', 'card'),
  ('txn_1616', 'm_019', 'c_128', 26.9, '2024-01-10 07:44:05', 'completed', 'bank_transfer'),
  ('txn_1617', 'm_008', 'c_097', 79.62, '2024-01-12 16:00:00', 'completed', 'bank_transfer'),
  ('txn_1618', 'm_002', 'c_133', 479.46, '2024-01-13 13:22:38', 'completed', 'card'),
  ('txn_1619', 'm_006', 'c_294', 404.08, '2024-01-10 19:37:22', 'completed', 'card'),
  ('txn_1620', 'm_001', 'c_051', 162.92, '2024-01-12 00:52:38', 'completed', 'wallet'),
  ('txn_1621', 'm_001', 'c_159', 328.64, '2024-01-02 07:45:18', 'pending', 'bank_transfer'),
  ('txn_1622', 'm_013', 'c_265', 133.03, '2024-01-11 22:18:04', 'completed', 'card'),
  ('txn_1623', 'm_015', 'c_173', 357.45, '2024-01-05 08:10:53', 'completed', 'card'),
  ('txn_1624', 'm_017', 'c_287', 381.01, '2024-01-09 04:23:02', 'pending', 'card'),
  ('txn_1625', 'm_011', 'c_193', 259.87, '2024-01-12 06:44:39', 'completed', 'bank_transfer'),
  ('txn_1626', 'm_013', 'c_027', 65.17, '2024-01-15 13:08:02', 'completed', 'bank_transfer'),
  ('txn_1627', 'm_015', 'c_103', 215.72, '2024-01-01 13:42:26', 'pending', 'card'),
  ('txn_1628', 'm_011', 'c_140', 150.15, '2024-01-08 05:24:47', 'completed', 'card'),
  ('txn_1629', 'm_002', 'c_271', 60.28, '2024-01-10 14:48:42', 'failed', 'card'),
  ('txn_1630', 'm_010', 'c_070', 46.6, '2024-01-12 23:27:20', 'completed', 'card'),
  ('txn_1631', 'm_017', 'c_141', 175.97, '2024-01-13 16:59:42', 'completed', 'wallet'),
  ('txn_1632', 'm_018', 'c_003', 42.89, '2024-01-03 10:54:29', 'completed', 'card'),
  ('txn_1633', 'm_016', 'c_252', 490.23, '2024-01-08 07:55:10', 'completed', 'card'),
  ('txn_1634', 'm_017', 'c_227', 16.08, '2024-01-02 22:11:09', 'refunded', 'card'),
  ('txn_1635', 'm_017', 'c_060', 397.85, '2024-01-15 22:36:07', 'completed', 'card'),
  ('txn_1636', 'm_010', 'c_272', 400.48, '2024-01-11 14:32:21', 'completed', 'wallet'),
  ('txn_1637', 'm_011', 'c_140', 142.04, '2024-01-05 09:35:30', 'pending', 'card'),
  ('txn_1638', 'm_013', 'c_127', 7.5, '2024-01-04 03:35:41', 'completed', 'card'),
  ('txn_1639', 'm_011', 'c_215', 233.91, '2024-01-06 10:58:11', 'completed', 'card'),
  ('txn_1640', 'm_001', 'c_178', 165.68, '2024-01-15 18:57:08', 'completed', 'wallet'),
  ('txn_1641', 'm_018', 'c_170', 319.21, '2024-01-14 12:51:31', 'completed', 'wallet'),
  ('txn_1642', 'm_001', 'c_159', 173.6, '2024-01-13 02:40:25', 'completed', 'bank_transfer'),
  ('txn_1643', 'm_009', 'c_276', 350.37, '2024-01-01 18:47:47', 'pending', 'bank_transfer'),
  ('txn_1644', 'm_003', 'c_263', 282.86, '2024-01-13 20:30:34', 'completed', 'card'),
  ('txn_1645', 'm_015', 'c_109', 149.45, '2024-01-01 17:13:21', 'completed', 'bank_transfer'),
  ('txn_1646', 'm_007', 'c_213', 294.54, '2024-01-11 01:59:02', 'completed', 'card'),
  ('txn_1647', 'm_001', 'c_159', 280.44, '2024-01-14 01:10:13', 'completed', 'card'),
  ('txn_1648', 'm_007', 'c_087', 305.53, '2024-01-06 03:05:39', 'completed', 'card'),
  ('txn_1649', 'm_006', 'c_184', 93.42, '2024-01-09 13:04:09', 'completed', 'bank_transfer'),
  ('txn_1650', 'm_009', 'c_222', 450.73, '2024-01-03 13:32:20', 'completed', 'card');

INSERT INTO transactions (transaction_id, merchant_id, customer_id, amount, transaction_date, status, payment_method) VALUES
  ('txn_1651', 'm_014', 'c_212', 270.14, '2024-01-13 00:15:40', 'completed', 'card'),
  ('txn_1652', 'm_018', 'c_122', 413.94, '2024-01-05 07:28:30', 'completed', 'card'),
  ('txn_1653', 'm_016', 'c_155', 6.65, '2024-01-03 09:16:38', 'completed', 'bank_transfer'),
  ('txn_1654', 'm_016', 'c_293', 328.29, '2024-01-01 16:55:03', 'completed', 'bank_transfer'),
  ('txn_1655', 'm_010', 'c_070', 306.8, '2024-01-10 22:07:43', 'completed', 'card'),
  ('txn_1656', 'm_001', 'c_159', 306.86, '2024-01-03 04:59:30', 'completed', 'wallet'),
  ('txn_1657', 'm_015', 'c_013', 372.77, '2024-01-05 16:26:56', 'completed', 'bank_transfer'),
  ('txn_1658', 'm_008', 'c_097', 187.69, '2024-01-05 20:23:00', 'completed', 'card'),
  ('txn_1659', 'm_014', 'c_058', 150.03, '2024-01-12 03:29:57', 'completed', 'card'),
  ('txn_1660', 'm_010', 'c_260', 303.61, '2024-01-13 03:23:46', 'completed', 'card'),
  ('txn_1661', 'm_006', 'c_203', 436.68, '2024-01-02 16:41:09', 'completed', 'card'),
  ('txn_1662', 'm_001', 'c_178', 21.0, '2024-01-12 09:55:00', 'pending', 'bank_transfer'),
  ('txn_1663', 'm_016', 'c_038', 392.61, '2024-01-15 17:35:22', 'completed', 'wallet'),
  ('txn_1664', 'm_001', 'c_159', 243.0, '2024-01-10 16:04:58', 'failed', 'card'),
  ('txn_1665', 'm_002', 'c_176', 202.72, '2024-01-04 00:16:06', 'completed', 'bank_transfer'),
  ('txn_1666', 'm_006', 'c_119', 424.3, '2024-01-03 17:07:07', 'refunded', 'wallet'),
  ('txn_1667', 'm_008', 'c_097', 209.38, '2024-01-12 17:07:46', 'completed', 'card'),
  ('txn_1668', 'm_009', 'c_164', 53.08, '2024-01-12 22:21:51', 'completed', 'card'),
  ('txn_1669', 'm_010', 'c_285', 133.7, '2024-01-11 22:21:47', 'completed', 'bank_transfer'),
  ('txn_1670', 'm_011', 'c_215', 299.24, '2024-01-08 00:01:22', 'refunded', 'card'),
  ('txn_1671', 'm_001', 'c_051', 440.68, '2024-01-08 10:38:38', 'completed', 'card'),
  ('txn_1672', 'm_008', 'c_151', 318.78, '2024-01-04 17:58:06', 'completed', 'bank_transfer'),
  ('txn_1673', 'm_007', 'c_021', 305.69, '2024-01-01 16:18:50', 'completed', 'card'),
  ('txn_1674', 'm_009', 'c_289', 154.96, '2024-01-13 08:16:33', 'completed', 'card'),
  ('txn_1675', 'm_016', 'c_250', 311.14, '2024-01-15 06:01:52', 'completed', 'card'),
  ('txn_1676', 'm_014', 'c_212', 190.31, '2024-01-12 16:48:57', 'completed', 'card'),
  ('txn_1677', 'm_008', 'c_097', 449.08, '2024-01-08 12:11:06', 'completed', 'card'),
  ('txn_1678', 'm_009', 'c_143', 79.29, '2024-01-09 15:40:37', 'completed', 'card'),
  ('txn_1679', 'm_019', 'c_219', 286.86, '2024-01-13 17:19:15', 'completed', 'card'),
  ('txn_1680', 'm_010', 'c_272', 105.25, '2024-01-03 09:34:42', 'pending', 'card'),
  ('txn_1681', 'm_014', 'c_212', 38.26, '2024-01-14 01:14:59', 'completed', 'wallet'),
  ('txn_1682', 'm_003', 'c_031', 226.08, '2024-01-05 10:25:17', 'completed', 'card'),
  ('txn_1683', 'm_010', 'c_071', 346.37, '2024-01-14 23:53:00', 'completed', 'card'),
  ('txn_1684', 'm_011', 'c_105', 372.84, '2024-01-04 05:12:55', 'failed', 'card'),
  ('txn_1685', 'm_013', 'c_027', 107.83, '2024-01-12 14:02:13', 'completed', 'wallet'),
  ('txn_1686', 'm_018', 'c_025', 270.78, '2024-01-02 18:33:26', 'completed', 'card'),
  ('txn_1687', 'm_009', 'c_253', 62.62, '2024-01-14 03:57:09', 'completed', 'bank_transfer'),
  ('txn_1688', 'm_009', 'c_290', 246.18, '2024-01-03 16:58:02', 'completed', 'card'),
  ('txn_1689', 'm_018', 'c_110', 296.52, '2024-01-01 00:17:18', 'completed', 'wallet'),
  ('txn_1690', 'm_011', 'c_240', 302.67, '2024-01-12 17:31:50', 'completed', 'card'),
  ('txn_1691', 'm_013', 'c_127', 135.78, '2024-01-14 14:57:36', 'completed', 'card'),
  ('txn_1692', 'm_013', 'c_275', 60.18, '2024-01-08 17:57:06', 'refunded', 'card'),
  ('txn_1693', 'm_019', 'c_220', 85.75, '2024-01-03 07:05:23', 'completed', 'bank_transfer'),
  ('txn_1694', 'm_018', 'c_156', 320.75, '2024-01-03 15:19:44', 'completed', 'card'),
  ('txn_1695', 'm_010', 'c_071', 157.06, '2024-01-12 10:53:14', 'completed', 'card'),
  ('txn_1696', 'm_006', 'c_184', 464.14, '2024-01-08 20:36:25', 'completed', 'wallet'),
  ('txn_1697', 'm_008', 'c_010', 384.37, '2024-01-04 19:32:11', 'completed', 'card'),
  ('txn_1698', 'm_014', 'c_212', 490.67, '2024-01-07 12:55:37', 'completed', 'wallet'),
  ('txn_1699', 'm_010', 'c_073', 238.63, '2024-01-09 02:24:26', 'completed', 'card'),
  ('txn_1700', 'm_015', 'c_254', 161.1, '2024-01-11 02:59:31', 'completed', 'bank_transfer');

INSERT INTO transactions (transaction_id, merchant_id, customer_id, amount, transaction_date, status, payment_method) VALUES
  ('txn_1701', 'm_001', 'c_159', 32.38, '2024-01-04 09:30:55', 'completed', 'card'),
  ('txn_1702', 'm_018', 'c_122', 14.64, '2024-01-07 05:05:22', 'failed', 'card'),
  ('txn_1703', 'm_013', 'c_237', 16.72, '2024-01-14 14:12:26', 'completed', 'bank_transfer'),
  ('txn_1704', 'm_009', 'c_142', 310.69, '2024-01-06 21:38:16', 'completed', 'card'),
  ('txn_1705', 'm_008', 'c_097', 362.81, '2024-01-02 02:47:48', 'failed', 'wallet'),
  ('txn_1706', 'm_016', 'c_250', 128.67, '2024-01-03 11:05:34', 'completed', 'wallet'),
  ('txn_1707', 'm_002', 'c_288', 174.63, '2024-01-07 21:34:44', 'completed', 'card'),
  ('txn_1708', 'm_006', 'c_294', 71.47, '2024-01-11 01:02:34', 'refunded', 'card'),
  ('txn_1709', 'm_007', 'c_021', 296.96, '2024-01-11 15:18:20', 'completed', 'card'),
  ('txn_1710', 'm_010', 'c_100', 288.5, '2024-01-08 01:45:50', 'refunded', 'card'),
  ('txn_1711', 'm_001', 'c_051', 387.19, '2024-01-09 18:25:53', 'completed', 'card'),
  ('txn_1712', 'm_018', 'c_110', 96.15, '2024-01-09 01:59:36', 'completed', 'card'),
  ('txn_1713', 'm_009', 'c_164', 131.4, '2024-01-10 23:17:45', 'refunded', 'card'),
  ('txn_1714', 'm_017', 'c_227', 404.0, '2024-01-13 10:24:50', 'completed', 'wallet'),
  ('txn_1715', 'm_015', 'c_013', 285.03, '2024-01-08 22:31:55', 'completed', 'wallet'),
  ('txn_1716', 'm_019', 'c_168', 289.53, '2024-01-14 17:18:54', 'completed', 'card'),
  ('txn_1717', 'm_003', 'c_274', 391.39, '2024-01-03 03:06:23', 'completed', 'card'),
  ('txn_1718', 'm_018', 'c_110', 377.19, '2024-01-12 07:17:55', 'refunded', 'bank_transfer'),
  ('txn_1719', 'm_018', 'c_072', 326.97, '2024-01-09 05:57:12', 'completed', 'card'),
  ('txn_1720', 'm_018', 'c_267', 391.65, '2024-01-10 17:52:15', 'failed', 'bank_transfer'),
  ('txn_1721', 'm_013', 'c_027', 313.73, '2024-01-07 23:58:00', 'completed', 'card'),
  ('txn_1722', 'm_007', 'c_042', 428.51, '2024-01-05 20:42:05', 'completed', 'card'),
  ('txn_1723', 'm_015', 'c_251', 434.29, '2024-01-06 00:05:15', 'completed', 'card'),
  ('txn_1724', 'm_013', 'c_043', 54.94, '2024-01-01 22:58:58', 'completed', 'wallet'),
  ('txn_1725', 'm_007', 'c_207', 177.52, '2024-01-06 14:02:42', 'completed', 'card'),
  ('txn_1726', 'm_009', 'c_124', 154.95, '2024-01-06 06:32:56', 'completed', 'card'),
  ('txn_1727', 'm_015', 'c_013', 72.97, '2024-01-10 02:31:10', 'completed', 'card'),
  ('txn_1728', 'm_001', 'c_159', 434.43, '2024-01-11 20:17:13', 'failed', 'card'),
  ('txn_1729', 'm_018', 'c_170', 103.33, '2024-01-04 00:36:48', 'refunded', 'bank_transfer'),
  ('txn_1730', 'm_003', 'c_123', 255.82, '2024-01-06 02:07:22', 'completed', 'wallet'),
  ('txn_1731', 'm_006', 'c_294', 371.62, '2024-01-06 02:31:28', 'completed', 'card'),
  ('txn_1732', 'm_003', 'c_274', 183.13, '2024-01-12 02:11:41', 'completed', 'wallet'),
  ('txn_1733', 'm_001', 'c_051', 193.11, '2024-01-03 10:17:33', 'completed', 'bank_transfer'),
  ('txn_1734', 'm_015', 'c_130', 473.14, '2024-01-08 07:10:01', 'completed', 'bank_transfer'),
  ('txn_1735', 'm_010', 'c_272', 46.8, '2024-01-01 09:13:59', 'completed', 'bank_transfer'),
  ('txn_1736', 'm_011', 'c_236', 27.46, '2024-01-04 02:32:07', 'completed', 'card'),
  ('txn_1737', 'm_007', 'c_021', 349.06, '2024-01-06 02:13:56', 'refunded', 'card'),
  ('txn_1738', 'm_013', 'c_237', 310.69, '2024-01-13 14:06:22', 'completed', 'bank_transfer'),
  ('txn_1739', 'm_007', 'c_235', 405.66, '2024-01-03 15:43:30', 'pending', 'card'),
  ('txn_1740', 'm_008', 'c_010', 251.29, '2024-01-07 10:28:45', 'completed', 'bank_transfer'),
  ('txn_1741', 'm_014', 'c_019', 392.72, '2024-01-01 19:56:10', 'completed', 'card'),
  ('txn_1742', 'm_007', 'c_087', 28.02, '2024-01-05 02:52:51', 'completed', 'wallet'),
  ('txn_1743', 'm_008', 'c_010', 12.39, '2024-01-02 14:38:15', 'completed', 'card'),
  ('txn_1744', 'm_006', 'c_294', 234.89, '2024-01-15 15:25:51', 'completed', 'wallet'),
  ('txn_1745', 'm_001', 'c_159', 240.74, '2024-01-14 02:33:52', 'completed', 'card'),
  ('txn_1746', 'm_015', 'c_199', 335.87, '2024-01-14 20:46:16', 'completed', 'bank_transfer'),
  ('txn_1747', 'm_009', 'c_080', 113.56, '2024-01-02 23:52:42', 'completed', 'card'),
  ('txn_1748', 'm_006', 'c_268', 144.74, '2024-01-07 02:01:34', 'completed', 'card'),
  ('txn_1749', 'm_008', 'c_151', 331.39, '2024-01-13 14:52:24', 'completed', 'bank_transfer'),
  ('txn_1750', 'm_011', 'c_140', 167.33, '2024-01-01 19:56:15', 'completed', 'card');

INSERT INTO transactions (transaction_id, merchant_id, customer_id, amount, transaction_date, status, payment_method) VALUES
  ('txn_1751', 'm_016', 'c_017', 398.13, '2024-01-01 19:52:22', 'completed', 'card'),
  ('txn_1752', 'm_010', 'c_070', 201.4, '2024-01-09 08:20:14', 'completed', 'wallet'),
  ('txn_1753', 'm_009', 'c_281', 205.8, '2024-01-14 05:59:52', 'completed', 'bank_transfer'),
  ('txn_1754', 'm_018', 'c_025', 373.76, '2024-01-09 04:27:54', 'completed', 'wallet'),
  ('txn_1755', 'm_008', 'c_097', 173.79, '2024-01-03 08:13:02', 'completed', 'wallet'),
  ('txn_1756', 'm_014', 'c_212', 135.12, '2024-01-14 04:30:22', 'completed', 'bank_transfer'),
  ('txn_1757', 'm_007', 'c_014', 117.43, '2024-01-08 04:15:56', 'completed', 'card'),
  ('txn_1758', 'm_007', 'c_062', 156.98, '2024-01-03 00:19:54', 'completed', 'wallet'),
  ('txn_1759', 'm_008', 'c_097', 410.91, '2024-01-06 09:14:28', 'completed', 'card'),
  ('txn_1760', 'm_001', 'c_051', 368.04, '2024-01-04 16:24:47', 'completed', 'wallet'),
  ('txn_1761', 'm_002', 'c_234', 184.51, '2024-01-04 20:28:42', 'completed', 'wallet'),
  ('txn_1762', 'm_006', 'c_119', 319.28, '2024-01-04 16:34:34', 'completed', 'card'),
  ('txn_1763', 'm_017', 'c_137', 142.82, '2024-01-13 15:56:26', 'completed', 'card'),
  ('txn_1764', 'm_017', 'c_244', 236.66, '2024-01-07 00:07:00', 'completed', 'card'),
  ('txn_1765', 'm_013', 'c_114', 461.91, '2024-01-02 10:29:58', 'completed', 'wallet'),
  ('txn_1766', 'm_017', 'c_093', 76.18, '2024-01-04 20:52:56', 'completed', 'card'),
  ('txn_1767', 'm_017', 'c_227', 297.75, '2024-01-07 16:54:30', 'completed', 'card'),
  ('txn_1768', 'm_007', 'c_087', 66.12, '2024-01-04 16:27:24', 'failed', 'wallet'),
  ('txn_1769', 'm_009', 'c_228', 75.49, '2024-01-03 00:01:00', 'completed', 'card'),
  ('txn_1770', 'm_013', 'c_030', 386.97, '2024-01-11 15:18:42', 'completed', 'bank_transfer'),
  ('txn_1771', 'm_013', 'c_030', 272.92, '2024-01-09 06:51:59', 'completed', 'bank_transfer'),
  ('txn_1772', 'm_011', 'c_012', 193.84, '2024-01-11 08:06:39', 'completed', 'card'),
  ('txn_1773', 'm_008', 'c_151', 347.26, '2024-01-03 12:01:51', 'completed', 'card'),
  ('txn_1774', 'm_003', 'c_297', 480.07, '2024-01-13 00:05:08', 'completed', 'card'),
  ('txn_1775', 'm_017', 'c_227', 33.04, '2024-01-07 16:42:12', 'completed', 'card'),
  ('txn_1776', 'm_011', 'c_236', 212.72, '2024-01-03 10:54:47', 'completed', 'card'),
  ('txn_1777', 'm_019', 'c_135', 294.96, '2024-01-07 10:48:46', 'completed', 'wallet'),
  ('txn_1778', 'm_006', 'c_294', 282.53, '2024-01-10 06:52:23', 'completed', 'bank_transfer'),
  ('txn_1779', 'm_002', 'c_271', 58.36, '2024-01-03 20:25:59', 'completed', 'card'),
  ('txn_1780', 'm_010', 'c_100', 292.16, '2024-01-10 13:22:23', 'failed', 'wallet'),
  ('txn_1781', 'm_002', 'c_176', 325.31, '2024-01-13 16:31:58', 'completed', 'bank_transfer'),
  ('txn_1782', 'm_002', 'c_179', 407.51, '2024-01-01 14:56:12', 'completed', 'bank_transfer'),
  ('txn_1783', 'm_009', 'c_281', 94.47, '2024-01-11 00:05:28', 'completed', 'card'),
  ('txn_1784', 'm_001', 'c_178', 231.03, '2024-01-09 08:25:24', 'completed', 'card'),
  ('txn_1785', 'm_015', 'c_098', 141.93, '2024-01-07 09:18:35', 'completed', 'card'),
  ('txn_1786', 'm_008', 'c_010', 281.45, '2024-01-09 11:02:19', 'completed', 'card'),
  ('txn_1787', 'm_008', 'c_097', 429.04, '2024-01-06 12:34:10', 'completed', 'card'),
  ('txn_1788', 'm_014', 'c_084', 55.14, '2024-01-08 14:17:29', 'failed', 'card'),
  ('txn_1789', 'm_019', 'c_279', 97.17, '2024-01-12 18:47:22', 'completed', 'card'),
  ('txn_1790', 'm_015', 'c_113', 403.92, '2024-01-08 20:01:16', 'completed', 'card'),
  ('txn_1791', 'm_001', 'c_051', 98.95, '2024-01-14 14:30:22', 'completed', 'wallet'),
  ('txn_1792', 'm_013', 'c_043', 202.0, '2024-01-03 04:44:40', 'pending', 'card'),
  ('txn_1793', 'm_016', 'c_152', 77.15, '2024-01-04 05:29:48', 'completed', 'wallet'),
  ('txn_1794', 'm_016', 'c_040', 423.28, '2024-01-02 23:53:30', 'failed', 'card'),
  ('txn_1795', 'm_014', 'c_077', 224.06, '2024-01-07 15:29:35', 'completed', 'card'),
  ('txn_1796', 'm_001', 'c_159', 116.11, '2024-01-06 11:33:25', 'pending', 'card'),
  ('txn_1797', 'm_018', 'c_110', 76.96, '2024-01-15 20:38:39', 'completed', 'card'),
  ('txn_1798', 'm_019', 'c_219', 210.19, '2024-01-05 12:23:11', 'completed', 'wallet'),
  ('txn_1799', 'm_016', 'c_293', 444.86, '2024-01-09 20:01:38', 'completed', 'card'),
  ('txn_1800', 'm_011', 'c_240', 188.26, '2024-01-02 20:52:45', 'completed', 'card');

INSERT INTO transactions (transaction_id, merchant_id, customer_id, amount, transaction_date, status, payment_method) VALUES
  ('txn_1801', 'm_007', 'c_062', 430.67, '2024-01-15 01:16:03', 'pending', 'card'),
  ('txn_1802', 'm_007', 'c_014', 490.6, '2024-01-03 13:03:17', 'completed', 'bank_transfer'),
  ('txn_1803', 'm_010', 'c_272', 177.43, '2024-01-06 10:28:06', 'pending', 'wallet'),
  ('txn_1804', 'm_018', 'c_122', 289.26, '2024-01-13 01:36:03', 'completed', 'bank_transfer'),
  ('txn_1805', 'm_017', 'c_060', 476.82, '2024-01-14 13:38:19', 'completed', 'card'),
  ('txn_1806', 'm_002', 'c_176', 240.93, '2024-01-09 14:27:36', 'failed', 'card'),
  ('txn_1807', 'm_003', 'c_167', 287.03, '2024-01-12 21:55:02', 'failed', 'card'),
  ('txn_1808', 'm_017', 'c_093', 493.17, '2024-01-08 09:28:40', 'completed', 'bank_transfer'),
  ('txn_1809', 'm_014', 'c_077', 287.08, '2024-01-14 02:20:49', 'completed', 'bank_transfer'),
  ('txn_1810', 'm_014', 'c_019', 485.59, '2024-01-02 17:22:05', 'completed', 'card'),
  ('txn_1811', 'm_003', 'c_274', 209.79, '2024-01-15 14:24:50', 'completed', 'card'),
  ('txn_1812', 'm_008', 'c_010', 19.6, '2024-01-03 06:51:10', 'completed', 'card'),
  ('txn_1813', 'm_016', 'c_293', 351.96, '2024-01-10 06:07:04', 'pending', 'bank_transfer'),
  ('txn_1814', 'm_019', 'c_090', 424.4, '2024-01-05 07:20:57', 'completed', 'card'),
  ('txn_1815', 'm_017', 'c_141', 252.34, '2024-01-06 12:01:38', 'completed', 'card'),
  ('txn_1816', 'm_015', 'c_211', 318.34, '2024-01-13 17:10:29', 'completed', 'bank_transfer'),
  ('txn_1817', 'm_011', 'c_012', 440.25, '2024-01-10 01:22:25', 'completed', 'wallet'),
  ('txn_1818', 'm_006', 'c_119', 5.86, '2024-01-09 23:54:00', 'completed', 'card'),
  ('txn_1819', 'm_001', 'c_178', 283.87, '2024-01-13 02:13:23', 'completed', 'card'),
  ('txn_1820', 'm_008', 'c_151', 113.1, '2024-01-04 18:06:08', 'completed', 'card'),
  ('txn_1821', 'm_015', 'c_191', 92.58, '2024-01-11 19:17:35', 'completed', 'card'),
  ('txn_1822', 'm_001', 'c_178', 24.19, '2024-01-08 13:33:29', 'completed', 'card'),
  ('txn_1823', 'm_013', 'c_030', 177.78, '2024-01-03 10:05:31', 'completed', 'wallet'),
  ('txn_1824', 'm_019', 'c_128', 303.73, '2024-01-14 07:13:18', 'completed', 'card'),
  ('txn_1825', 'm_016', 'c_224', 472.29, '2024-01-06 23:26:05', 'pending', 'wallet'),
  ('txn_1826', 'm_015', 'c_085', 123.53, '2024-01-02 00:13:41', 'completed', 'card'),
  ('txn_1827', 'm_015', 'c_015', 458.72, '2024-01-13 14:49:51', 'completed', 'wallet'),
  ('txn_1828', 'm_003', 'c_226', 456.37, '2024-01-13 15:53:47', 'completed', 'wallet'),
  ('txn_1829', 'm_016', 'c_280', 323.38, '2024-01-05 19:22:03', 'completed', 'card'),
  ('txn_1830', 'm_013', 'c_265', 205.1, '2024-01-12 22:10:03', 'completed', 'card'),
  ('txn_1831', 'm_006', 'c_203', 282.82, '2024-01-07 23:18:09', 'completed', 'bank_transfer'),
  ('txn_1832', 'm_002', 'c_231', 416.47, '2024-01-15 06:13:33', 'completed', 'card'),
  ('txn_1833', 'm_008', 'c_151', 160.26, '2024-01-07 23:57:00', 'completed', 'wallet'),
  ('txn_1834', 'm_009', 'c_192', 482.27, '2024-01-13 17:14:35', 'completed', 'bank_transfer'),
  ('txn_1835', 'm_008', 'c_151', 188.56, '2024-01-03 09:28:05', 'pending', 'card'),
  ('txn_1836', 'm_018', 'c_072', 446.72, '2024-01-05 22:36:37', 'failed', 'card'),
  ('txn_1837', 'm_019', 'c_128', 287.72, '2024-01-09 23:51:00', 'completed', 'card'),
  ('txn_1838', 'm_006', 'c_184', 7.35, '2024-01-10 11:08:32', 'completed', 'card'),
  ('txn_1839', 'm_010', 'c_100', 459.2, '2024-01-15 12:47:53', 'completed', 'card'),
  ('txn_1840', 'm_010', 'c_245', 335.92, '2024-01-08 12:26:10', 'completed', 'wallet'),
  ('txn_1841', 'm_009', 'c_166', 207.56, '2024-01-10 03:41:42', 'completed', 'bank_transfer'),
  ('txn_1842', 'm_011', 'c_193', 409.28, '2024-01-10 14:22:37', 'completed', 'card'),
  ('txn_1843', 'm_002', 'c_217', 68.8, '2024-01-03 18:37:53', 'pending', 'card'),
  ('txn_1844', 'm_006', 'c_119', 451.6, '2024-01-08 22:42:42', 'completed', 'card'),
  ('txn_1845', 'm_008', 'c_151', 131.97, '2024-01-07 22:51:46', 'pending', 'bank_transfer'),
  ('txn_1846', 'm_013', 'c_127', 58.7, '2024-01-05 21:44:49', 'completed', 'bank_transfer'),
  ('txn_1847', 'm_003', 'c_274', 423.99, '2024-01-01 20:47:38', 'completed', 'card'),
  ('txn_1848', 'm_019', 'c_220', 59.13, '2024-01-05 11:27:59', 'completed', 'card'),
  ('txn_1849', 'm_003', 'c_099', 124.67, '2024-01-04 11:09:46', 'completed', 'card'),
  ('txn_1850', 'm_018', 'c_003', 333.12, '2024-01-08 17:12:09', 'completed', 'card');

INSERT INTO transactions (transaction_id, merchant_id, customer_id, amount, transaction_date, status, payment_method) VALUES
  ('txn_1851', 'm_002', 'c_256', 12.03, '2024-01-07 02:06:10', 'completed', 'card'),
  ('txn_1852', 'm_008', 'c_097', 233.71, '2024-01-04 17:11:08', 'completed', 'card'),
  ('txn_1853', 'm_013', 'c_030', 116.49, '2024-01-11 15:39:40', 'completed', 'card'),
  ('txn_1854', 'm_001', 'c_159', 39.34, '2024-01-14 12:23:25', 'completed', 'wallet'),
  ('txn_1855', 'm_008', 'c_010', 275.83, '2024-01-02 13:56:30', 'completed', 'card'),
  ('txn_1856', 'm_017', 'c_287', 269.47, '2024-01-08 19:22:42', 'completed', 'card'),
  ('txn_1857', 'm_015', 'c_015', 76.03, '2024-01-01 00:03:00', 'completed', 'card'),
  ('txn_1858', 'm_002', 'c_179', 385.5, '2024-01-01 20:30:09', 'completed', 'card'),
  ('txn_1859', 'm_003', 'c_031', 326.19, '2024-01-07 20:32:59', 'completed', 'wallet'),
  ('txn_1860', 'm_016', 'c_224', 455.57, '2024-01-09 09:03:44', 'completed', 'bank_transfer'),
  ('txn_1861', 'm_018', 'c_172', 460.12, '2024-01-09 17:47:38', 'completed', 'bank_transfer'),
  ('txn_1862', 'm_010', 'c_070', 147.0, '2024-01-10 10:17:22', 'failed', 'card'),
  ('txn_1863', 'm_011', 'c_140', 187.2, '2024-01-04 11:52:35', 'completed', 'bank_transfer'),
  ('txn_1864', 'm_002', 'c_217', 208.13, '2024-01-04 00:49:54', 'completed', 'card'),
  ('txn_1865', 'm_015', 'c_096', 471.23, '2024-01-11 23:29:26', 'completed', 'bank_transfer'),
  ('txn_1866', 'm_018', 'c_170', 234.44, '2024-01-04 05:32:41', 'completed', 'card'),
  ('txn_1867', 'm_009', 'c_163', 112.39, '2024-01-09 19:42:16', 'completed', 'wallet'),
  ('txn_1868', 'm_018', 'c_267', 431.91, '2024-01-06 04:22:50', 'completed', 'card'),
  ('txn_1869', 'm_016', 'c_076', 237.77, '2024-01-11 00:04:33', 'completed', 'bank_transfer'),
  ('txn_1870', 'm_002', 'c_125', 112.5, '2024-01-13 13:27:57', 'completed', 'card'),
  ('txn_1871', 'm_017', 'c_093', 471.88, '2024-01-05 04:23:44', 'completed', 'card'),
  ('txn_1872', 'm_011', 'c_140', 322.41, '2024-01-08 16:22:09', 'completed', 'card'),
  ('txn_1873', 'm_018', 'c_110', 434.67, '2024-01-15 20:42:18', 'completed', 'bank_transfer'),
  ('txn_1874', 'm_002', 'c_075', 394.55, '2024-01-01 23:55:00', 'completed', 'card'),
  ('txn_1875', 'm_003', 'c_226', 466.12, '2024-01-06 04:05:18', 'completed', 'card'),
  ('txn_1876', 'm_013', 'c_030', 184.66, '2024-01-11 20:10:23', 'completed', 'wallet'),
  ('txn_1877', 'm_019', 'c_180', 353.28, '2024-01-14 15:19:23', 'completed', 'card'),
  ('txn_1878', 'm_008', 'c_010', 85.81, '2024-01-10 22:39:21', 'completed', 'wallet'),
  ('txn_1879', 'm_008', 'c_151', 278.4, '2024-01-07 01:16:48', 'completed', 'card'),
  ('txn_1880', 'm_006', 'c_119', 455.05, '2024-01-10 05:55:08', 'completed', 'card'),
  ('txn_1881', 'm_019', 'c_204', 241.06, '2024-01-09 19:06:14', 'refunded', 'card'),
  ('txn_1882', 'm_018', 'c_072', 226.43, '2024-01-14 18:10:30', 'completed', 'bank_transfer'),
  ('txn_1883', 'm_015', 'c_113', 493.97, '2024-01-08 06:49:24', 'completed', 'card'),
  ('txn_1884', 'm_016', 'c_076', 59.93, '2024-01-08 18:49:13', 'pending', 'card'),
  ('txn_1885', 'm_013', 'c_030', 180.58, '2024-01-15 07:53:16', 'completed', 'card'),
  ('txn_1886', 'm_017', 'c_093', 185.78, '2024-01-13 15:10:24', 'completed', 'card'),
  ('txn_1887', 'm_001', 'c_159', 162.69, '2024-01-08 10:37:42', 'completed', 'card'),
  ('txn_1888', 'm_011', 'c_248', 498.1, '2024-01-12 02:51:19', 'completed', 'card'),
  ('txn_1889', 'm_003', 'c_226', 277.88, '2024-01-13 23:45:00', 'completed', 'wallet'),
  ('txn_1890', 'm_013', 'c_265', 103.82, '2024-01-07 13:27:05', 'completed', 'bank_transfer'),
  ('txn_1891', 'm_016', 'c_171', 186.56, '2024-01-09 07:18:15', 'completed', 'bank_transfer'),
  ('txn_1892', 'm_007', 'c_062', 360.96, '2024-01-07 11:20:52', 'completed', 'card'),
  ('txn_1893', 'm_003', 'c_263', 459.79, '2024-01-03 18:07:59', 'completed', 'card'),
  ('txn_1894', 'm_001', 'c_051', 404.08, '2024-01-10 01:30:52', 'completed', 'card'),
  ('txn_1895', 'm_003', 'c_123', 288.09, '2024-01-01 05:37:07', 'completed', 'card'),
  ('txn_1896', 'm_001', 'c_178', 404.46, '2024-01-12 04:24:50', 'completed', 'card'),
  ('txn_1897', 'm_014', 'c_255', 57.39, '2024-01-05 20:13:46', 'completed', 'card'),
  ('txn_1898', 'm_003', 'c_123', 50.39, '2024-01-06 15:46:35', 'completed', 'card'),
  ('txn_1899', 'm_009', 'c_046', 359.9, '2024-01-05 16:13:12', 'completed', 'card'),
  ('txn_1900', 'm_019', 'c_128', 355.58, '2024-01-12 09:20:05', 'completed', 'wallet');

INSERT INTO transactions (transaction_id, merchant_id, customer_id, amount, transaction_date, status, payment_method) VALUES
  ('txn_1901', 'm_013', 'c_027', 224.05, '2024-01-05 19:10:49', 'completed', 'card'),
  ('txn_1902', 'm_011', 'c_140', 439.7, '2024-01-02 20:08:41', 'completed', 'card'),
  ('txn_1903', 'm_009', 'c_121', 425.07, '2024-01-15 09:02:40', 'refunded', 'card'),
  ('txn_1904', 'm_013', 'c_265', 255.79, '2024-01-09 08:50:12', 'completed', 'card'),
  ('txn_1905', 'm_010', 'c_243', 8.46, '2024-01-04 21:56:35', 'pending', 'card'),
  ('txn_1906', 'm_003', 'c_031', 36.08, '2024-01-11 10:32:54', 'completed', 'card'),
  ('txn_1907', 'm_003', 'c_263', 10.94, '2024-01-09 18:34:38', 'refunded', 'card'),
  ('txn_1908', 'm_003', 'c_297', 134.91, '2024-01-12 15:52:54', 'completed', 'bank_transfer'),
  ('txn_1909', 'm_015', 'c_173', 153.62, '2024-01-05 14:50:56', 'completed', 'card'),
  ('txn_1910', 'm_010', 'c_245', 89.42, '2024-01-12 04:55:29', 'pending', 'card'),
  ('txn_1911', 'm_014', 'c_162', 234.49, '2024-01-10 08:36:26', 'completed', 'bank_transfer'),
  ('txn_1912', 'm_017', 'c_036', 437.31, '2024-01-04 15:01:20', 'completed', 'bank_transfer'),
  ('txn_1913', 'm_016', 'c_175', 11.91, '2024-01-05 11:08:06', 'completed', 'card'),
  ('txn_1914', 'm_009', 'c_068', 13.11, '2024-01-05 19:12:05', 'completed', 'card'),
  ('txn_1915', 'm_001', 'c_159', 199.15, '2024-01-05 14:39:05', 'completed', 'wallet'),
  ('txn_1916', 'm_019', 'c_270', 363.25, '2024-01-04 21:06:08', 'completed', 'bank_transfer'),
  ('txn_1917', 'm_019', 'c_283', 34.58, '2024-01-12 13:41:52', 'completed', 'card'),
  ('txn_1918', 'm_013', 'c_043', 121.4, '2024-01-01 07:33:15', 'completed', 'card'),
  ('txn_1919', 'm_013', 'c_043', 172.6, '2024-01-03 22:58:52', 'completed', 'wallet'),
  ('txn_1920', 'm_007', 'c_207', 144.54, '2024-01-04 02:38:35', 'failed', 'card'),
  ('txn_1921', 'm_015', 'c_191', 485.36, '2024-01-11 02:55:13', 'completed', 'card'),
  ('txn_1922', 'm_010', 'c_071', 472.57, '2024-01-08 14:03:57', 'pending', 'card'),
  ('txn_1923', 'm_019', 'c_145', 279.72, '2024-01-04 02:03:36', 'completed', 'card'),
  ('txn_1924', 'm_014', 'c_255', 288.28, '2024-01-07 01:06:38', 'completed', 'wallet'),
  ('txn_1925', 'm_019', 'c_258', 237.53, '2024-01-03 07:40:51', 'completed', 'card'),
  ('txn_1926', 'm_016', 'c_076', 313.69, '2024-01-15 15:02:23', 'completed', 'wallet'),
  ('txn_1927', 'm_011', 'c_105', 227.5, '2024-01-07 16:54:15', 'refunded', 'card'),
  ('txn_1928', 'm_007', 'c_062', 424.65, '2024-01-01 01:46:43', 'completed', 'bank_transfer'),
  ('txn_1929', 'm_014', 'c_092', 413.29, '2024-01-07 14:53:34', 'completed', 'wallet'),
  ('txn_1930', 'm_014', 'c_197', 492.72, '2024-01-05 13:37:53', 'completed', 'wallet'),
  ('txn_1931', 'm_006', 'c_184', 368.04, '2024-01-13 05:40:35', 'failed', 'card'),
  ('txn_1932', 'm_013', 'c_114', 396.4, '2024-01-05 22:58:42', 'completed', 'card'),
  ('txn_1933', 'm_007', 'c_042', 17.52, '2024-01-12 06:50:48', 'completed', 'bank_transfer'),
  ('txn_1934', 'm_007', 'c_131', 314.82, '2024-01-08 14:58:08', 'completed', 'card'),
  ('txn_1935', 'm_006', 'c_184', 230.69, '2024-01-04 22:53:48', 'completed', 'wallet'),
  ('txn_1936', 'm_007', 'c_062', 478.27, '2024-01-14 09:53:54', 'completed', 'card'),
  ('txn_1937', 'm_019', 'c_201', 75.17, '2024-01-11 12:58:28', 'failed', 'bank_transfer'),
  ('txn_1938', 'm_014', 'c_162', 93.11, '2024-01-08 20:45:06', 'completed', 'card'),
  ('txn_1939', 'm_002', 'c_231', 32.65, '2024-01-02 15:33:05', 'failed', 'card'),
  ('txn_1940', 'm_007', 'c_021', 55.62, '2024-01-09 17:53:59', 'completed', 'card'),
  ('txn_1941', 'm_015', 'c_113', 45.17, '2024-01-14 05:33:01', 'completed', 'card'),
  ('txn_1942', 'm_002', 'c_231', 211.09, '2024-01-03 04:07:19', 'completed', 'card'),
  ('txn_1943', 'm_009', 'c_228', 83.73, '2024-01-02 08:55:18', 'refunded', 'card'),
  ('txn_1944', 'm_001', 'c_051', 323.24, '2024-01-02 00:34:09', 'pending', 'card'),
  ('txn_1945', 'm_010', 'c_285', 120.17, '2024-01-08 20:07:55', 'completed', 'card'),
  ('txn_1946', 'm_016', 'c_185', 14.53, '2024-01-11 01:43:09', 'refunded', 'card'),
  ('txn_1947', 'm_003', 'c_031', 104.06, '2024-01-12 22:17:56', 'completed', 'card'),
  ('txn_1948', 'm_001', 'c_159', 352.4, '2024-01-04 23:38:28', 'completed', 'card'),
  ('txn_1949', 'm_016', 'c_115', 80.37, '2024-01-14 12:02:47', 'completed', 'wallet'),
  ('txn_1950', 'm_015', 'c_182', 197.27, '2024-01-05 18:02:44', 'completed', 'wallet');

INSERT INTO transactions (transaction_id, merchant_id, customer_id, amount, transaction_date, status, payment_method) VALUES
  ('txn_1951', 'm_014', 'c_084', 199.35, '2024-01-11 19:32:52', 'completed', 'card'),
  ('txn_1952', 'm_016', 'c_115', 96.49, '2024-01-05 23:45:39', 'completed', 'bank_transfer'),
  ('txn_1953', 'm_009', 'c_281', 369.17, '2024-01-08 08:43:34', 'completed', 'card'),
  ('txn_1954', 'm_015', 'c_150', 31.91, '2024-01-07 02:59:39', 'completed', 'card'),
  ('txn_1955', 'm_009', 'c_266', 16.79, '2024-01-09 02:31:46', 'completed', 'card'),
  ('txn_1956', 'm_009', 'c_261', 473.66, '2024-01-10 11:37:51', 'completed', 'card'),
  ('txn_1957', 'm_008', 'c_097', 242.69, '2024-01-07 00:46:20', 'completed', 'card'),
  ('txn_1958', 'm_003', 'c_297', 58.09, '2024-01-01 06:31:53', 'completed', 'card'),
  ('txn_1959', 'm_011', 'c_012', 155.21, '2024-01-03 08:38:31', 'completed', 'wallet'),
  ('txn_1960', 'm_002', 'c_176', 111.58, '2024-01-10 01:11:02', 'completed', 'bank_transfer'),
  ('txn_1961', 'm_003', 'c_167', 211.66, '2024-01-03 21:56:58', 'completed', 'card'),
  ('txn_1962', 'm_013', 'c_043', 135.05, '2024-01-01 17:41:25', 'completed', 'card'),
  ('txn_1963', 'm_019', 'c_095', 12.1, '2024-01-15 01:44:40', 'completed', 'card'),
  ('txn_1964', 'm_011', 'c_215', 16.17, '2024-01-04 17:18:02', 'completed', 'bank_transfer'),
  ('txn_1965', 'm_009', 'c_056', 201.78, '2024-01-11 00:11:00', 'completed', 'card'),
  ('txn_1966', 'm_018', 'c_170', 91.64, '2024-01-02 12:42:22', 'completed', 'wallet'),
  ('txn_1967', 'm_011', 'c_215', 360.84, '2024-01-07 00:15:00', 'completed', 'card'),
  ('txn_1968', 'm_009', 'c_163', 346.39, '2024-01-11 13:36:23', 'completed', 'card'),
  ('txn_1969', 'm_019', 'c_135', 359.21, '2024-01-03 03:30:21', 'refunded', 'card'),
  ('txn_1970', 'm_015', 'c_150', 411.25, '2024-01-10 00:16:54', 'completed', 'card'),
  ('txn_1971', 'm_007', 'c_062', 368.92, '2024-01-10 18:03:12', 'completed', 'bank_transfer'),
  ('txn_1972', 'm_015', 'c_150', 491.84, '2024-01-13 00:04:24', 'refunded', 'card'),
  ('txn_1973', 'm_017', 'c_148', 480.89, '2024-01-04 08:10:55', 'completed', 'wallet'),
  ('txn_1974', 'm_014', 'c_092', 324.5, '2024-01-04 23:41:52', 'completed', 'wallet'),
  ('txn_1975', 'm_002', 'c_161', 255.64, '2024-01-14 02:41:44', 'completed', 'card'),
  ('txn_1976', 'm_008', 'c_151', 74.06, '2024-01-11 04:04:16', 'completed', 'bank_transfer'),
  ('txn_1977', 'm_006', 'c_020', 262.19, '2024-01-14 08:39:34', 'completed', 'card'),
  ('txn_1978', 'm_008', 'c_151', 117.26, '2024-01-08 21:36:36', 'failed', 'card'),
  ('txn_1979', 'm_015', 'c_186', 468.78, '2024-01-09 12:33:02', 'completed', 'bank_transfer'),
  ('txn_1980', 'm_017', 'c_060', 116.78, '2024-01-05 13:42:39', 'completed', 'bank_transfer'),
  ('txn_1981', 'm_001', 'c_178', 400.97, '2024-01-08 10:34:54', 'completed', 'card'),
  ('txn_1982', 'm_010', 'c_285', 206.03, '2024-01-05 15:16:09', 'completed', 'wallet'),
  ('txn_1983', 'm_001', 'c_051', 20.39, '2024-01-02 17:33:22', 'completed', 'card'),
  ('txn_1984', 'm_003', 'c_167', 229.04, '2024-01-10 18:45:53', 'completed', 'bank_transfer'),
  ('txn_1985', 'm_001', 'c_178', 300.79, '2024-01-08 08:58:06', 'completed', 'bank_transfer'),
  ('txn_1986', 'm_017', 'c_244', 319.43, '2024-01-01 18:21:38', 'completed', 'card'),
  ('txn_1987', 'm_019', 'c_180', 178.99, '2024-01-10 07:33:13', 'completed', 'bank_transfer'),
  ('txn_1988', 'm_006', 'c_268', 345.85, '2024-01-12 21:37:31', 'completed', 'card'),
  ('txn_1989', 'm_001', 'c_159', 24.14, '2024-01-14 04:44:54', 'completed', 'card'),
  ('txn_1990', 'm_003', 'c_099', 126.47, '2024-01-09 04:32:22', 'failed', 'card'),
  ('txn_1991', 'm_010', 'c_245', 492.08, '2024-01-11 22:50:32', 'completed', 'card'),
  ('txn_1992', 'm_009', 'c_222', 52.0, '2024-01-01 16:26:54', 'pending', 'card'),
  ('txn_1993', 'm_018', 'c_025', 253.53, '2024-01-10 10:07:48', 'completed', 'card'),
  ('txn_1994', 'm_002', 'c_133', 294.9, '2024-01-11 23:08:57', 'pending', 'wallet'),
  ('txn_1995', 'm_013', 'c_043', 24.71, '2024-01-04 18:10:31', 'completed', 'card'),
  ('txn_1996', 'm_003', 'c_149', 243.66, '2024-01-05 06:53:43', 'completed', 'card'),
  ('txn_1997', 'm_016', 'c_017', 154.63, '2024-01-15 03:57:14', 'completed', 'card'),
  ('txn_1998', 'm_019', 'c_135', 358.34, '2024-01-04 09:05:34', 'pending', 'card'),
  ('txn_1999', 'm_007', 'c_235', 489.5, '2024-01-12 23:56:00', 'completed', 'wallet'),
  ('txn_2000', 'm_017', 'c_036', 355.66, '2024-01-03 13:56:26', 'pending', 'card');

INSERT INTO transactions (transaction_id, merchant_id, customer_id, amount, transaction_date, status, payment_method) VALUES
  ('txn_2001', 'm_017', 'c_244', 21.6, '2024-01-02 14:59:40', 'completed', 'wallet'),
  ('txn_2002', 'm_003', 'c_099', 135.07, '2024-01-13 07:24:54', 'pending', 'card'),
  ('txn_2003', 'm_010', 'c_070', 64.9, '2024-01-05 18:28:46', 'completed', 'card'),
  ('txn_2004', 'm_018', 'c_267', 189.79, '2024-01-05 12:04:03', 'completed', 'bank_transfer'),
  ('txn_2005', 'm_017', 'c_060', 282.03, '2024-01-04 05:36:11', 'completed', 'card'),
  ('txn_2006', 'm_016', 'c_004', 189.07, '2024-01-07 10:53:26', 'completed', 'card'),
  ('txn_2007', 'm_001', 'c_159', 440.79, '2024-01-12 15:50:49', 'completed', 'card'),
  ('txn_2008', 'm_009', 'c_124', 333.7, '2024-01-05 04:26:26', 'completed', 'bank_transfer'),
  ('txn_2009', 'm_016', 'c_280', 318.53, '2024-01-04 01:57:25', 'completed', 'card'),
  ('txn_2010', 'm_007', 'c_014', 241.46, '2024-01-11 00:53:10', 'completed', 'wallet'),
  ('txn_2011', 'm_015', 'c_098', 414.85, '2024-01-02 00:59:46', 'completed', 'card'),
  ('txn_2012', 'm_014', 'c_162', 18.69, '2024-01-15 17:16:29', 'pending', 'card'),
  ('txn_2013', 'm_010', 'c_272', 454.22, '2024-01-13 08:49:58', 'completed', 'wallet'),
  ('txn_2014', 'm_017', 'c_093', 124.46, '2024-01-02 19:43:22', 'completed', 'card'),
  ('txn_2015', 'm_017', 'c_036', 211.57, '2024-01-04 12:47:49', 'completed', 'card'),
  ('txn_2016', 'm_002', 'c_176', 142.31, '2024-01-09 06:55:40', 'completed', 'bank_transfer'),
  ('txn_2017', 'm_013', 'c_237', 460.07, '2024-01-15 07:26:39', 'completed', 'wallet'),
  ('txn_2018', 'm_007', 'c_131', 171.85, '2024-01-13 22:20:34', 'pending', 'bank_transfer'),
  ('txn_2019', 'm_003', 'c_167', 316.42, '2024-01-06 12:43:39', 'completed', 'card'),
  ('txn_2020', 'm_014', 'c_092', 454.07, '2024-01-08 10:27:37', 'completed', 'card'),
  ('txn_2021', 'm_009', 'c_189', 261.25, '2024-01-11 06:54:33', 'completed', 'card'),
  ('txn_2022', 'm_009', 'c_080', 402.11, '2024-01-09 18:34:53', 'pending', 'card'),
  ('txn_2023', 'm_014', 'c_077', 400.03, '2024-01-08 01:47:18', 'completed', 'wallet'),
  ('txn_2024', 'm_010', 'c_071', 301.07, '2024-01-13 01:29:51', 'completed', 'card'),
  ('txn_2025', 'm_015', 'c_098', 198.86, '2024-01-12 03:25:58', 'failed', 'card'),
  ('txn_2026', 'm_014', 'c_058', 131.09, '2024-01-10 03:21:47', 'completed', 'card'),
  ('txn_2027', 'm_016', 'c_004', 37.94, '2024-01-14 08:46:24', 'completed', 'bank_transfer'),
  ('txn_2028', 'm_011', 'c_240', 103.6, '2024-01-12 21:11:20', 'completed', 'bank_transfer'),
  ('txn_2029', 'm_006', 'c_294', 221.4, '2024-01-03 23:36:14', 'completed', 'card'),
  ('txn_2030', 'm_015', 'c_015', 25.31, '2024-01-13 23:47:23', 'completed', 'card'),
  ('txn_2031', 'm_011', 'c_140', 393.02, '2024-01-14 18:02:57', 'refunded', 'bank_transfer'),
  ('txn_2032', 'm_002', 'c_028', 60.16, '2024-01-06 20:12:23', 'completed', 'card'),
  ('txn_2033', 'm_010', 'c_071', 311.06, '2024-01-09 13:57:31', 'completed', 'card'),
  ('txn_2034', 'm_010', 'c_070', 16.36, '2024-01-05 04:06:19', 'completed', 'card'),
  ('txn_2035', 'm_016', 'c_115', 273.15, '2024-01-15 21:45:28', 'completed', 'card'),
  ('txn_2036', 'm_011', 'c_248', 66.66, '2024-01-12 03:40:55', 'completed', 'bank_transfer'),
  ('txn_2037', 'm_008', 'c_010', 459.22, '2024-01-07 23:58:00', 'completed', 'card'),
  ('txn_2038', 'm_016', 'c_224', 110.63, '2024-01-11 18:43:34', 'completed', 'card'),
  ('txn_2039', 'm_018', 'c_072', 370.89, '2024-01-01 13:24:50', 'completed', 'wallet'),
  ('txn_2040', 'm_011', 'c_193', 441.49, '2024-01-13 17:12:52', 'completed', 'bank_transfer'),
  ('txn_2041', 'm_014', 'c_092', 15.25, '2024-01-11 17:35:38', 'completed', 'wallet'),
  ('txn_2042', 'm_009', 'c_194', 76.54, '2024-01-10 04:00:19', 'completed', 'wallet'),
  ('txn_2043', 'm_008', 'c_097', 107.53, '2024-01-07 00:54:59', 'completed', 'card'),
  ('txn_2044', 'm_013', 'c_114', 192.82, '2024-01-14 16:09:04', 'completed', 'card'),
  ('txn_2045', 'm_010', 'c_260', 350.3, '2024-01-09 09:05:03', 'completed', 'card'),
  ('txn_2046', 'm_015', 'c_132', 15.14, '2024-01-03 04:06:53', 'completed', 'bank_transfer'),
  ('txn_2047', 'm_017', 'c_141', 177.37, '2024-01-07 07:22:44', 'completed', 'card'),
  ('txn_2048', 'm_019', 'c_095', 88.43, '2024-01-05 18:00:38', 'completed', 'wallet'),
  ('txn_2049', 'm_002', 'c_179', 185.46, '2024-01-04 20:28:50', 'refunded', 'card'),
  ('txn_2050', 'm_003', 'c_297', 349.18, '2024-01-07 04:37:58', 'completed', 'card');

INSERT INTO transactions (transaction_id, merchant_id, customer_id, amount, transaction_date, status, payment_method) VALUES
  ('txn_2051', 'm_018', 'c_072', 150.11, '2024-01-05 12:21:52', 'completed', 'card'),
  ('txn_2052', 'm_010', 'c_177', 159.24, '2024-01-03 05:45:06', 'completed', 'card'),
  ('txn_2053', 'm_002', 'c_256', 329.04, '2024-01-12 09:56:22', 'failed', 'card'),
  ('txn_2054', 'm_017', 'c_093', 121.94, '2024-01-02 15:15:10', 'completed', 'wallet'),
  ('txn_2055', 'm_006', 'c_184', 409.56, '2024-01-12 05:26:50', 'completed', 'wallet'),
  ('txn_2056', 'm_015', 'c_254', 93.57, '2024-01-01 05:05:42', 'completed', 'card'),
  ('txn_2057', 'm_014', 'c_058', 384.34, '2024-01-02 09:07:03', 'completed', 'card'),
  ('txn_2058', 'm_016', 'c_076', 87.67, '2024-01-06 20:55:54', 'completed', 'card'),
  ('txn_2059', 'm_015', 'c_191', 392.66, '2024-01-03 16:00:27', 'completed', 'card'),
  ('txn_2060', 'm_010', 'c_070', 321.87, '2024-01-10 03:51:57', 'refunded', 'card'),
  ('txn_2061', 'm_007', 'c_007', 147.17, '2024-01-10 14:06:50', 'completed', 'bank_transfer'),
  ('txn_2062', 'm_016', 'c_252', 235.98, '2024-01-15 16:44:21', 'completed', 'wallet'),
  ('txn_2063', 'm_016', 'c_152', 264.12, '2024-01-13 03:06:42', 'completed', 'card'),
  ('txn_2064', 'm_007', 'c_007', 107.41, '2024-01-03 19:18:16', 'completed', 'card'),
  ('txn_2065', 'm_017', 'c_227', 191.09, '2024-01-05 19:45:10', 'completed', 'card'),
  ('txn_2066', 'm_001', 'c_051', 220.59, '2024-01-15 07:57:01', 'completed', 'card'),
  ('txn_2067', 'm_007', 'c_218', 397.91, '2024-01-06 12:16:43', 'completed', 'card'),
  ('txn_2068', 'm_018', 'c_122', 245.95, '2024-01-05 23:14:31', 'completed', 'bank_transfer'),
  ('txn_2069', 'm_018', 'c_072', 210.82, '2024-01-03 11:00:09', 'completed', 'card'),
  ('txn_2070', 'm_013', 'c_237', 31.29, '2024-01-11 12:27:48', 'completed', 'bank_transfer'),
  ('txn_2071', 'm_003', 'c_297', 150.51, '2024-01-12 15:18:17', 'completed', 'wallet'),
  ('txn_2072', 'm_003', 'c_226', 169.07, '2024-01-03 11:00:47', 'completed', 'wallet'),
  ('txn_2073', 'm_007', 'c_235', 357.0, '2024-01-06 00:05:00', 'completed', 'card'),
  ('txn_2074', 'm_015', 'c_013', 226.94, '2024-01-08 22:13:33', 'completed', 'wallet'),
  ('txn_2075', 'm_013', 'c_237', 30.2, '2024-01-11 15:23:06', 'completed', 'wallet'),
  ('txn_2076', 'm_019', 'c_210', 383.0, '2024-01-14 17:55:23', 'completed', 'wallet'),
  ('txn_2077', 'm_003', 'c_123', 466.81, '2024-01-11 16:14:16', 'completed', 'card'),
  ('txn_2078', 'm_011', 'c_140', 75.39, '2024-01-07 16:38:30', 'completed', 'card'),
  ('txn_2079', 'm_016', 'c_147', 25.74, '2024-01-05 17:18:02', 'completed', 'card'),
  ('txn_2080', 'm_017', 'c_137', 211.71, '2024-01-07 04:38:03', 'completed', 'bank_transfer'),
  ('txn_2081', 'm_009', 'c_008', 495.56, '2024-01-12 17:10:20', 'completed', 'card'),
  ('txn_2082', 'm_003', 'c_149', 236.81, '2024-01-12 03:44:24', 'completed', 'bank_transfer'),
  ('txn_2083', 'm_014', 'c_239', 365.32, '2024-01-07 06:20:40', 'completed', 'bank_transfer'),
  ('txn_2084', 'm_014', 'c_255', 334.15, '2024-01-15 07:34:17', 'completed', 'card'),
  ('txn_2085', 'm_011', 'c_193', 116.97, '2024-01-08 23:09:48', 'completed', 'bank_transfer'),
  ('txn_2086', 'm_013', 'c_275', 486.52, '2024-01-08 06:57:43', 'completed', 'card'),
  ('txn_2087', 'm_011', 'c_105', 412.91, '2024-01-06 07:32:56', 'completed', 'card'),
  ('txn_2088', 'm_010', 'c_200', 453.06, '2024-01-11 00:22:59', 'completed', 'wallet'),
  ('txn_2089', 'm_016', 'c_209', 285.45, '2024-01-12 16:18:14', 'completed', 'card'),
  ('txn_2090', 'm_003', 'c_226', 463.43, '2024-01-11 11:45:21', 'completed', 'bank_transfer'),
  ('txn_2091', 'm_007', 'c_087', 239.22, '2024-01-03 20:52:18', 'completed', 'card'),
  ('txn_2092', 'm_013', 'c_114', 245.83, '2024-01-10 20:06:52', 'completed', 'bank_transfer'),
  ('txn_2093', 'm_017', 'c_137', 146.8, '2024-01-15 12:20:59', 'completed', 'card'),
  ('txn_2094', 'm_014', 'c_239', 191.54, '2024-01-01 04:56:44', 'completed', 'card'),
  ('txn_2095', 'm_007', 'c_207', 217.13, '2024-01-01 01:12:57', 'completed', 'card'),
  ('txn_2096', 'm_019', 'c_095', 21.18, '2024-01-09 16:06:48', 'completed', 'card'),
  ('txn_2097', 'm_003', 'c_031', 86.78, '2024-01-15 03:32:33', 'completed', 'card'),
  ('txn_2098', 'm_003', 'c_031', 309.11, '2024-01-12 21:39:19', 'completed', 'card'),
  ('txn_2099', 'm_006', 'c_184', 298.72, '2024-01-15 20:56:42', 'completed', 'wallet'),
  ('txn_2100', 'm_013', 'c_043', 37.15, '2024-01-13 11:56:45', 'completed', 'card');

INSERT INTO transactions (transaction_id, merchant_id, customer_id, amount, transaction_date, status, payment_method) VALUES
  ('txn_2101', 'm_006', 'c_294', 305.21, '2024-01-09 00:06:00', 'pending', 'card'),
  ('txn_2102', 'm_008', 'c_151', 238.97, '2024-01-08 10:29:24', 'completed', 'card'),
  ('txn_2103', 'm_013', 'c_265', 211.89, '2024-01-06 02:39:09', 'completed', 'card'),
  ('txn_2104', 'm_010', 'c_200', 78.62, '2024-01-15 06:21:00', 'completed', 'card'),
  ('txn_2105', 'm_006', 'c_119', 58.3, '2024-01-02 18:46:59', 'completed', 'card'),
  ('txn_2106', 'm_013', 'c_237', 345.42, '2024-01-11 13:36:03', 'completed', 'card'),
  ('txn_2107', 'm_017', 'c_060', 465.29, '2024-01-08 08:14:44', 'pending', 'wallet'),
  ('txn_2108', 'm_009', 'c_253', 329.81, '2024-01-09 09:01:37', 'completed', 'card'),
  ('txn_2109', 'm_003', 'c_031', 20.53, '2024-01-13 01:52:58', 'completed', 'bank_transfer'),
  ('txn_2110', 'm_018', 'c_170', 392.94, '2024-01-08 22:26:16', 'completed', 'bank_transfer'),
  ('txn_2111', 'm_017', 'c_148', 479.24, '2024-01-05 11:09:56', 'refunded', 'wallet'),
  ('txn_2112', 'm_001', 'c_051', 477.37, '2024-01-09 02:53:35', 'completed', 'card'),
  ('txn_2113', 'm_007', 'c_007', 442.69, '2024-01-07 17:51:59', 'completed', 'wallet'),
  ('txn_2114', 'm_009', 'c_121', 211.85, '2024-01-09 07:47:25', 'refunded', 'card'),
  ('txn_2115', 'm_015', 'c_113', 6.35, '2024-01-04 14:06:11', 'completed', 'wallet'),
  ('txn_2116', 'm_014', 'c_255', 331.04, '2024-01-10 11:35:36', 'failed', 'wallet'),
  ('txn_2117', 'm_009', 'c_225', 386.01, '2024-01-15 08:16:04', 'failed', 'card'),
  ('txn_2118', 'm_013', 'c_275', 27.03, '2024-01-02 12:34:57', 'completed', 'card'),
  ('txn_2119', 'm_019', 'c_210', 464.88, '2024-01-08 15:36:19', 'completed', 'wallet'),
  ('txn_2120', 'm_010', 'c_200', 136.03, '2024-01-15 01:37:13', 'completed', 'card'),
  ('txn_2121', 'm_011', 'c_240', 136.36, '2024-01-10 23:52:00', 'completed', 'card'),
  ('txn_2122', 'm_016', 'c_004', 217.86, '2024-01-14 06:23:09', 'completed', 'card'),
  ('txn_2123', 'm_017', 'c_036', 253.37, '2024-01-02 05:49:25', 'failed', 'card'),
  ('txn_2124', 'm_019', 'c_258', 110.64, '2024-01-03 19:30:00', 'completed', 'wallet'),
  ('txn_2125', 'm_010', 'c_177', 282.57, '2024-01-05 20:39:29', 'completed', 'card'),
  ('txn_2126', 'm_001', 'c_178', 217.6, '2024-01-01 12:03:11', 'completed', 'card'),
  ('txn_2127', 'm_006', 'c_119', 465.89, '2024-01-08 02:17:12', 'failed', 'card'),
  ('txn_2128', 'm_011', 'c_240', 85.12, '2024-01-09 18:32:52', 'completed', 'card'),
  ('txn_2129', 'm_006', 'c_184', 158.2, '2024-01-02 20:24:17', 'completed', 'wallet'),
  ('txn_2130', 'm_007', 'c_014', 427.25, '2024-01-07 13:18:58', 'completed', 'card'),
  ('txn_2131', 'm_008', 'c_010', 383.63, '2024-01-13 23:25:20', 'completed', 'card'),
  ('txn_2132', 'm_018', 'c_267', 65.44, '2024-01-03 00:30:25', 'pending', 'wallet'),
  ('txn_2133', 'm_015', 'c_055', 179.85, '2024-01-07 01:47:46', 'completed', 'card'),
  ('txn_2134', 'm_001', 'c_178', 403.17, '2024-01-04 22:32:31', 'refunded', 'card'),
  ('txn_2135', 'm_007', 'c_062', 84.37, '2024-01-09 12:41:42', 'pending', 'wallet'),
  ('txn_2136', 'm_001', 'c_159', 427.49, '2024-01-13 10:30:22', 'refunded', 'bank_transfer'),
  ('txn_2137', 'm_016', 'c_115', 87.92, '2024-01-02 14:58:20', 'completed', 'bank_transfer'),
  ('txn_2138', 'm_010', 'c_296', 330.23, '2024-01-12 02:43:07', 'refunded', 'bank_transfer'),
  ('txn_2139', 'm_016', 'c_171', 323.05, '2024-01-04 23:45:00', 'completed', 'card'),
  ('txn_2140', 'm_015', 'c_013', 493.89, '2024-01-01 04:19:58', 'completed', 'card'),
  ('txn_2141', 'm_014', 'c_197', 47.19, '2024-01-03 19:51:45', 'completed', 'wallet'),
  ('txn_2142', 'm_007', 'c_131', 249.7, '2024-01-01 18:55:15', 'completed', 'card'),
  ('txn_2143', 'm_014', 'c_077', 159.47, '2024-01-02 23:46:00', 'completed', 'card'),
  ('txn_2144', 'm_013', 'c_043', 349.47, '2024-01-11 00:01:29', 'completed', 'card'),
  ('txn_2145', 'm_003', 'c_274', 185.07, '2024-01-10 21:01:10', 'completed', 'card'),
  ('txn_2146', 'm_001', 'c_051', 490.72, '2024-01-04 08:03:20', 'completed', 'card'),
  ('txn_2147', 'm_006', 'c_203', 61.12, '2024-01-04 00:04:34', 'completed', 'card'),
  ('txn_2148', 'm_008', 'c_151', 110.09, '2024-01-08 00:11:00', 'completed', 'card'),
  ('txn_2149', 'm_003', 'c_274', 467.93, '2024-01-14 09:46:37', 'pending', 'wallet'),
  ('txn_2150', 'm_013', 'c_030', 448.19, '2024-01-11 04:46:02', 'refunded', 'card');

INSERT INTO transactions (transaction_id, merchant_id, customer_id, amount, transaction_date, status, payment_method) VALUES
  ('txn_2151', 'm_003', 'c_226', 138.18, '2024-01-15 06:42:43', 'completed', 'card'),
  ('txn_2152', 'm_001', 'c_051', 446.24, '2024-01-10 20:30:19', 'completed', 'bank_transfer'),
  ('txn_2153', 'm_006', 'c_184', 83.61, '2024-01-05 02:05:18', 'completed', 'card'),
  ('txn_2154', 'm_008', 'c_151', 459.49, '2024-01-01 09:48:47', 'pending', 'card'),
  ('txn_2155', 'm_019', 'c_128', 365.73, '2024-01-13 08:54:45', 'completed', 'card'),
  ('txn_2156', 'm_010', 'c_177', 7.62, '2024-01-05 13:15:20', 'completed', 'card'),
  ('txn_2157', 'm_019', 'c_257', 122.77, '2024-01-10 10:17:00', 'completed', 'card'),
  ('txn_2158', 'm_009', 'c_269', 149.89, '2024-01-10 23:44:28', 'completed', 'bank_transfer'),
  ('txn_2159', 'm_013', 'c_127', 128.27, '2024-01-15 16:35:13', 'completed', 'bank_transfer'),
  ('txn_2160', 'm_019', 'c_022', 489.02, '2024-01-07 03:20:45', 'completed', 'wallet'),
  ('txn_2161', 'm_007', 'c_213', 96.26, '2024-01-07 00:55:29', 'completed', 'wallet'),
  ('txn_2162', 'm_007', 'c_235', 24.9, '2024-01-10 13:56:25', 'completed', 'card'),
  ('txn_2163', 'm_007', 'c_029', 141.89, '2024-01-06 00:07:00', 'completed', 'wallet'),
  ('txn_2164', 'm_006', 'c_020', 209.61, '2024-01-04 13:37:35', 'completed', 'card'),
  ('txn_2165', 'm_006', 'c_203', 165.93, '2024-01-07 16:14:12', 'completed', 'bank_transfer'),
  ('txn_2166', 'm_018', 'c_110', 429.59, '2024-01-05 13:31:06', 'completed', 'card'),
  ('txn_2167', 'm_010', 'c_200', 247.01, '2024-01-01 00:00:00', 'completed', 'bank_transfer'),
  ('txn_2168', 'm_018', 'c_072', 35.4, '2024-01-05 22:44:43', 'completed', 'bank_transfer'),
  ('txn_2169', 'm_017', 'c_060', 441.25, '2024-01-11 08:15:06', 'completed', 'card'),
  ('txn_2170', 'm_001', 'c_159', 393.92, '2024-01-09 10:37:59', 'completed', 'card'),
  ('txn_2171', 'm_013', 'c_114', 227.42, '2024-01-10 11:32:16', 'pending', 'card'),
  ('txn_2172', 'm_011', 'c_140', 242.77, '2024-01-06 00:05:00', 'completed', 'card'),
  ('txn_2173', 'm_019', 'c_204', 113.34, '2024-01-04 12:17:21', 'completed', 'wallet'),
  ('txn_2174', 'm_006', 'c_184', 362.02, '2024-01-07 14:20:31', 'completed', 'card'),
  ('txn_2175', 'm_013', 'c_265', 15.05, '2024-01-07 20:45:02', 'completed', 'card'),
  ('txn_2176', 'm_011', 'c_193', 380.08, '2024-01-14 22:37:12', 'pending', 'wallet'),
  ('txn_2177', 'm_008', 'c_151', 251.03, '2024-01-01 11:24:01', 'completed', 'card'),
  ('txn_2178', 'm_014', 'c_292', 385.99, '2024-01-12 16:12:50', 'completed', 'wallet'),
  ('txn_2179', 'm_009', 'c_121', 58.69, '2024-01-07 14:25:02', 'completed', 'bank_transfer'),
  ('txn_2180', 'm_009', 'c_206', 336.57, '2024-01-03 07:58:35', 'completed', 'wallet'),
  ('txn_2181', 'm_016', 'c_250', 314.19, '2024-01-08 23:56:00', 'completed', 'card'),
  ('txn_2182', 'm_019', 'c_135', 268.58, '2024-01-14 15:38:32', 'completed', 'card'),
  ('txn_2183', 'm_001', 'c_178', 42.75, '2024-01-02 01:33:36', 'completed', 'card'),
  ('txn_2184', 'm_009', 'c_238', 209.12, '2024-01-14 07:33:50', 'failed', 'card'),
  ('txn_2185', 'm_018', 'c_072', 114.26, '2024-01-01 21:19:49', 'completed', 'card'),
  ('txn_2186', 'm_011', 'c_012', 459.51, '2024-01-15 06:53:58', 'completed', 'card'),
  ('txn_2187', 'm_018', 'c_110', 51.27, '2024-01-07 01:49:12', 'completed', 'wallet'),
  ('txn_2188', 'm_010', 'c_023', 240.63, '2024-01-01 03:42:10', 'completed', 'wallet'),
  ('txn_2189', 'm_019', 'c_128', 398.88, '2024-01-15 03:33:06', 'completed', 'card'),
  ('txn_2190', 'm_010', 'c_245', 142.45, '2024-01-11 23:30:58', 'completed', 'card'),
  ('txn_2191', 'm_008', 'c_010', 370.76, '2024-01-06 23:51:00', 'completed', 'wallet'),
  ('txn_2192', 'm_008', 'c_010', 120.94, '2024-01-06 01:47:33', 'completed', 'card'),
  ('txn_2193', 'm_009', 'c_080', 151.02, '2024-01-04 06:21:38', 'completed', 'bank_transfer'),
  ('txn_2194', 'm_002', 'c_075', 364.24, '2024-01-08 06:31:33', 'failed', 'card'),
  ('txn_2195', 'm_017', 'c_093', 345.52, '2024-01-05 03:49:59', 'completed', 'bank_transfer'),
  ('txn_2196', 'm_015', 'c_015', 268.85, '2024-01-04 19:46:13', 'pending', 'bank_transfer'),
  ('txn_2197', 'm_009', 'c_056', 81.1, '2024-01-05 00:48:43', 'completed', 'bank_transfer'),
  ('txn_2198', 'm_011', 'c_236', 443.76, '2024-01-14 18:28:20', 'completed', 'wallet'),
  ('txn_2199', 'm_009', 'c_228', 215.32, '2024-01-07 07:35:39', 'completed', 'bank_transfer'),
  ('txn_2200', 'm_009', 'c_009', 102.15, '2024-01-12 06:48:19', 'completed', 'bank_transfer');

INSERT INTO transactions (transaction_id, merchant_id, customer_id, amount, transaction_date, status, payment_method) VALUES
  ('txn_2201', 'm_003', 'c_297', 62.1, '2024-01-06 13:49:55', 'pending', 'card'),
  ('txn_2202', 'm_006', 'c_294', 200.33, '2024-01-04 06:46:13', 'completed', 'wallet'),
  ('txn_2203', 'm_002', 'c_231', 94.0, '2024-01-02 05:34:07', 'completed', 'card'),
  ('txn_2204', 'm_003', 'c_149', 271.81, '2024-01-03 06:29:20', 'completed', 'card'),
  ('txn_2205', 'm_011', 'c_215', 169.38, '2024-01-12 00:12:00', 'completed', 'card'),
  ('txn_2206', 'm_009', 'c_080', 402.42, '2024-01-11 17:41:10', 'completed', 'card'),
  ('txn_2207', 'm_003', 'c_242', 361.86, '2024-01-08 19:29:12', 'completed', 'card'),
  ('txn_2208', 'm_018', 'c_072', 342.26, '2024-01-01 00:09:00', 'completed', 'card'),
  ('txn_2209', 'm_001', 'c_178', 346.99, '2024-01-05 00:04:30', 'failed', 'card'),
  ('txn_2210', 'm_003', 'c_099', 345.54, '2024-01-14 02:00:30', 'completed', 'card'),
  ('txn_2211', 'm_015', 'c_015', 394.8, '2024-01-03 23:56:00', 'refunded', 'wallet'),
  ('txn_2212', 'm_014', 'c_162', 337.73, '2024-01-07 07:55:45', 'completed', 'card'),
  ('txn_2213', 'm_008', 'c_010', 275.16, '2024-01-14 02:34:50', 'completed', 'wallet'),
  ('txn_2214', 'm_019', 'c_168', 248.11, '2024-01-08 00:20:29', 'refunded', 'card'),
  ('txn_2215', 'm_002', 'c_161', 192.83, '2024-01-01 15:17:33', 'completed', 'wallet'),
  ('txn_2216', 'm_002', 'c_271', 29.18, '2024-01-10 04:08:24', 'completed', 'card'),
  ('txn_2217', 'm_015', 'c_211', 174.04, '2024-01-04 15:21:25', 'completed', 'wallet'),
  ('txn_2218', 'm_016', 'c_185', 283.69, '2024-01-07 12:56:32', 'completed', 'bank_transfer'),
  ('txn_2219', 'm_010', 'c_100', 187.94, '2024-01-05 03:10:10', 'completed', 'card'),
  ('txn_2220', 'm_016', 'c_017', 278.51, '2024-01-06 01:07:12', 'completed', 'bank_transfer'),
  ('txn_2221', 'm_010', 'c_177', 303.04, '2024-01-09 14:50:50', 'completed', 'wallet'),
  ('txn_2222', 'm_001', 'c_178', 390.41, '2024-01-02 11:22:01', 'completed', 'card'),
  ('txn_2223', 'm_011', 'c_012', 464.43, '2024-01-04 00:23:21', 'completed', 'card'),
  ('txn_2224', 'm_001', 'c_159', 314.66, '2024-01-12 11:54:58', 'completed', 'card'),
  ('txn_2225', 'm_019', 'c_135', 260.25, '2024-01-02 13:22:45', 'completed', 'card'),
  ('txn_2226', 'm_016', 'c_152', 124.9, '2024-01-10 17:03:54', 'pending', 'card'),
  ('txn_2227', 'm_013', 'c_043', 263.25, '2024-01-04 20:23:13', 'completed', 'card'),
  ('txn_2228', 'm_001', 'c_051', 440.33, '2024-01-13 19:46:09', 'refunded', 'card'),
  ('txn_2229', 'm_017', 'c_137', 56.53, '2024-01-01 23:45:19', 'refunded', 'card'),
  ('txn_2230', 'm_016', 'c_155', 473.0, '2024-01-10 01:40:32', 'completed', 'bank_transfer'),
  ('txn_2231', 'm_013', 'c_027', 97.36, '2024-01-05 12:54:33', 'completed', 'card'),
  ('txn_2232', 'm_013', 'c_114', 479.81, '2024-01-12 09:41:49', 'failed', 'card'),
  ('txn_2233', 'm_016', 'c_155', 208.54, '2024-01-13 20:57:14', 'completed', 'card'),
  ('txn_2234', 'm_001', 'c_051', 366.74, '2024-01-13 03:50:09', 'completed', 'card'),
  ('txn_2235', 'm_008', 'c_097', 169.12, '2024-01-02 11:50:37', 'completed', 'bank_transfer'),
  ('txn_2236', 'm_014', 'c_019', 148.4, '2024-01-08 01:44:20', 'completed', 'card'),
  ('txn_2237', 'm_010', 'c_071', 458.66, '2024-01-13 18:32:27', 'completed', 'card'),
  ('txn_2238', 'm_011', 'c_236', 442.32, '2024-01-04 10:22:51', 'completed', 'bank_transfer'),
  ('txn_2239', 'm_006', 'c_107', 51.81, '2024-01-04 00:06:22', 'completed', 'bank_transfer'),
  ('txn_2240', 'm_002', 'c_271', 487.92, '2024-01-05 19:20:15', 'completed', 'wallet'),
  ('txn_2241', 'm_019', 'c_128', 71.68, '2024-01-01 22:50:31', 'completed', 'card'),
  ('txn_2242', 'm_017', 'c_036', 363.06, '2024-01-13 01:19:44', 'completed', 'wallet'),
  ('txn_2243', 'm_014', 'c_162', 52.18, '2024-01-13 17:31:41', 'completed', 'bank_transfer'),
  ('txn_2244', 'm_001', 'c_051', 456.2, '2024-01-01 17:07:32', 'completed', 'card'),
  ('txn_2245', 'm_006', 'c_203', 390.42, '2024-01-15 11:53:32', 'completed', 'wallet'),
  ('txn_2246', 'm_001', 'c_051', 345.76, '2024-01-13 01:43:42', 'completed', 'bank_transfer'),
  ('txn_2247', 'm_011', 'c_215', 412.41, '2024-01-11 02:03:09', 'completed', 'card'),
  ('txn_2248', 'm_001', 'c_178', 341.66, '2024-01-09 09:26:19', 'completed', 'card'),
  ('txn_2249', 'm_007', 'c_007', 42.74, '2024-01-13 18:23:41', 'completed', 'card'),
  ('txn_2250', 'm_013', 'c_030', 271.92, '2024-01-12 14:04:28', 'completed', 'card');

INSERT INTO transactions (transaction_id, merchant_id, customer_id, amount, transaction_date, status, payment_method) VALUES
  ('txn_2251', 'm_014', 'c_019', 295.35, '2024-01-04 19:51:14', 'refunded', 'bank_transfer'),
  ('txn_2252', 'm_009', 'c_290', 302.97, '2024-01-07 16:12:38', 'completed', 'card'),
  ('txn_2253', 'm_014', 'c_092', 212.04, '2024-01-08 03:14:14', 'completed', 'card'),
  ('txn_2254', 'm_007', 'c_207', 270.37, '2024-01-01 12:22:53', 'refunded', 'card'),
  ('txn_2255', 'm_014', 'c_077', 248.73, '2024-01-02 03:00:20', 'completed', 'bank_transfer'),
  ('txn_2256', 'm_006', 'c_107', 374.44, '2024-01-05 16:23:41', 'completed', 'card'),
  ('txn_2257', 'm_002', 'c_231', 443.04, '2024-01-15 17:51:07', 'completed', 'bank_transfer'),
  ('txn_2258', 'm_003', 'c_031', 196.21, '2024-01-06 03:59:46', 'pending', 'bank_transfer'),
  ('txn_2259', 'm_006', 'c_119', 384.96, '2024-01-11 10:22:22', 'completed', 'card'),
  ('txn_2260', 'm_008', 'c_097', 288.16, '2024-01-14 15:01:20', 'completed', 'bank_transfer'),
  ('txn_2261', 'm_007', 'c_213', 109.38, '2024-01-01 23:30:02', 'completed', 'card'),
  ('txn_2262', 'm_006', 'c_146', 155.48, '2024-01-11 20:38:48', 'completed', 'card'),
  ('txn_2263', 'm_009', 'c_189', 152.73, '2024-01-13 19:56:11', 'completed', 'wallet'),
  ('txn_2264', 'm_007', 'c_087', 27.83, '2024-01-04 00:18:54', 'completed', 'card'),
  ('txn_2265', 'm_002', 'c_075', 335.18, '2024-01-02 03:39:56', 'completed', 'card'),
  ('txn_2266', 'm_015', 'c_191', 292.52, '2024-01-05 09:53:36', 'completed', 'card'),
  ('txn_2267', 'm_001', 'c_178', 497.7, '2024-01-10 18:40:48', 'completed', 'wallet'),
  ('txn_2268', 'm_017', 'c_227', 435.44, '2024-01-15 16:14:24', 'completed', 'card'),
  ('txn_2269', 'm_018', 'c_025', 445.13, '2024-01-09 21:18:56', 'completed', 'card'),
  ('txn_2270', 'm_016', 'c_293', 127.86, '2024-01-01 12:23:33', 'completed', 'wallet'),
  ('txn_2271', 'm_013', 'c_114', 476.88, '2024-01-06 09:55:23', 'completed', 'card'),
  ('txn_2272', 'm_013', 'c_043', 389.25, '2024-01-02 07:54:26', 'completed', 'bank_transfer'),
  ('txn_2273', 'm_017', 'c_036', 495.06, '2024-01-03 20:34:29', 'completed', 'card'),
  ('txn_2274', 'm_018', 'c_170', 486.31, '2024-01-06 05:46:29', 'completed', 'bank_transfer'),
  ('txn_2275', 'm_013', 'c_114', 262.4, '2024-01-15 14:55:24', 'completed', 'card'),
  ('txn_2276', 'm_015', 'c_211', 125.76, '2024-01-14 14:53:43', 'completed', 'card'),
  ('txn_2277', 'm_001', 'c_159', 414.87, '2024-01-03 20:37:35', 'completed', 'bank_transfer'),
  ('txn_2278', 'm_007', 'c_235', 285.3, '2024-01-03 23:57:00', 'completed', 'card'),
  ('txn_2279', 'm_015', 'c_186', 339.89, '2024-01-14 08:45:21', 'completed', 'card'),
  ('txn_2280', 'm_016', 'c_293', 192.26, '2024-01-06 06:11:50', 'completed', 'card'),
  ('txn_2281', 'm_001', 'c_178', 243.55, '2024-01-04 12:53:11', 'completed', 'card'),
  ('txn_2282', 'm_009', 'c_269', 160.28, '2024-01-05 15:52:18', 'completed', 'card'),
  ('txn_2283', 'm_011', 'c_240', 273.03, '2024-01-08 13:01:14', 'completed', 'wallet'),
  ('txn_2284', 'm_011', 'c_012', 428.05, '2024-01-01 00:34:11', 'completed', 'bank_transfer'),
  ('txn_2285', 'm_001', 'c_178', 426.84, '2024-01-10 10:46:32', 'completed', 'wallet'),
  ('txn_2286', 'm_003', 'c_031', 62.81, '2024-01-02 19:43:25', 'refunded', 'bank_transfer'),
  ('txn_2287', 'm_003', 'c_149', 408.09, '2024-01-01 23:57:00', 'completed', 'card'),
  ('txn_2288', 'm_002', 'c_271', 325.9, '2024-01-02 18:37:13', 'completed', 'card'),
  ('txn_2289', 'm_014', 'c_019', 229.3, '2024-01-13 15:58:30', 'refunded', 'card'),
  ('txn_2290', 'm_009', 'c_289', 474.96, '2024-01-02 05:18:05', 'completed', 'bank_transfer'),
  ('txn_2291', 'm_015', 'c_098', 320.56, '2024-01-11 16:41:49', 'completed', 'card'),
  ('txn_2292', 'm_018', 'c_122', 198.42, '2024-01-10 18:53:32', 'completed', 'bank_transfer'),
  ('txn_2293', 'm_017', 'c_093', 300.17, '2024-01-03 05:38:03', 'completed', 'card'),
  ('txn_2294', 'm_019', 'c_299', 314.57, '2024-01-04 21:46:22', 'completed', 'bank_transfer'),
  ('txn_2295', 'm_003', 'c_167', 16.25, '2024-01-05 17:45:07', 'completed', 'wallet'),
  ('txn_2296', 'm_009', 'c_124', 229.66, '2024-01-08 15:02:05', 'completed', 'card'),
  ('txn_2297', 'm_015', 'c_251', 465.65, '2024-01-10 17:46:52', 'completed', 'card'),
  ('txn_2298', 'm_006', 'c_294', 274.62, '2024-01-04 00:06:00', 'completed', 'bank_transfer'),
  ('txn_2299', 'm_006', 'c_107', 303.45, '2024-01-11 05:46:27', 'completed', 'bank_transfer'),
  ('txn_2300', 'm_010', 'c_296', 259.08, '2024-01-13 00:47:39', 'pending', 'card');

INSERT INTO transactions (transaction_id, merchant_id, customer_id, amount, transaction_date, status, payment_method) VALUES
  ('txn_2301', 'm_015', 'c_132', 65.03, '2024-01-14 05:35:43', 'completed', 'bank_transfer'),
  ('txn_2302', 'm_013', 'c_127', 135.98, '2024-01-08 20:10:27', 'completed', 'card'),
  ('txn_2303', 'm_002', 'c_102', 432.74, '2024-01-02 23:58:00', 'completed', 'wallet'),
  ('txn_2304', 'm_011', 'c_215', 497.49, '2024-01-07 01:42:32', 'completed', 'bank_transfer'),
  ('txn_2305', 'm_006', 'c_268', 237.85, '2024-01-13 03:04:19', 'completed', 'card'),
  ('txn_2306', 'm_008', 'c_010', 42.21, '2024-01-15 07:06:48', 'completed', 'card'),
  ('txn_2307', 'm_008', 'c_010', 315.99, '2024-01-11 04:35:26', 'completed', 'wallet'),
  ('txn_2308', 'm_008', 'c_151', 275.33, '2024-01-15 17:18:30', 'failed', 'bank_transfer'),
  ('txn_2309', 'm_018', 'c_110', 380.15, '2024-01-03 18:59:01', 'completed', 'wallet'),
  ('txn_2310', 'm_008', 'c_151', 342.36, '2024-01-06 00:03:00', 'completed', 'bank_transfer'),
  ('txn_2311', 'm_018', 'c_003', 248.95, '2024-01-11 09:43:46', 'pending', 'wallet'),
  ('txn_2312', 'm_016', 'c_040', 229.52, '2024-01-13 01:12:41', 'pending', 'card'),
  ('txn_2313', 'm_010', 'c_177', 261.55, '2024-01-01 01:18:41', 'completed', 'card'),
  ('txn_2314', 'm_016', 'c_280', 76.1, '2024-01-09 11:29:03', 'completed', 'card'),
  ('txn_2315', 'm_014', 'c_255', 83.81, '2024-01-09 00:02:00', 'completed', 'card'),
  ('txn_2316', 'm_018', 'c_025', 344.94, '2024-01-02 18:26:43', 'completed', 'wallet'),
  ('txn_2317', 'm_008', 'c_010', 490.94, '2024-01-12 02:03:43', 'completed', 'card'),
  ('txn_2318', 'm_002', 'c_234', 297.36, '2024-01-15 18:44:44', 'refunded', 'card'),
  ('txn_2319', 'm_013', 'c_027', 476.78, '2024-01-01 19:45:16', 'completed', 'card'),
  ('txn_2320', 'm_010', 'c_260', 421.67, '2024-01-07 02:05:05', 'completed', 'wallet'),
  ('txn_2321', 'm_013', 'c_043', 152.58, '2024-01-15 19:11:36', 'completed', 'card'),
  ('txn_2322', 'm_003', 'c_099', 145.37, '2024-01-01 20:51:16', 'completed', 'wallet'),
  ('txn_2323', 'm_018', 'c_025', 181.68, '2024-01-10 17:58:48', 'completed', 'card'),
  ('txn_2324', 'm_018', 'c_170', 241.41, '2024-01-14 23:59:00', 'completed', 'card'),
  ('txn_2325', 'm_011', 'c_240', 391.22, '2024-01-12 04:47:18', 'completed', 'card'),
  ('txn_2326', 'm_019', 'c_270', 268.44, '2024-01-14 22:43:28', 'completed', 'wallet'),
  ('txn_2327', 'm_017', 'c_287', 251.13, '2024-01-15 00:00:46', 'completed', 'card'),
  ('txn_2328', 'm_009', 'c_261', 497.12, '2024-01-13 17:28:38', 'completed', 'wallet'),
  ('txn_2329', 'm_001', 'c_159', 323.56, '2024-01-07 12:53:40', 'pending', 'card'),
  ('txn_2330', 'm_001', 'c_178', 447.88, '2024-01-09 01:19:56', 'completed', 'bank_transfer'),
  ('txn_2331', 'm_018', 'c_003', 20.16, '2024-01-14 03:36:14', 'completed', 'card'),
  ('txn_2332', 'm_008', 'c_151', 174.6, '2024-01-13 17:00:37', 'completed', 'card'),
  ('txn_2333', 'm_016', 'c_224', 298.83, '2024-01-15 20:09:32', 'completed', 'card'),
  ('txn_2334', 'm_013', 'c_043', 320.96, '2024-01-14 23:34:31', 'completed', 'card'),
  ('txn_2335', 'm_011', 'c_240', 416.0, '2024-01-14 21:33:37', 'completed', 'card'),
  ('txn_2336', 'm_006', 'c_203', 205.43, '2024-01-08 23:00:15', 'completed', 'card'),
  ('txn_2337', 'm_008', 'c_151', 381.94, '2024-01-09 08:00:58', 'failed', 'bank_transfer'),
  ('txn_2338', 'm_016', 'c_086', 484.47, '2024-01-06 09:07:18', 'completed', 'bank_transfer'),
  ('txn_2339', 'm_010', 'c_100', 267.22, '2024-01-13 05:52:53', 'pending', 'card'),
  ('txn_2340', 'm_006', 'c_268', 187.77, '2024-01-10 09:01:25', 'completed', 'bank_transfer'),
  ('txn_2341', 'm_014', 'c_019', 306.89, '2024-01-07 23:22:01', 'refunded', 'bank_transfer'),
  ('txn_2342', 'm_011', 'c_193', 8.76, '2024-01-13 10:26:32', 'completed', 'wallet'),
  ('txn_2343', 'm_003', 'c_099', 457.37, '2024-01-05 20:00:43', 'completed', 'bank_transfer'),
  ('txn_2344', 'm_014', 'c_239', 121.83, '2024-01-06 02:26:31', 'completed', 'card'),
  ('txn_2345', 'm_016', 'c_155', 48.66, '2024-01-08 22:56:15', 'completed', 'bank_transfer'),
  ('txn_2346', 'm_009', 'c_068', 112.21, '2024-01-06 04:56:11', 'completed', 'card'),
  ('txn_2347', 'm_017', 'c_244', 365.28, '2024-01-11 08:18:31', 'completed', 'card'),
  ('txn_2348', 'm_018', 'c_156', 27.67, '2024-01-04 15:11:55', 'completed', 'card'),
  ('txn_2349', 'm_006', 'c_184', 475.44, '2024-01-05 07:17:56', 'completed', 'card'),
  ('txn_2350', 'm_018', 'c_170', 309.78, '2024-01-14 15:05:20', 'completed', 'wallet');

INSERT INTO transactions (transaction_id, merchant_id, customer_id, amount, transaction_date, status, payment_method) VALUES
  ('txn_2351', 'm_002', 'c_271', 367.59, '2024-01-08 23:49:00', 'completed', 'bank_transfer'),
  ('txn_2352', 'm_010', 'c_296', 259.56, '2024-01-04 07:43:14', 'completed', 'card'),
  ('txn_2353', 'm_014', 'c_212', 405.5, '2024-01-08 21:00:31', 'refunded', 'bank_transfer'),
  ('txn_2354', 'm_017', 'c_244', 271.76, '2024-01-04 08:31:06', 'completed', 'card'),
  ('txn_2355', 'm_019', 'c_298', 172.26, '2024-01-09 05:47:39', 'completed', 'card'),
  ('txn_2356', 'm_017', 'c_148', 399.32, '2024-01-13 04:27:15', 'completed', 'wallet'),
  ('txn_2357', 'm_007', 'c_042', 479.21, '2024-01-11 09:23:26', 'completed', 'card'),
  ('txn_2358', 'm_014', 'c_019', 72.38, '2024-01-07 23:56:00', 'completed', 'card'),
  ('txn_2359', 'm_010', 'c_245', 325.43, '2024-01-04 04:23:15', 'completed', 'card'),
  ('txn_2360', 'm_006', 'c_203', 434.9, '2024-01-09 00:00:00', 'completed', 'card'),
  ('txn_2361', 'm_002', 'c_231', 106.03, '2024-01-05 10:06:34', 'completed', 'bank_transfer'),
  ('txn_2362', 'm_006', 'c_184', 155.11, '2024-01-10 08:45:35', 'completed', 'wallet'),
  ('txn_2363', 'm_019', 'c_090', 252.29, '2024-01-11 16:56:17', 'pending', 'card'),
  ('txn_2364', 'm_013', 'c_265', 79.1, '2024-01-13 12:11:31', 'completed', 'card'),
  ('txn_2365', 'm_008', 'c_097', 147.52, '2024-01-05 04:42:22', 'completed', 'wallet'),
  ('txn_2366', 'm_006', 'c_119', 99.26, '2024-01-04 11:25:38', 'completed', 'card'),
  ('txn_2367', 'm_001', 'c_178', 155.91, '2024-01-01 04:43:38', 'completed', 'card'),
  ('txn_2368', 'm_003', 'c_274', 126.15, '2024-01-14 09:59:52', 'completed', 'bank_transfer'),
  ('txn_2369', 'm_018', 'c_156', 16.99, '2024-01-03 02:44:04', 'completed', 'bank_transfer'),
  ('txn_2370', 'm_018', 'c_072', 394.53, '2024-01-07 07:39:33', 'completed', 'bank_transfer'),
  ('txn_2371', 'm_015', 'c_186', 315.73, '2024-01-14 20:45:32', 'completed', 'card'),
  ('txn_2372', 'm_002', 'c_161', 75.51, '2024-01-12 00:13:32', 'completed', 'wallet'),
  ('txn_2373', 'm_016', 'c_280', 124.34, '2024-01-05 09:49:12', 'completed', 'bank_transfer'),
  ('txn_2374', 'm_018', 'c_025', 324.48, '2024-01-06 05:17:11', 'completed', 'card'),
  ('txn_2375', 'm_009', 'c_228', 394.67, '2024-01-15 03:21:45', 'failed', 'card'),
  ('txn_2376', 'm_008', 'c_010', 166.28, '2024-01-14 18:13:42', 'completed', 'card'),
  ('txn_2377', 'm_009', 'c_222', 441.37, '2024-01-15 04:53:24', 'completed', 'bank_transfer'),
  ('txn_2378', 'm_003', 'c_167', 121.95, '2024-01-05 01:01:49', 'completed', 'card'),
  ('txn_2379', 'm_014', 'c_255', 185.03, '2024-01-14 02:40:05', 'completed', 'wallet'),
  ('txn_2380', 'm_009', 'c_188', 280.19, '2024-01-12 20:55:23', 'completed', 'card'),
  ('txn_2381', 'm_018', 'c_172', 113.34, '2024-01-01 11:23:40', 'completed', 'card'),
  ('txn_2382', 'm_014', 'c_084', 433.39, '2024-01-03 19:51:13', 'completed', 'bank_transfer'),
  ('txn_2383', 'm_008', 'c_097', 303.79, '2024-01-13 23:50:00', 'completed', 'bank_transfer'),
  ('txn_2384', 'm_018', 'c_025', 85.23, '2024-01-15 11:08:04', 'completed', 'card'),
  ('txn_2385', 'm_018', 'c_267', 455.78, '2024-01-08 22:25:10', 'failed', 'card'),
  ('txn_2386', 'm_007', 'c_213', 475.86, '2024-01-01 16:21:24', 'completed', 'card'),
  ('txn_2387', 'm_006', 'c_119', 397.65, '2024-01-05 04:56:05', 'completed', 'card'),
  ('txn_2388', 'm_002', 'c_039', 136.33, '2024-01-12 07:13:58', 'completed', 'bank_transfer'),
  ('txn_2389', 'm_018', 'c_156', 343.38, '2024-01-09 16:10:47', 'pending', 'card'),
  ('txn_2390', 'm_008', 'c_010', 320.53, '2024-01-01 23:33:24', 'completed', 'card'),
  ('txn_2391', 'm_009', 'c_009', 142.67, '2024-01-02 23:46:27', 'completed', 'card'),
  ('txn_2392', 'm_014', 'c_050', 232.81, '2024-01-14 20:20:59', 'completed', 'card'),
  ('txn_2393', 'm_003', 'c_031', 390.58, '2024-01-15 05:52:55', 'completed', 'wallet'),
  ('txn_2394', 'm_015', 'c_214', 16.89, '2024-01-13 09:54:03', 'completed', 'card'),
  ('txn_2395', 'm_009', 'c_046', 307.98, '2024-01-12 09:51:04', 'completed', 'card'),
  ('txn_2396', 'm_003', 'c_149', 344.95, '2024-01-03 19:05:29', 'completed', 'card'),
  ('txn_2397', 'm_007', 'c_087', 28.97, '2024-01-04 19:41:41', 'completed', 'card'),
  ('txn_2398', 'm_006', 'c_294', 208.01, '2024-01-15 16:55:32', 'refunded', 'card'),
  ('txn_2399', 'm_003', 'c_099', 60.79, '2024-01-05 09:16:10', 'completed', 'card'),
  ('txn_2400', 'm_002', 'c_075', 310.67, '2024-01-09 07:46:35', 'completed', 'bank_transfer');

INSERT INTO transactions (transaction_id, merchant_id, customer_id, amount, transaction_date, status, payment_method) VALUES
  ('txn_2401', 'm_018', 'c_110', 102.99, '2024-01-13 23:51:00', 'completed', 'card'),
  ('txn_2402', 'm_017', 'c_227', 171.97, '2024-01-12 01:15:24', 'completed', 'card'),
  ('txn_2403', 'm_013', 'c_030', 79.07, '2024-01-07 21:42:15', 'completed', 'card'),
  ('txn_2404', 'm_001', 'c_178', 343.11, '2024-01-09 04:24:26', 'completed', 'wallet'),
  ('txn_2405', 'm_001', 'c_178', 334.14, '2024-01-10 02:47:21', 'completed', 'card'),
  ('txn_2406', 'm_007', 'c_007', 420.8, '2024-01-09 21:38:02', 'completed', 'card'),
  ('txn_2407', 'm_015', 'c_254', 193.35, '2024-01-06 05:01:26', 'completed', 'card'),
  ('txn_2408', 'm_015', 'c_085', 390.71, '2024-01-03 08:36:16', 'completed', 'bank_transfer'),
  ('txn_2409', 'm_010', 'c_200', 63.73, '2024-01-09 17:08:31', 'completed', 'card'),
  ('txn_2410', 'm_014', 'c_212', 186.51, '2024-01-01 15:45:11', 'completed', 'card'),
  ('txn_2411', 'm_011', 'c_105', 444.61, '2024-01-12 00:14:00', 'refunded', 'card'),
  ('txn_2412', 'm_002', 'c_202', 65.94, '2024-01-14 12:47:01', 'completed', 'card'),
  ('txn_2413', 'm_019', 'c_145', 34.85, '2024-01-03 01:44:01', 'completed', 'wallet'),
  ('txn_2414', 'm_017', 'c_227', 431.67, '2024-01-04 01:40:53', 'completed', 'bank_transfer'),
  ('txn_2415', 'm_013', 'c_030', 174.48, '2024-01-01 04:24:51', 'completed', 'card'),
  ('txn_2416', 'm_010', 'c_272', 356.61, '2024-01-04 00:38:23', 'completed', 'card'),
  ('txn_2417', 'm_001', 'c_178', 184.78, '2024-01-11 23:00:08', 'completed', 'bank_transfer'),
  ('txn_2418', 'm_015', 'c_138', 447.06, '2024-01-11 17:57:24', 'completed', 'wallet'),
  ('txn_2419', 'm_015', 'c_130', 146.1, '2024-01-03 13:59:49', 'completed', 'card'),
  ('txn_2420', 'm_007', 'c_042', 233.56, '2024-01-02 00:09:00', 'completed', 'card'),
  ('txn_2421', 'm_006', 'c_107', 24.17, '2024-01-03 10:28:26', 'completed', 'bank_transfer'),
  ('txn_2422', 'm_018', 'c_170', 141.7, '2024-01-13 12:45:17', 'completed', 'bank_transfer'),
  ('txn_2423', 'm_002', 'c_234', 11.5, '2024-01-04 14:17:35', 'completed', 'card'),
  ('txn_2424', 'm_001', 'c_178', 58.55, '2024-01-05 17:52:43', 'completed', 'card'),
  ('txn_2425', 'm_002', 'c_202', 229.22, '2024-01-06 13:30:44', 'completed', 'card'),
  ('txn_2426', 'm_014', 'c_050', 484.54, '2024-01-07 16:31:05', 'completed', 'card'),
  ('txn_2427', 'm_019', 'c_168', 103.75, '2024-01-05 18:30:02', 'completed', 'card'),
  ('txn_2428', 'm_001', 'c_051', 284.74, '2024-01-13 19:39:12', 'completed', 'card'),
  ('txn_2429', 'm_015', 'c_150', 215.82, '2024-01-01 17:17:31', 'completed', 'wallet'),
  ('txn_2430', 'm_009', 'c_079', 282.82, '2024-01-05 20:43:17', 'completed', 'card'),
  ('txn_2431', 'm_016', 'c_086', 412.18, '2024-01-10 13:18:09', 'completed', 'card'),
  ('txn_2432', 'm_017', 'c_093', 44.07, '2024-01-04 08:31:12', 'completed', 'card'),
  ('txn_2433', 'm_019', 'c_022', 20.88, '2024-01-03 10:21:05', 'completed', 'bank_transfer'),
  ('txn_2434', 'm_013', 'c_237', 315.28, '2024-01-02 05:27:48', 'completed', 'card'),
  ('txn_2435', 'm_018', 'c_172', 334.94, '2024-01-07 00:03:00', 'completed', 'card'),
  ('txn_2436', 'm_010', 'c_243', 385.29, '2024-01-14 15:55:30', 'completed', 'card'),
  ('txn_2437', 'm_011', 'c_012', 160.95, '2024-01-05 04:16:03', 'pending', 'card'),
  ('txn_2438', 'm_002', 'c_133', 307.23, '2024-01-08 05:22:52', 'completed', 'card'),
  ('txn_2439', 'm_019', 'c_204', 392.75, '2024-01-02 13:56:03', 'completed', 'bank_transfer'),
  ('txn_2440', 'm_009', 'c_238', 297.21, '2024-01-10 06:39:36', 'pending', 'card'),
  ('txn_2441', 'm_013', 'c_030', 208.39, '2024-01-12 18:30:25', 'completed', 'card'),
  ('txn_2442', 'm_013', 'c_027', 245.09, '2024-01-05 05:28:34', 'completed', 'card'),
  ('txn_2443', 'm_014', 'c_162', 95.59, '2024-01-15 10:40:59', 'failed', 'wallet'),
  ('txn_2444', 'm_013', 'c_030', 497.86, '2024-01-07 09:51:26', 'completed', 'card'),
  ('txn_2445', 'm_008', 'c_097', 424.82, '2024-01-11 23:46:00', 'completed', 'card'),
  ('txn_2446', 'm_018', 'c_267', 422.9, '2024-01-04 20:15:01', 'completed', 'card'),
  ('txn_2447', 'm_001', 'c_178', 402.61, '2024-01-14 05:55:15', 'completed', 'card'),
  ('txn_2448', 'm_003', 'c_149', 187.84, '2024-01-15 10:53:19', 'pending', 'wallet'),
  ('txn_2449', 'm_018', 'c_072', 449.24, '2024-01-14 01:07:03', 'completed', 'bank_transfer'),
  ('txn_2450', 'm_013', 'c_027', 408.58, '2024-01-07 07:28:54', 'completed', 'wallet');

INSERT INTO transactions (transaction_id, merchant_id, customer_id, amount, transaction_date, status, payment_method) VALUES
  ('txn_2451', 'm_013', 'c_043', 84.55, '2024-01-09 15:24:52', 'completed', 'bank_transfer'),
  ('txn_2452', 'm_010', 'c_245', 491.51, '2024-01-01 06:43:08', 'completed', 'card'),
  ('txn_2453', 'm_008', 'c_010', 406.88, '2024-01-11 23:55:00', 'completed', 'wallet'),
  ('txn_2454', 'm_019', 'c_283', 51.38, '2024-01-03 01:35:26', 'completed', 'card'),
  ('txn_2455', 'm_013', 'c_265', 50.29, '2024-01-13 09:37:11', 'completed', 'card'),
  ('txn_2456', 'm_019', 'c_283', 409.49, '2024-01-11 06:41:30', 'completed', 'card'),
  ('txn_2457', 'm_007', 'c_131', 364.47, '2024-01-12 13:57:06', 'completed', 'wallet'),
  ('txn_2458', 'm_002', 'c_133', 26.35, '2024-01-07 06:40:31', 'completed', 'card'),
  ('txn_2459', 'm_003', 'c_297', 214.64, '2024-01-14 00:05:00', 'completed', 'bank_transfer'),
  ('txn_2460', 'm_010', 'c_070', 246.32, '2024-01-09 02:09:55', 'pending', 'wallet'),
  ('txn_2461', 'm_016', 'c_175', 57.97, '2024-01-10 15:56:38', 'completed', 'wallet'),
  ('txn_2462', 'm_008', 'c_097', 321.8, '2024-01-07 20:52:57', 'completed', 'bank_transfer'),
  ('txn_2463', 'm_016', 'c_185', 275.67, '2024-01-11 10:05:24', 'failed', 'card'),
  ('txn_2464', 'm_001', 'c_159', 229.26, '2024-01-01 06:45:58', 'completed', 'card'),
  ('txn_2465', 'm_007', 'c_207', 172.32, '2024-01-09 15:08:07', 'completed', 'card'),
  ('txn_2466', 'm_010', 'c_296', 317.01, '2024-01-01 00:11:59', 'completed', 'wallet'),
  ('txn_2467', 'm_010', 'c_073', 269.64, '2024-01-01 23:56:07', 'completed', 'wallet'),
  ('txn_2468', 'm_017', 'c_093', 492.58, '2024-01-13 19:07:18', 'completed', 'bank_transfer'),
  ('txn_2469', 'm_018', 'c_025', 215.33, '2024-01-02 19:01:21', 'completed', 'card'),
  ('txn_2470', 'm_009', 'c_079', 295.32, '2024-01-15 13:20:41', 'refunded', 'card'),
  ('txn_2471', 'm_008', 'c_010', 358.79, '2024-01-10 21:27:47', 'completed', 'card'),
  ('txn_2472', 'm_001', 'c_159', 97.36, '2024-01-08 19:07:22', 'completed', 'card'),
  ('txn_2473', 'm_006', 'c_268', 169.56, '2024-01-09 17:53:57', 'pending', 'card'),
  ('txn_2474', 'm_011', 'c_215', 250.32, '2024-01-11 09:51:45', 'completed', 'card'),
  ('txn_2475', 'm_014', 'c_255', 20.63, '2024-01-14 18:25:45', 'completed', 'card'),
  ('txn_2476', 'm_017', 'c_227', 423.34, '2024-01-02 14:03:34', 'completed', 'bank_transfer'),
  ('txn_2477', 'm_007', 'c_235', 133.05, '2024-01-02 00:22:05', 'completed', 'wallet'),
  ('txn_2478', 'm_001', 'c_159', 233.55, '2024-01-02 22:22:54', 'completed', 'card'),
  ('txn_2479', 'm_018', 'c_122', 209.78, '2024-01-05 11:36:00', 'completed', 'card'),
  ('txn_2480', 'm_016', 'c_185', 473.86, '2024-01-14 01:38:34', 'completed', 'bank_transfer'),
  ('txn_2481', 'm_010', 'c_272', 487.75, '2024-01-08 13:31:45', 'completed', 'wallet'),
  ('txn_2482', 'm_016', 'c_293', 159.61, '2024-01-07 08:10:15', 'completed', 'card'),
  ('txn_2483', 'm_014', 'c_255', 29.4, '2024-01-15 13:00:20', 'completed', 'wallet'),
  ('txn_2484', 'm_008', 'c_010', 423.19, '2024-01-06 23:32:10', 'refunded', 'bank_transfer'),
  ('txn_2485', 'm_016', 'c_017', 178.87, '2024-01-02 12:02:24', 'completed', 'bank_transfer'),
  ('txn_2486', 'm_010', 'c_296', 300.02, '2024-01-06 00:40:07', 'refunded', 'wallet'),
  ('txn_2487', 'm_017', 'c_148', 128.03, '2024-01-15 01:26:54', 'failed', 'card'),
  ('txn_2488', 'm_011', 'c_236', 189.33, '2024-01-02 04:37:58', 'completed', 'bank_transfer'),
  ('txn_2489', 'm_001', 'c_178', 329.75, '2024-01-08 06:00:47', 'completed', 'card'),
  ('txn_2490', 'm_011', 'c_140', 28.24, '2024-01-07 15:36:00', 'completed', 'bank_transfer'),
  ('txn_2491', 'm_017', 'c_227', 251.26, '2024-01-07 08:42:08', 'completed', 'card'),
  ('txn_2492', 'm_008', 'c_010', 410.99, '2024-01-09 20:09:16', 'completed', 'card'),
  ('txn_2493', 'm_019', 'c_219', 173.26, '2024-01-08 11:43:36', 'completed', 'wallet'),
  ('txn_2494', 'm_014', 'c_077', 100.18, '2024-01-03 23:52:00', 'completed', 'wallet'),
  ('txn_2495', 'm_015', 'c_103', 400.47, '2024-01-05 11:22:38', 'completed', 'card'),
  ('txn_2496', 'm_017', 'c_148', 351.8, '2024-01-09 02:34:13', 'completed', 'card'),
  ('txn_2497', 'm_015', 'c_098', 463.05, '2024-01-05 12:46:58', 'completed', 'bank_transfer'),
  ('txn_2498', 'm_006', 'c_119', 80.32, '2024-01-12 14:40:03', 'completed', 'bank_transfer'),
  ('txn_2499', 'm_019', 'c_168', 203.61, '2024-01-10 11:16:30', 'refunded', 'card'),
  ('txn_2500', 'm_001', 'c_051', 44.14, '2024-01-13 05:13:43', 'completed', 'card');

INSERT INTO transactions (transaction_id, merchant_id, customer_id, amount, transaction_date, status, payment_method) VALUES
  ('txn_2501', 'm_011', 'c_240', 496.72, '2024-01-12 00:03:00', 'completed', 'wallet'),
  ('txn_2502', 'm_016', 'c_250', 356.93, '2024-01-02 22:05:52', 'completed', 'card'),
  ('txn_2503', 'm_008', 'c_151', 299.78, '2024-01-01 07:56:03', 'completed', 'bank_transfer'),
  ('txn_2504', 'm_011', 'c_248', 71.78, '2024-01-04 23:36:03', 'failed', 'bank_transfer'),
  ('txn_2505', 'm_017', 'c_060', 77.9, '2024-01-13 20:01:34', 'completed', 'card'),
  ('txn_2506', 'm_011', 'c_193', 369.03, '2024-01-09 09:23:45', 'completed', 'card'),
  ('txn_2507', 'm_016', 'c_280', 28.81, '2024-01-05 02:20:06', 'completed', 'card'),
  ('txn_2508', 'm_015', 'c_103', 474.25, '2024-01-14 12:45:45', 'completed', 'card'),
  ('txn_2509', 'm_010', 'c_243', 165.53, '2024-01-07 12:19:40', 'completed', 'card'),
  ('txn_2510', 'm_002', 'c_039', 339.53, '2024-01-09 22:02:30', 'completed', 'card'),
  ('txn_2511', 'm_013', 'c_275', 172.58, '2024-01-02 20:40:59', 'completed', 'card'),
  ('txn_2512', 'm_006', 'c_119', 472.51, '2024-01-14 00:58:50', 'completed', 'bank_transfer'),
  ('txn_2513', 'm_019', 'c_283', 470.34, '2024-01-10 15:56:08', 'failed', 'card'),
  ('txn_2514', 'm_009', 'c_163', 333.93, '2024-01-01 17:53:13', 'completed', 'card'),
  ('txn_2515', 'm_009', 'c_278', 271.75, '2024-01-12 12:33:06', 'pending', 'card'),
  ('txn_2516', 'm_015', 'c_251', 11.24, '2024-01-02 15:11:18', 'completed', 'card'),
  ('txn_2517', 'm_016', 'c_147', 414.22, '2024-01-05 17:13:26', 'completed', 'card'),
  ('txn_2518', 'm_002', 'c_179', 306.4, '2024-01-13 05:02:34', 'completed', 'card'),
  ('txn_2519', 'm_007', 'c_042', 313.94, '2024-01-08 10:00:55', 'completed', 'card'),
  ('txn_2520', 'm_001', 'c_051', 429.63, '2024-01-10 14:53:03', 'pending', 'card'),
  ('txn_2521', 'm_018', 'c_172', 255.05, '2024-01-09 09:10:31', 'completed', 'card'),
  ('txn_2522', 'm_008', 'c_097', 130.78, '2024-01-11 09:02:07', 'pending', 'card'),
  ('txn_2523', 'm_002', 'c_234', 109.08, '2024-01-12 12:46:20', 'completed', 'card'),
  ('txn_2524', 'm_009', 'c_228', 353.77, '2024-01-07 23:52:00', 'completed', 'card'),
  ('txn_2525', 'm_006', 'c_119', 270.63, '2024-01-14 01:54:45', 'completed', 'wallet'),
  ('txn_2526', 'm_016', 'c_295', 286.11, '2024-01-04 18:17:46', 'completed', 'wallet'),
  ('txn_2527', 'm_002', 'c_160', 496.64, '2024-01-04 05:23:15', 'completed', 'bank_transfer'),
  ('txn_2528', 'm_019', 'c_089', 140.75, '2024-01-06 15:28:15', 'completed', 'card'),
  ('txn_2529', 'm_002', 'c_049', 431.61, '2024-01-10 06:08:44', 'completed', 'wallet'),
  ('txn_2530', 'm_011', 'c_140', 137.56, '2024-01-15 09:05:37', 'completed', 'wallet'),
  ('txn_2531', 'm_018', 'c_072', 263.12, '2024-01-04 15:56:00', 'completed', 'wallet'),
  ('txn_2532', 'm_006', 'c_294', 19.89, '2024-01-05 04:25:54', 'completed', 'wallet'),
  ('txn_2533', 'm_002', 'c_256', 280.74, '2024-01-02 02:05:14', 'completed', 'card'),
  ('txn_2534', 'm_006', 'c_020', 96.63, '2024-01-12 23:57:00', 'completed', 'card'),
  ('txn_2535', 'm_018', 'c_170', 192.8, '2024-01-15 11:41:59', 'completed', 'card'),
  ('txn_2536', 'm_019', 'c_298', 196.19, '2024-01-08 04:07:29', 'completed', 'wallet'),
  ('txn_2537', 'm_009', 'c_194', 194.94, '2024-01-06 17:01:56', 'completed', 'card'),
  ('txn_2538', 'm_013', 'c_237', 326.69, '2024-01-02 03:35:30', 'completed', 'card'),
  ('txn_2539', 'm_019', 'c_145', 213.46, '2024-01-05 17:35:18', 'refunded', 'wallet'),
  ('txn_2540', 'm_014', 'c_084', 207.29, '2024-01-03 08:53:23', 'completed', 'card'),
  ('txn_2541', 'm_002', 'c_028', 103.29, '2024-01-10 19:30:31', 'refunded', 'card'),
  ('txn_2542', 'm_008', 'c_010', 188.18, '2024-01-15 06:43:29', 'completed', 'card'),
  ('txn_2543', 'm_016', 'c_224', 417.88, '2024-01-02 02:50:30', 'completed', 'card'),
  ('txn_2544', 'm_017', 'c_227', 486.36, '2024-01-03 05:36:35', 'pending', 'bank_transfer'),
  ('txn_2545', 'm_003', 'c_031', 452.97, '2024-01-03 02:24:51', 'completed', 'card'),
  ('txn_2546', 'm_003', 'c_149', 493.46, '2024-01-03 10:35:13', 'completed', 'bank_transfer'),
  ('txn_2547', 'm_016', 'c_295', 409.88, '2024-01-12 09:27:53', 'completed', 'card'),
  ('txn_2548', 'm_002', 'c_231', 309.51, '2024-01-11 10:25:58', 'completed', 'wallet'),
  ('txn_2549', 'm_017', 'c_287', 105.14, '2024-01-14 18:34:26', 'completed', 'card'),
  ('txn_2550', 'm_016', 'c_086', 197.27, '2024-01-14 02:32:07', 'completed', 'card');

INSERT INTO transactions (transaction_id, merchant_id, customer_id, amount, transaction_date, status, payment_method) VALUES
  ('txn_2551', 'm_017', 'c_287', 279.93, '2024-01-13 20:14:44', 'completed', 'wallet'),
  ('txn_2552', 'm_019', 'c_270', 40.96, '2024-01-11 09:46:02', 'completed', 'card'),
  ('txn_2553', 'm_008', 'c_097', 229.5, '2024-01-10 03:39:00', 'completed', 'wallet'),
  ('txn_2554', 'm_001', 'c_178', 299.38, '2024-01-04 05:18:14', 'completed', 'card'),
  ('txn_2555', 'm_017', 'c_148', 230.0, '2024-01-05 12:48:09', 'completed', 'wallet'),
  ('txn_2556', 'm_016', 'c_004', 154.85, '2024-01-14 21:00:15', 'completed', 'wallet'),
  ('txn_2557', 'm_015', 'c_085', 470.67, '2024-01-08 15:07:29', 'completed', 'card'),
  ('txn_2558', 'm_006', 'c_294', 245.9, '2024-01-04 08:22:23', 'completed', 'card'),
  ('txn_2559', 'm_019', 'c_168', 195.62, '2024-01-14 09:13:43', 'completed', 'card'),
  ('txn_2560', 'm_007', 'c_042', 50.49, '2024-01-04 08:15:26', 'failed', 'wallet'),
  ('txn_2561', 'm_017', 'c_141', 92.63, '2024-01-09 02:43:29', 'completed', 'wallet'),
  ('txn_2562', 'm_003', 'c_263', 31.43, '2024-01-09 21:28:03', 'failed', 'card'),
  ('txn_2563', 'm_011', 'c_140', 57.09, '2024-01-10 01:11:59', 'completed', 'card'),
  ('txn_2564', 'm_019', 'c_047', 162.89, '2024-01-15 00:41:47', 'refunded', 'wallet'),
  ('txn_2565', 'm_007', 'c_021', 423.06, '2024-01-14 22:41:01', 'completed', 'bank_transfer'),
  ('txn_2566', 'm_001', 'c_178', 29.64, '2024-01-09 07:19:44', 'completed', 'bank_transfer'),
  ('txn_2567', 'm_017', 'c_141', 475.57, '2024-01-04 07:13:58', 'completed', 'card'),
  ('txn_2568', 'm_011', 'c_248', 495.98, '2024-01-15 19:56:55', 'completed', 'card'),
  ('txn_2569', 'm_014', 'c_292', 443.31, '2024-01-12 18:48:34', 'completed', 'card'),
  ('txn_2570', 'm_008', 'c_010', 345.98, '2024-01-04 07:22:16', 'failed', 'bank_transfer'),
  ('txn_2571', 'm_017', 'c_060', 197.8, '2024-01-01 23:46:00', 'completed', 'card'),
  ('txn_2572', 'm_015', 'c_186', 322.53, '2024-01-14 22:35:22', 'refunded', 'card'),
  ('txn_2573', 'm_015', 'c_013', 307.16, '2024-01-03 02:11:59', 'completed', 'card'),
  ('txn_2574', 'm_014', 'c_058', 216.56, '2024-01-06 12:28:39', 'refunded', 'card'),
  ('txn_2575', 'm_018', 'c_003', 411.3, '2024-01-11 23:47:00', 'completed', 'card'),
  ('txn_2576', 'm_017', 'c_148', 341.84, '2024-01-03 02:27:43', 'completed', 'bank_transfer'),
  ('txn_2577', 'm_013', 'c_237', 351.07, '2024-01-13 16:01:49', 'completed', 'card'),
  ('txn_2578', 'm_018', 'c_170', 298.58, '2024-01-11 00:04:48', 'completed', 'card'),
  ('txn_2579', 'm_015', 'c_085', 299.61, '2024-01-11 00:50:03', 'completed', 'bank_transfer'),
  ('txn_2580', 'm_003', 'c_297', 397.55, '2024-01-05 21:46:51', 'completed', 'card'),
  ('txn_2581', 'm_013', 'c_030', 110.54, '2024-01-08 23:46:00', 'refunded', 'card'),
  ('txn_2582', 'm_007', 'c_062', 388.47, '2024-01-05 10:42:27', 'completed', 'wallet'),
  ('txn_2583', 'm_003', 'c_263', 446.74, '2024-01-13 17:15:45', 'completed', 'card'),
  ('txn_2584', 'm_010', 'c_100', 436.32, '2024-01-10 20:17:51', 'completed', 'bank_transfer'),
  ('txn_2585', 'm_011', 'c_240', 24.26, '2024-01-14 07:12:22', 'completed', 'bank_transfer'),
  ('txn_2586', 'm_010', 'c_272', 498.25, '2024-01-14 06:44:42', 'completed', 'wallet'),
  ('txn_2587', 'm_013', 'c_043', 162.37, '2024-01-08 05:32:53', 'completed', 'bank_transfer'),
  ('txn_2588', 'm_016', 'c_076', 272.4, '2024-01-11 18:50:34', 'completed', 'card'),
  ('txn_2589', 'm_011', 'c_012', 199.77, '2024-01-02 22:38:21', 'completed', 'wallet'),
  ('txn_2590', 'm_015', 'c_132', 83.93, '2024-01-01 05:40:11', 'completed', 'card'),
  ('txn_2591', 'm_002', 'c_234', 468.77, '2024-01-12 23:25:02', 'refunded', 'card'),
  ('txn_2592', 'm_013', 'c_027', 334.71, '2024-01-03 10:05:48', 'completed', 'card'),
  ('txn_2593', 'm_003', 'c_099', 234.04, '2024-01-01 11:07:28', 'completed', 'bank_transfer'),
  ('txn_2594', 'm_007', 'c_062', 403.69, '2024-01-02 07:26:51', 'failed', 'bank_transfer'),
  ('txn_2595', 'm_008', 'c_010', 318.75, '2024-01-06 16:12:10', 'completed', 'wallet'),
  ('txn_2596', 'm_014', 'c_084', 350.82, '2024-01-03 00:10:19', 'completed', 'card'),
  ('txn_2597', 'm_007', 'c_021', 221.68, '2024-01-02 10:40:24', 'completed', 'wallet'),
  ('txn_2598', 'm_001', 'c_051', 430.67, '2024-01-03 16:39:30', 'refunded', 'card'),
  ('txn_2599', 'm_014', 'c_077', 432.1, '2024-01-15 06:39:05', 'completed', 'card'),
  ('txn_2600', 'm_011', 'c_248', 318.69, '2024-01-06 23:46:00', 'completed', 'card');

INSERT INTO transactions (transaction_id, merchant_id, customer_id, amount, transaction_date, status, payment_method) VALUES
  ('txn_2601', 'm_019', 'c_089', 383.67, '2024-01-12 06:07:20', 'failed', 'card'),
  ('txn_2602', 'm_002', 'c_176', 355.61, '2024-01-06 14:20:02', 'completed', 'card'),
  ('txn_2603', 'm_003', 'c_031', 9.81, '2024-01-06 05:57:50', 'completed', 'card'),
  ('txn_2604', 'm_013', 'c_027', 105.62, '2024-01-08 23:49:00', 'completed', 'card'),
  ('txn_2605', 'm_002', 'c_125', 217.06, '2024-01-07 21:33:54', 'completed', 'wallet'),
  ('txn_2606', 'm_003', 'c_099', 273.67, '2024-01-06 08:57:50', 'completed', 'wallet'),
  ('txn_2607', 'm_014', 'c_239', 310.22, '2024-01-06 21:55:31', 'completed', 'wallet'),
  ('txn_2608', 'm_015', 'c_214', 285.71, '2024-01-02 17:09:48', 'completed', 'card'),
  ('txn_2609', 'm_002', 'c_039', 206.74, '2024-01-01 07:36:04', 'completed', 'wallet'),
  ('txn_2610', 'm_001', 'c_159', 287.74, '2024-01-10 09:21:38', 'completed', 'card'),
  ('txn_2611', 'm_018', 'c_172', 135.07, '2024-01-13 03:49:36', 'refunded', 'card'),
  ('txn_2612', 'm_011', 'c_140', 359.74, '2024-01-08 00:20:26', 'completed', 'card'),
  ('txn_2613', 'm_013', 'c_237', 431.63, '2024-01-12 03:04:54', 'completed', 'card'),
  ('txn_2614', 'm_016', 'c_086', 170.42, '2024-01-09 10:41:20', 'completed', 'card'),
  ('txn_2615', 'm_001', 'c_051', 249.15, '2024-01-10 11:52:08', 'completed', 'card'),
  ('txn_2616', 'm_008', 'c_097', 57.36, '2024-01-02 11:37:17', 'completed', 'card'),
  ('txn_2617', 'm_008', 'c_151', 473.78, '2024-01-06 08:55:46', 'pending', 'card'),
  ('txn_2618', 'm_013', 'c_237', 428.73, '2024-01-01 18:36:40', 'completed', 'card'),
  ('txn_2619', 'm_002', 'c_288', 448.04, '2024-01-01 03:16:23', 'completed', 'card'),
  ('txn_2620', 'm_017', 'c_287', 130.37, '2024-01-03 19:57:09', 'completed', 'card'),
  ('txn_2621', 'm_003', 'c_242', 199.33, '2024-01-01 03:47:01', 'completed', 'card'),
  ('txn_2622', 'm_013', 'c_237', 479.06, '2024-01-14 15:43:20', 'completed', 'card'),
  ('txn_2623', 'm_018', 'c_156', 429.32, '2024-01-15 09:47:42', 'completed', 'card'),
  ('txn_2624', 'm_017', 'c_141', 87.91, '2024-01-06 19:58:01', 'completed', 'card'),
  ('txn_2625', 'm_017', 'c_093', 399.68, '2024-01-09 14:03:31', 'pending', 'card'),
  ('txn_2626', 'm_008', 'c_010', 131.64, '2024-01-04 01:26:53', 'completed', 'card'),
  ('txn_2627', 'm_001', 'c_159', 61.69, '2024-01-14 08:49:26', 'completed', 'card'),
  ('txn_2628', 'm_001', 'c_051', 98.58, '2024-01-15 18:10:56', 'pending', 'card'),
  ('txn_2629', 'm_008', 'c_010', 179.52, '2024-01-12 20:45:57', 'completed', 'card'),
  ('txn_2630', 'm_001', 'c_178', 186.19, '2024-01-03 17:16:56', 'completed', 'bank_transfer'),
  ('txn_2631', 'm_017', 'c_137', 270.09, '2024-01-15 06:51:00', 'completed', 'wallet'),
  ('txn_2632', 'm_014', 'c_239', 376.06, '2024-01-03 06:52:24', 'pending', 'bank_transfer'),
  ('txn_2633', 'm_016', 'c_280', 260.8, '2024-01-09 05:52:18', 'failed', 'card'),
  ('txn_2634', 'm_010', 'c_200', 269.81, '2024-01-02 15:07:43', 'pending', 'wallet'),
  ('txn_2635', 'm_016', 'c_295', 471.59, '2024-01-05 04:25:03', 'completed', 'wallet'),
  ('txn_2636', 'm_011', 'c_236', 480.92, '2024-01-13 11:22:35', 'completed', 'card'),
  ('txn_2637', 'm_007', 'c_021', 362.58, '2024-01-05 00:02:00', 'completed', 'card'),
  ('txn_2638', 'm_009', 'c_181', 270.64, '2024-01-04 18:34:40', 'completed', 'card'),
  ('txn_2639', 'm_002', 'c_133', 48.9, '2024-01-06 03:09:45', 'completed', 'bank_transfer'),
  ('txn_2640', 'm_007', 'c_235', 430.83, '2024-01-09 17:39:28', 'refunded', 'card'),
  ('txn_2641', 'm_009', 'c_008', 338.2, '2024-01-06 01:05:09', 'failed', 'card'),
  ('txn_2642', 'm_002', 'c_133', 468.87, '2024-01-04 04:25:47', 'pending', 'card'),
  ('txn_2643', 'm_007', 'c_235', 222.26, '2024-01-03 12:08:20', 'completed', 'card'),
  ('txn_2644', 'm_010', 'c_100', 360.34, '2024-01-11 03:27:39', 'completed', 'card'),
  ('txn_2645', 'm_014', 'c_019', 206.54, '2024-01-01 23:56:00', 'completed', 'card'),
  ('txn_2646', 'm_010', 'c_296', 222.79, '2024-01-15 04:31:55', 'completed', 'card'),
  ('txn_2647', 'm_006', 'c_146', 70.35, '2024-01-15 12:29:07', 'completed', 'card'),
  ('txn_2648', 'm_003', 'c_242', 342.9, '2024-01-10 04:16:15', 'pending', 'card'),
  ('txn_2649', 'm_002', 'c_112', 293.11, '2024-01-01 16:59:37', 'completed', 'card'),
  ('txn_2650', 'm_011', 'c_193', 421.86, '2024-01-02 14:57:39', 'failed', 'wallet');

INSERT INTO transactions (transaction_id, merchant_id, customer_id, amount, transaction_date, status, payment_method) VALUES
  ('txn_2651', 'm_016', 'c_185', 85.29, '2024-01-05 22:16:12', 'completed', 'card'),
  ('txn_2652', 'm_006', 'c_268', 245.99, '2024-01-14 12:34:51', 'completed', 'card'),
  ('txn_2653', 'm_015', 'c_138', 421.51, '2024-01-01 23:38:21', 'completed', 'bank_transfer'),
  ('txn_2654', 'm_016', 'c_147', 351.71, '2024-01-10 13:21:23', 'completed', 'card'),
  ('txn_2655', 'm_015', 'c_130', 34.92, '2024-01-07 04:23:39', 'completed', 'card'),
  ('txn_2656', 'm_013', 'c_027', 223.28, '2024-01-08 10:21:24', 'completed', 'bank_transfer'),
  ('txn_2657', 'm_009', 'c_143', 285.94, '2024-01-15 16:09:26', 'completed', 'card'),
  ('txn_2658', 'm_016', 'c_086', 229.54, '2024-01-11 12:43:48', 'completed', 'card'),
  ('txn_2659', 'm_006', 'c_107', 151.28, '2024-01-10 23:23:14', 'completed', 'card'),
  ('txn_2660', 'm_007', 'c_235', 175.04, '2024-01-07 11:16:46', 'completed', 'wallet'),
  ('txn_2661', 'm_007', 'c_014', 341.19, '2024-01-12 23:11:19', 'completed', 'card'),
  ('txn_2662', 'm_006', 'c_268', 78.02, '2024-01-03 01:18:13', 'completed', 'card'),
  ('txn_2663', 'm_016', 'c_152', 114.2, '2024-01-04 06:02:52', 'completed', 'card'),
  ('txn_2664', 'm_013', 'c_275', 487.18, '2024-01-09 20:26:09', 'completed', 'card'),
  ('txn_2665', 'm_010', 'c_071', 126.53, '2024-01-06 20:19:33', 'completed', 'card'),
  ('txn_2666', 'm_003', 'c_099', 354.67, '2024-01-01 16:18:18', 'completed', 'wallet'),
  ('txn_2667', 'm_015', 'c_254', 137.2, '2024-01-14 16:23:17', 'completed', 'bank_transfer'),
  ('txn_2668', 'm_011', 'c_248', 168.76, '2024-01-07 12:16:03', 'completed', 'bank_transfer'),
  ('txn_2669', 'm_014', 'c_077', 183.44, '2024-01-12 11:04:10', 'completed', 'bank_transfer'),
  ('txn_2670', 'm_011', 'c_240', 196.4, '2024-01-10 06:42:37', 'failed', 'wallet'),
  ('txn_2671', 'm_003', 'c_242', 108.27, '2024-01-09 07:57:43', 'completed', 'card'),
  ('txn_2672', 'm_013', 'c_237', 15.95, '2024-01-08 10:27:41', 'pending', 'card'),
  ('txn_2673', 'm_003', 'c_226', 96.76, '2024-01-10 00:14:55', 'completed', 'wallet'),
  ('txn_2674', 'm_016', 'c_185', 154.53, '2024-01-06 19:32:08', 'completed', 'card'),
  ('txn_2675', 'm_001', 'c_159', 435.71, '2024-01-15 06:49:36', 'completed', 'card'),
  ('txn_2676', 'm_006', 'c_184', 94.89, '2024-01-07 10:14:26', 'completed', 'card'),
  ('txn_2677', 'm_009', 'c_163', 397.36, '2024-01-08 07:20:37', 'completed', 'bank_transfer'),
  ('txn_2678', 'm_014', 'c_084', 110.68, '2024-01-06 08:09:55', 'completed', 'bank_transfer'),
  ('txn_2679', 'm_018', 'c_110', 56.6, '2024-01-03 00:00:00', 'pending', 'card'),
  ('txn_2680', 'm_015', 'c_094', 75.33, '2024-01-14 07:48:20', 'completed', 'card'),
  ('txn_2681', 'm_018', 'c_025', 458.49, '2024-01-06 01:49:06', 'completed', 'card'),
  ('txn_2682', 'm_015', 'c_214', 143.28, '2024-01-13 06:28:00', 'completed', 'bank_transfer'),
  ('txn_2683', 'm_018', 'c_122', 137.19, '2024-01-12 23:51:00', 'pending', 'bank_transfer'),
  ('txn_2684', 'm_008', 'c_151', 467.21, '2024-01-10 23:22:46', 'pending', 'card'),
  ('txn_2685', 'm_014', 'c_292', 411.08, '2024-01-04 04:55:43', 'completed', 'bank_transfer'),
  ('txn_2686', 'm_017', 'c_227', 342.57, '2024-01-01 01:59:01', 'completed', 'card'),
  ('txn_2687', 'm_006', 'c_184', 455.96, '2024-01-09 16:01:53', 'completed', 'card'),
  ('txn_2688', 'm_007', 'c_131', 466.55, '2024-01-09 22:04:37', 'completed', 'card'),
  ('txn_2689', 'm_014', 'c_255', 261.98, '2024-01-04 00:00:00', 'completed', 'card'),
  ('txn_2690', 'm_008', 'c_151', 68.37, '2024-01-05 17:31:06', 'completed', 'card'),
  ('txn_2691', 'm_006', 'c_268', 18.1, '2024-01-03 23:53:46', 'completed', 'card'),
  ('txn_2692', 'm_009', 'c_206', 266.9, '2024-01-04 23:48:56', 'completed', 'card'),
  ('txn_2693', 'm_002', 'c_125', 65.2, '2024-01-04 17:48:47', 'completed', 'wallet'),
  ('txn_2694', 'm_016', 'c_086', 453.71, '2024-01-14 23:19:08', 'completed', 'wallet'),
  ('txn_2695', 'm_019', 'c_135', 175.26, '2024-01-09 13:11:59', 'failed', 'card'),
  ('txn_2696', 'm_009', 'c_163', 78.44, '2024-01-15 22:48:57', 'completed', 'bank_transfer'),
  ('txn_2697', 'm_009', 'c_269', 303.68, '2024-01-12 11:56:21', 'completed', 'card'),
  ('txn_2698', 'm_010', 'c_285', 180.25, '2024-01-03 02:44:37', 'completed', 'card'),
  ('txn_2699', 'm_015', 'c_015', 237.42, '2024-01-12 03:27:13', 'completed', 'card'),
  ('txn_2700', 'm_002', 'c_231', 97.78, '2024-01-03 22:22:01', 'completed', 'bank_transfer');

INSERT INTO transactions (transaction_id, merchant_id, customer_id, amount, transaction_date, status, payment_method) VALUES
  ('txn_2701', 'm_008', 'c_010', 193.66, '2024-01-04 18:51:34', 'completed', 'card'),
  ('txn_2702', 'm_016', 'c_040', 180.34, '2024-01-14 13:13:09', 'completed', 'card'),
  ('txn_2703', 'm_008', 'c_151', 49.37, '2024-01-07 08:42:24', 'completed', 'bank_transfer'),
  ('txn_2704', 'm_011', 'c_240', 241.85, '2024-01-04 04:19:37', 'completed', 'bank_transfer'),
  ('txn_2705', 'm_007', 'c_029', 489.94, '2024-01-04 22:00:50', 'completed', 'card'),
  ('txn_2706', 'm_001', 'c_178', 57.53, '2024-01-04 17:41:35', 'completed', 'card'),
  ('txn_2707', 'm_015', 'c_186', 495.24, '2024-01-05 11:15:53', 'failed', 'wallet'),
  ('txn_2708', 'm_008', 'c_151', 479.39, '2024-01-15 23:58:18', 'completed', 'card'),
  ('txn_2709', 'm_014', 'c_077', 188.94, '2024-01-12 14:54:52', 'completed', 'bank_transfer'),
  ('txn_2710', 'm_010', 'c_065', 428.27, '2024-01-10 15:09:51', 'completed', 'wallet'),
  ('txn_2711', 'm_019', 'c_145', 56.75, '2024-01-08 15:38:58', 'completed', 'card'),
  ('txn_2712', 'm_010', 'c_296', 281.65, '2024-01-08 20:43:10', 'completed', 'card'),
  ('txn_2713', 'm_007', 'c_007', 444.8, '2024-01-05 05:39:44', 'completed', 'card'),
  ('txn_2714', 'm_016', 'c_017', 256.82, '2024-01-12 11:50:57', 'completed', 'bank_transfer'),
  ('txn_2715', 'm_015', 'c_132', 36.31, '2024-01-02 02:14:00', 'failed', 'card'),
  ('txn_2716', 'm_015', 'c_113', 129.46, '2024-01-02 15:12:03', 'completed', 'card'),
  ('txn_2717', 'm_015', 'c_055', 216.92, '2024-01-14 17:51:02', 'failed', 'card'),
  ('txn_2718', 'm_014', 'c_092', 216.99, '2024-01-03 05:12:00', 'completed', 'wallet'),
  ('txn_2719', 'm_016', 'c_293', 492.46, '2024-01-13 01:19:12', 'completed', 'card'),
  ('txn_2720', 'm_015', 'c_094', 34.8, '2024-01-04 23:58:00', 'completed', 'card'),
  ('txn_2721', 'm_008', 'c_151', 12.38, '2024-01-03 04:18:55', 'completed', 'bank_transfer'),
  ('txn_2722', 'm_007', 'c_042', 41.28, '2024-01-11 10:29:27', 'completed', 'wallet'),
  ('txn_2723', 'm_016', 'c_224', 268.33, '2024-01-14 17:56:55', 'completed', 'bank_transfer'),
  ('txn_2724', 'm_019', 'c_128', 41.73, '2024-01-06 14:45:22', 'completed', 'bank_transfer'),
  ('txn_2725', 'm_003', 'c_297', 492.62, '2024-01-10 10:50:38', 'completed', 'card'),
  ('txn_2726', 'm_001', 'c_159', 479.78, '2024-01-13 23:31:23', 'pending', 'wallet'),
  ('txn_2727', 'm_019', 'c_279', 274.62, '2024-01-06 01:10:17', 'completed', 'card'),
  ('txn_2728', 'm_013', 'c_114', 62.07, '2024-01-05 13:44:13', 'completed', 'bank_transfer'),
  ('txn_2729', 'm_001', 'c_178', 337.7, '2024-01-04 00:38:12', 'completed', 'card'),
  ('txn_2730', 'm_007', 'c_007', 83.48, '2024-01-01 13:42:02', 'completed', 'card'),
  ('txn_2731', 'm_015', 'c_173', 404.74, '2024-01-12 01:41:40', 'completed', 'card'),
  ('txn_2732', 'm_013', 'c_275', 8.41, '2024-01-14 14:57:32', 'completed', 'card'),
  ('txn_2733', 'm_018', 'c_170', 156.55, '2024-01-08 05:26:54', 'completed', 'bank_transfer'),
  ('txn_2734', 'm_018', 'c_172', 462.06, '2024-01-10 08:39:41', 'completed', 'bank_transfer'),
  ('txn_2735', 'm_015', 'c_138', 346.86, '2024-01-01 19:14:21', 'completed', 'card'),
  ('txn_2736', 'm_001', 'c_159', 125.91, '2024-01-01 21:55:26', 'completed', 'card'),
  ('txn_2737', 'm_016', 'c_152', 284.7, '2024-01-11 17:07:19', 'completed', 'card'),
  ('txn_2738', 'm_003', 'c_099', 441.95, '2024-01-10 05:27:26', 'completed', 'card'),
  ('txn_2739', 'm_010', 'c_100', 106.91, '2024-01-01 04:38:07', 'pending', 'card'),
  ('txn_2740', 'm_008', 'c_097', 178.13, '2024-01-11 00:53:45', 'completed', 'wallet'),
  ('txn_2741', 'm_009', 'c_225', 153.36, '2024-01-13 17:33:18', 'completed', 'card'),
  ('txn_2742', 'm_014', 'c_239', 199.77, '2024-01-07 00:28:42', 'completed', 'bank_transfer'),
  ('txn_2743', 'm_013', 'c_237', 378.09, '2024-01-07 05:56:42', 'completed', 'card'),
  ('txn_2744', 'm_003', 'c_167', 307.93, '2024-01-15 07:10:07', 'completed', 'wallet'),
  ('txn_2745', 'm_010', 'c_285', 305.69, '2024-01-11 22:39:45', 'failed', 'card'),
  ('txn_2746', 'm_013', 'c_114', 289.59, '2024-01-13 18:18:53', 'completed', 'bank_transfer'),
  ('txn_2747', 'm_008', 'c_010', 116.14, '2024-01-04 02:44:32', 'completed', 'card'),
  ('txn_2748', 'm_019', 'c_299', 467.91, '2024-01-13 16:18:40', 'completed', 'wallet'),
  ('txn_2749', 'm_011', 'c_105', 128.34, '2024-01-14 20:38:08', 'completed', 'card'),
  ('txn_2750', 'm_018', 'c_072', 35.3, '2024-01-02 01:15:15', 'completed', 'card');

INSERT INTO transactions (transaction_id, merchant_id, customer_id, amount, transaction_date, status, payment_method) VALUES
  ('txn_2751', 'm_019', 'c_180', 154.17, '2024-01-11 00:28:21', 'completed', 'card'),
  ('txn_2752', 'm_015', 'c_113', 238.95, '2024-01-04 01:12:10', 'completed', 'card'),
  ('txn_2753', 'm_002', 'c_126', 10.03, '2024-01-08 09:19:05', 'completed', 'card'),
  ('txn_2754', 'm_016', 'c_038', 78.45, '2024-01-01 15:57:12', 'completed', 'card'),
  ('txn_2755', 'm_007', 'c_235', 437.95, '2024-01-05 22:51:43', 'completed', 'card'),
  ('txn_2756', 'm_018', 'c_156', 429.94, '2024-01-10 12:07:37', 'completed', 'wallet'),
  ('txn_2757', 'm_009', 'c_189', 293.26, '2024-01-14 11:31:50', 'completed', 'bank_transfer'),
  ('txn_2758', 'm_017', 'c_060', 461.74, '2024-01-07 08:05:48', 'completed', 'card'),
  ('txn_2759', 'm_015', 'c_186', 152.68, '2024-01-06 08:54:33', 'completed', 'card'),
  ('txn_2760', 'm_003', 'c_099', 115.3, '2024-01-05 23:14:54', 'completed', 'wallet'),
  ('txn_2761', 'm_013', 'c_043', 99.29, '2024-01-04 07:04:10', 'completed', 'card'),
  ('txn_2762', 'm_002', 'c_126', 101.48, '2024-01-10 20:50:54', 'completed', 'card'),
  ('txn_2763', 'm_009', 'c_068', 14.26, '2024-01-11 02:09:15', 'completed', 'bank_transfer'),
  ('txn_2764', 'm_016', 'c_280', 416.44, '2024-01-08 14:47:50', 'completed', 'wallet'),
  ('txn_2765', 'm_007', 'c_213', 430.88, '2024-01-04 17:07:24', 'completed', 'wallet'),
  ('txn_2766', 'm_003', 'c_263', 221.89, '2024-01-05 13:42:23', 'completed', 'card'),
  ('txn_2767', 'm_002', 'c_160', 107.88, '2024-01-14 00:34:11', 'completed', 'card'),
  ('txn_2768', 'm_015', 'c_015', 85.87, '2024-01-11 05:54:18', 'completed', 'wallet'),
  ('txn_2769', 'm_016', 'c_171', 94.68, '2024-01-04 20:54:20', 'refunded', 'card'),
  ('txn_2770', 'm_009', 'c_124', 71.07, '2024-01-01 05:25:43', 'completed', 'wallet'),
  ('txn_2771', 'm_007', 'c_007', 71.55, '2024-01-06 05:33:11', 'completed', 'wallet'),
  ('txn_2772', 'm_009', 'c_008', 118.71, '2024-01-12 08:53:22', 'completed', 'card'),
  ('txn_2773', 'm_018', 'c_025', 368.36, '2024-01-09 20:44:40', 'completed', 'bank_transfer'),
  ('txn_2774', 'm_001', 'c_159', 428.67, '2024-01-09 10:21:34', 'completed', 'bank_transfer'),
  ('txn_2775', 'm_014', 'c_077', 449.83, '2024-01-09 23:39:15', 'completed', 'card'),
  ('txn_2776', 'm_009', 'c_046', 43.73, '2024-01-14 11:58:06', 'completed', 'card'),
  ('txn_2777', 'm_011', 'c_248', 89.46, '2024-01-04 04:47:05', 'completed', 'card'),
  ('txn_2778', 'm_002', 'c_102', 272.39, '2024-01-15 02:45:51', 'completed', 'card'),
  ('txn_2779', 'm_001', 'c_051', 229.84, '2024-01-04 05:07:48', 'completed', 'card'),
  ('txn_2780', 'm_013', 'c_027', 441.13, '2024-01-11 00:55:55', 'completed', 'bank_transfer'),
  ('txn_2781', 'm_011', 'c_248', 366.18, '2024-01-13 00:28:13', 'completed', 'bank_transfer'),
  ('txn_2782', 'm_014', 'c_084', 209.89, '2024-01-05 10:32:00', 'completed', 'wallet'),
  ('txn_2783', 'm_011', 'c_012', 196.23, '2024-01-11 16:43:47', 'completed', 'wallet'),
  ('txn_2784', 'm_007', 'c_218', 237.23, '2024-01-02 13:20:04', 'completed', 'card'),
  ('txn_2785', 'm_008', 'c_010', 161.75, '2024-01-09 07:57:10', 'completed', 'wallet'),
  ('txn_2786', 'm_016', 'c_185', 380.33, '2024-01-04 13:53:09', 'completed', 'card'),
  ('txn_2787', 'm_010', 'c_200', 128.31, '2024-01-02 20:27:11', 'completed', 'bank_transfer'),
  ('txn_2788', 'm_008', 'c_010', 69.35, '2024-01-12 02:44:24', 'completed', 'card'),
  ('txn_2789', 'm_002', 'c_126', 349.96, '2024-01-15 21:47:31', 'pending', 'wallet'),
  ('txn_2790', 'm_002', 'c_049', 229.94, '2024-01-01 21:00:10', 'completed', 'bank_transfer'),
  ('txn_2791', 'm_010', 'c_245', 79.77, '2024-01-15 23:34:28', 'completed', 'wallet'),
  ('txn_2792', 'm_011', 'c_236', 93.21, '2024-01-05 04:35:01', 'completed', 'card'),
  ('txn_2793', 'm_008', 'c_010', 453.13, '2024-01-14 12:48:00', 'completed', 'card'),
  ('txn_2794', 'm_018', 'c_072', 85.96, '2024-01-03 17:49:10', 'completed', 'card'),
  ('txn_2795', 'm_016', 'c_086', 191.56, '2024-01-10 06:49:20', 'completed', 'card'),
  ('txn_2796', 'm_009', 'c_124', 371.32, '2024-01-05 21:52:52', 'completed', 'wallet'),
  ('txn_2797', 'm_013', 'c_127', 154.51, '2024-01-13 14:05:09', 'completed', 'card'),
  ('txn_2798', 'm_019', 'c_230', 301.61, '2024-01-01 12:07:20', 'completed', 'card'),
  ('txn_2799', 'm_008', 'c_010', 430.79, '2024-01-09 11:31:02', 'completed', 'bank_transfer'),
  ('txn_2800', 'm_003', 'c_297', 384.21, '2024-01-11 21:05:33', 'completed', 'card');

INSERT INTO transactions (transaction_id, merchant_id, customer_id, amount, transaction_date, status, payment_method) VALUES
  ('txn_2801', 'm_019', 'c_145', 313.84, '2024-01-06 01:52:10', 'completed', 'bank_transfer'),
  ('txn_2802', 'm_008', 'c_151', 371.84, '2024-01-11 23:30:47', 'completed', 'card'),
  ('txn_2803', 'm_019', 'c_220', 162.86, '2024-01-14 18:26:25', 'completed', 'card'),
  ('txn_2804', 'm_007', 'c_007', 212.09, '2024-01-04 10:34:52', 'completed', 'card'),
  ('txn_2805', 'm_007', 'c_007', 328.79, '2024-01-07 22:30:44', 'completed', 'card'),
  ('txn_2806', 'm_006', 'c_107', 164.68, '2024-01-04 16:20:01', 'refunded', 'bank_transfer'),
  ('txn_2807', 'm_014', 'c_092', 379.94, '2024-01-11 13:55:31', 'pending', 'wallet'),
  ('txn_2808', 'm_010', 'c_200', 335.85, '2024-01-08 04:48:58', 'completed', 'bank_transfer'),
  ('txn_2809', 'm_008', 'c_010', 218.57, '2024-01-13 11:38:36', 'completed', 'card'),
  ('txn_2810', 'm_001', 'c_178', 336.07, '2024-01-03 14:18:50', 'completed', 'card'),
  ('txn_2811', 'm_010', 'c_260', 271.46, '2024-01-13 23:19:46', 'completed', 'card'),
  ('txn_2812', 'm_010', 'c_272', 428.49, '2024-01-04 16:27:11', 'completed', 'card'),
  ('txn_2813', 'm_006', 'c_119', 392.14, '2024-01-03 17:37:29', 'completed', 'card'),
  ('txn_2814', 'm_015', 'c_186', 81.06, '2024-01-13 02:58:54', 'completed', 'wallet'),
  ('txn_2815', 'm_016', 'c_155', 447.35, '2024-01-08 22:19:34', 'completed', 'wallet'),
  ('txn_2816', 'm_011', 'c_012', 197.78, '2024-01-01 00:33:33', 'completed', 'card'),
  ('txn_2817', 'm_002', 'c_179', 92.94, '2024-01-13 17:29:43', 'completed', 'bank_transfer'),
  ('txn_2818', 'm_019', 'c_135', 416.79, '2024-01-10 09:51:41', 'completed', 'card'),
  ('txn_2819', 'm_016', 'c_155', 473.14, '2024-01-03 21:10:40', 'completed', 'card'),
  ('txn_2820', 'm_017', 'c_093', 112.77, '2024-01-04 10:05:08', 'completed', 'card'),
  ('txn_2821', 'm_017', 'c_093', 93.63, '2024-01-01 23:46:00', 'completed', 'card'),
  ('txn_2822', 'm_013', 'c_043', 307.81, '2024-01-03 17:41:31', 'completed', 'card'),
  ('txn_2823', 'm_013', 'c_275', 469.14, '2024-01-15 22:15:42', 'completed', 'card'),
  ('txn_2824', 'm_018', 'c_072', 413.56, '2024-01-15 21:04:43', 'completed', 'wallet'),
  ('txn_2825', 'm_011', 'c_105', 327.59, '2024-01-14 08:08:15', 'completed', 'card'),
  ('txn_2826', 'm_001', 'c_051', 113.57, '2024-01-05 01:55:13', 'completed', 'bank_transfer'),
  ('txn_2827', 'm_001', 'c_051', 7.66, '2024-01-05 16:39:31', 'completed', 'card'),
  ('txn_2828', 'm_016', 'c_115', 437.12, '2024-01-08 22:16:48', 'completed', 'card'),
  ('txn_2829', 'm_008', 'c_097', 125.91, '2024-01-01 01:06:47', 'completed', 'card'),
  ('txn_2830', 'm_015', 'c_186', 346.11, '2024-01-14 16:52:38', 'completed', 'wallet'),
  ('txn_2831', 'm_002', 'c_039', 228.3, '2024-01-12 02:26:53', 'completed', 'bank_transfer'),
  ('txn_2832', 'm_017', 'c_137', 429.61, '2024-01-06 00:28:30', 'completed', 'wallet'),
  ('txn_2833', 'm_016', 'c_115', 111.17, '2024-01-03 00:31:36', 'completed', 'bank_transfer'),
  ('txn_2834', 'm_014', 'c_255', 61.45, '2024-01-10 18:28:03', 'completed', 'wallet'),
  ('txn_2835', 'm_008', 'c_097', 230.16, '2024-01-03 15:17:56', 'completed', 'bank_transfer'),
  ('txn_2836', 'm_001', 'c_051', 98.99, '2024-01-05 21:09:49', 'completed', 'wallet'),
  ('txn_2837', 'm_010', 'c_272', 306.34, '2024-01-06 10:22:34', 'completed', 'wallet'),
  ('txn_2838', 'm_015', 'c_094', 233.24, '2024-01-08 21:32:23', 'completed', 'card'),
  ('txn_2839', 'm_001', 'c_159', 476.57, '2024-01-02 01:18:38', 'completed', 'bank_transfer'),
  ('txn_2840', 'm_017', 'c_148', 413.63, '2024-01-14 01:32:22', 'completed', 'card'),
  ('txn_2841', 'm_006', 'c_184', 127.44, '2024-01-15 17:25:39', 'completed', 'wallet'),
  ('txn_2842', 'm_018', 'c_170', 62.81, '2024-01-15 09:41:33', 'completed', 'card'),
  ('txn_2843', 'm_017', 'c_287', 323.41, '2024-01-13 01:48:08', 'completed', 'card'),
  ('txn_2844', 'm_008', 'c_151', 339.4, '2024-01-10 03:32:34', 'failed', 'card'),
  ('txn_2845', 'm_015', 'c_251', 476.9, '2024-01-05 03:30:24', 'completed', 'wallet'),
  ('txn_2846', 'm_015', 'c_191', 415.57, '2024-01-08 11:27:03', 'completed', 'card'),
  ('txn_2847', 'm_008', 'c_097', 166.44, '2024-01-01 05:15:42', 'completed', 'card'),
  ('txn_2848', 'm_018', 'c_122', 443.86, '2024-01-07 00:05:00', 'completed', 'wallet'),
  ('txn_2849', 'm_019', 'c_090', 383.59, '2024-01-08 09:23:29', 'completed', 'bank_transfer'),
  ('txn_2850', 'm_003', 'c_263', 289.18, '2024-01-01 00:02:00', 'completed', 'bank_transfer');

INSERT INTO transactions (transaction_id, merchant_id, customer_id, amount, transaction_date, status, payment_method) VALUES
  ('txn_2851', 'm_018', 'c_122', 344.57, '2024-01-15 23:53:55', 'completed', 'card'),
  ('txn_2852', 'm_013', 'c_265', 141.52, '2024-01-13 05:38:27', 'completed', 'card'),
  ('txn_2853', 'm_013', 'c_030', 208.42, '2024-01-13 14:19:55', 'completed', 'card'),
  ('txn_2854', 'm_014', 'c_077', 202.34, '2024-01-03 14:13:33', 'completed', 'wallet'),
  ('txn_2855', 'm_016', 'c_155', 389.32, '2024-01-08 16:06:17', 'completed', 'card'),
  ('txn_2856', 'm_001', 'c_178', 87.5, '2024-01-01 05:46:28', 'completed', 'wallet'),
  ('txn_2857', 'm_014', 'c_058', 63.54, '2024-01-12 03:12:03', 'completed', 'card'),
  ('txn_2858', 'm_002', 'c_179', 203.11, '2024-01-01 10:31:52', 'completed', 'wallet'),
  ('txn_2859', 'm_008', 'c_097', 269.65, '2024-01-06 08:59:52', 'completed', 'card'),
  ('txn_2860', 'm_001', 'c_178', 439.24, '2024-01-01 23:58:15', 'completed', 'wallet'),
  ('txn_2861', 'm_014', 'c_197', 156.04, '2024-01-15 10:36:54', 'completed', 'wallet'),
  ('txn_2862', 'm_019', 'c_145', 417.54, '2024-01-11 02:20:02', 'refunded', 'card'),
  ('txn_2863', 'm_010', 'c_023', 78.94, '2024-01-02 03:31:16', 'completed', 'card'),
  ('txn_2864', 'm_001', 'c_051', 27.73, '2024-01-10 18:56:15', 'completed', 'bank_transfer'),
  ('txn_2865', 'm_006', 'c_203', 324.3, '2024-01-03 08:33:35', 'completed', 'card'),
  ('txn_2866', 'm_011', 'c_193', 413.61, '2024-01-14 19:44:50', 'completed', 'card'),
  ('txn_2867', 'm_002', 'c_231', 381.78, '2024-01-13 21:13:29', 'failed', 'card'),
  ('txn_2868', 'm_019', 'c_095', 210.15, '2024-01-04 23:58:00', 'completed', 'card'),
  ('txn_2869', 'm_015', 'c_251', 65.82, '2024-01-08 08:31:10', 'completed', 'card'),
  ('txn_2870', 'm_011', 'c_140', 302.72, '2024-01-09 07:46:45', 'completed', 'bank_transfer'),
  ('txn_2871', 'm_017', 'c_287', 451.68, '2024-01-01 22:29:50', 'completed', 'card'),
  ('txn_2872', 'm_016', 'c_076', 394.76, '2024-01-09 08:30:25', 'completed', 'card'),
  ('txn_2873', 'm_017', 'c_244', 72.78, '2024-01-05 09:19:25', 'completed', 'card'),
  ('txn_2874', 'm_006', 'c_020', 169.23, '2024-01-01 17:07:35', 'completed', 'card'),
  ('txn_2875', 'm_011', 'c_248', 157.12, '2024-01-08 21:43:21', 'completed', 'card'),
  ('txn_2876', 'm_015', 'c_199', 115.3, '2024-01-06 15:00:36', 'completed', 'card'),
  ('txn_2877', 'm_010', 'c_100', 8.02, '2024-01-09 10:32:55', 'completed', 'card'),
  ('txn_2878', 'm_009', 'c_068', 87.28, '2024-01-06 23:57:00', 'completed', 'card'),
  ('txn_2879', 'm_007', 'c_218', 96.49, '2024-01-12 11:08:07', 'completed', 'card'),
  ('txn_2880', 'm_010', 'c_285', 321.85, '2024-01-11 07:55:45', 'completed', 'bank_transfer'),
  ('txn_2881', 'm_011', 'c_193', 310.66, '2024-01-08 19:07:45', 'completed', 'card'),
  ('txn_2882', 'm_014', 'c_058', 94.57, '2024-01-09 09:43:12', 'pending', 'card'),
  ('txn_2883', 'm_007', 'c_235', 430.31, '2024-01-13 04:38:39', 'completed', 'bank_transfer'),
  ('txn_2884', 'm_014', 'c_197', 187.28, '2024-01-09 03:43:38', 'completed', 'bank_transfer'),
  ('txn_2885', 'm_002', 'c_231', 426.58, '2024-01-03 06:01:42', 'completed', 'card'),
  ('txn_2886', 'm_011', 'c_248', 229.78, '2024-01-09 21:16:52', 'completed', 'bank_transfer'),
  ('txn_2887', 'm_009', 'c_192', 387.33, '2024-01-08 04:18:50', 'completed', 'bank_transfer'),
  ('txn_2888', 'm_006', 'c_294', 63.95, '2024-01-14 20:40:33', 'completed', 'card'),
  ('txn_2889', 'm_018', 'c_110', 133.68, '2024-01-06 00:00:00', 'completed', 'card'),
  ('txn_2890', 'm_001', 'c_051', 101.64, '2024-01-02 15:59:24', 'completed', 'card'),
  ('txn_2891', 'm_009', 'c_163', 413.62, '2024-01-11 08:49:03', 'completed', 'wallet'),
  ('txn_2892', 'm_002', 'c_231', 239.84, '2024-01-14 12:22:08', 'completed', 'card'),
  ('txn_2893', 'm_003', 'c_226', 398.23, '2024-01-01 05:37:02', 'completed', 'wallet'),
  ('txn_2894', 'm_013', 'c_265', 96.06, '2024-01-03 23:12:08', 'pending', 'card'),
  ('txn_2895', 'm_018', 'c_122', 207.25, '2024-01-06 11:54:10', 'completed', 'card'),
  ('txn_2896', 'm_019', 'c_230', 29.75, '2024-01-09 15:31:30', 'completed', 'wallet'),
  ('txn_2897', 'm_017', 'c_244', 98.06, '2024-01-12 15:08:55', 'completed', 'bank_transfer'),
  ('txn_2898', 'm_018', 'c_170', 467.09, '2024-01-02 14:02:33', 'completed', 'bank_transfer'),
  ('txn_2899', 'm_013', 'c_114', 108.9, '2024-01-14 23:18:23', 'completed', 'card'),
  ('txn_2900', 'm_011', 'c_240', 316.41, '2024-01-09 06:54:43', 'completed', 'card');

INSERT INTO transactions (transaction_id, merchant_id, customer_id, amount, transaction_date, status, payment_method) VALUES
  ('txn_2901', 'm_002', 'c_271', 295.83, '2024-01-03 17:20:28', 'completed', 'card'),
  ('txn_2902', 'm_002', 'c_234', 299.81, '2024-01-01 09:52:51', 'completed', 'bank_transfer'),
  ('txn_2903', 'm_010', 'c_296', 465.91, '2024-01-03 01:30:25', 'failed', 'card'),
  ('txn_2904', 'm_017', 'c_287', 148.8, '2024-01-10 11:06:40', 'completed', 'card'),
  ('txn_2905', 'm_011', 'c_215', 311.53, '2024-01-15 03:31:41', 'pending', 'wallet'),
  ('txn_2906', 'm_015', 'c_150', 89.49, '2024-01-14 20:38:24', 'completed', 'bank_transfer'),
  ('txn_2907', 'm_015', 'c_182', 67.58, '2024-01-02 05:54:32', 'completed', 'card'),
  ('txn_2908', 'm_008', 'c_010', 40.37, '2024-01-14 01:52:53', 'refunded', 'wallet'),
  ('txn_2909', 'm_003', 'c_123', 153.12, '2024-01-11 23:13:24', 'completed', 'card'),
  ('txn_2910', 'm_003', 'c_263', 12.12, '2024-01-07 09:01:45', 'completed', 'wallet'),
  ('txn_2911', 'm_014', 'c_050', 396.0, '2024-01-04 21:08:04', 'completed', 'bank_transfer'),
  ('txn_2912', 'm_016', 'c_252', 56.88, '2024-01-06 02:17:14', 'completed', 'card'),
  ('txn_2913', 'm_014', 'c_162', 425.22, '2024-01-15 19:12:28', 'completed', 'card'),
  ('txn_2914', 'm_019', 'c_257', 44.49, '2024-01-01 00:08:00', 'completed', 'wallet'),
  ('txn_2915', 'm_008', 'c_010', 225.42, '2024-01-04 14:06:13', 'completed', 'card'),
  ('txn_2916', 'm_017', 'c_227', 294.67, '2024-01-08 14:22:58', 'completed', 'card'),
  ('txn_2917', 'm_001', 'c_178', 235.02, '2024-01-08 17:29:28', 'refunded', 'card'),
  ('txn_2918', 'm_009', 'c_080', 338.3, '2024-01-06 20:28:08', 'completed', 'card'),
  ('txn_2919', 'm_003', 'c_031', 128.07, '2024-01-12 12:18:21', 'completed', 'card'),
  ('txn_2920', 'm_013', 'c_043', 324.93, '2024-01-11 08:30:28', 'completed', 'card'),
  ('txn_2921', 'm_002', 'c_256', 34.24, '2024-01-03 10:52:27', 'completed', 'card'),
  ('txn_2922', 'm_006', 'c_020', 145.29, '2024-01-12 04:34:27', 'completed', 'card'),
  ('txn_2923', 'm_009', 'c_206', 39.49, '2024-01-10 04:51:01', 'completed', 'wallet'),
  ('txn_2924', 'm_016', 'c_076', 457.93, '2024-01-13 08:53:48', 'completed', 'card'),
  ('txn_2925', 'm_016', 'c_293', 126.45, '2024-01-02 11:09:30', 'completed', 'card'),
  ('txn_2926', 'm_001', 'c_178', 170.26, '2024-01-08 02:02:36', 'completed', 'bank_transfer'),
  ('txn_2927', 'm_018', 'c_110', 47.54, '2024-01-06 19:27:56', 'completed', 'bank_transfer'),
  ('txn_2928', 'm_019', 'c_258', 97.04, '2024-01-08 01:02:25', 'completed', 'card'),
  ('txn_2929', 'm_010', 'c_177', 478.48, '2024-01-13 07:57:55', 'completed', 'card'),
  ('txn_2930', 'm_010', 'c_200', 245.65, '2024-01-14 05:18:43', 'completed', 'card'),
  ('txn_2931', 'm_017', 'c_227', 207.88, '2024-01-13 15:38:39', 'completed', 'card'),
  ('txn_2932', 'm_003', 'c_242', 404.58, '2024-01-11 00:07:44', 'completed', 'card'),
  ('txn_2933', 'm_003', 'c_031', 447.18, '2024-01-08 20:21:11', 'completed', 'bank_transfer'),
  ('txn_2934', 'm_009', 'c_189', 270.03, '2024-01-07 10:43:25', 'completed', 'card'),
  ('txn_2935', 'm_002', 'c_176', 481.85, '2024-01-14 06:34:14', 'completed', 'card'),
  ('txn_2936', 'm_001', 'c_051', 247.76, '2024-01-12 19:28:07', 'completed', 'card'),
  ('txn_2937', 'm_017', 'c_137', 214.0, '2024-01-07 06:58:24', 'completed', 'card'),
  ('txn_2938', 'm_011', 'c_248', 62.45, '2024-01-08 16:39:33', 'refunded', 'wallet'),
  ('txn_2939', 'm_009', 'c_009', 289.8, '2024-01-10 18:15:31', 'completed', 'card'),
  ('txn_2940', 'm_011', 'c_012', 286.99, '2024-01-07 18:04:28', 'completed', 'wallet'),
  ('txn_2941', 'm_018', 'c_122', 436.23, '2024-01-06 18:08:16', 'refunded', 'card'),
  ('txn_2942', 'm_014', 'c_212', 375.57, '2024-01-03 23:49:09', 'completed', 'card'),
  ('txn_2943', 'm_018', 'c_122', 444.69, '2024-01-14 14:11:41', 'completed', 'bank_transfer'),
  ('txn_2944', 'm_006', 'c_107', 379.99, '2024-01-06 01:19:22', 'completed', 'card'),
  ('txn_2945', 'm_003', 'c_274', 249.24, '2024-01-09 17:13:00', 'completed', 'bank_transfer'),
  ('txn_2946', 'm_010', 'c_272', 120.85, '2024-01-11 21:51:24', 'completed', 'card'),
  ('txn_2947', 'm_001', 'c_159', 51.68, '2024-01-03 17:39:44', 'failed', 'card'),
  ('txn_2948', 'm_015', 'c_096', 258.76, '2024-01-05 12:31:17', 'completed', 'bank_transfer'),
  ('txn_2949', 'm_007', 'c_087', 70.95, '2024-01-07 08:36:22', 'completed', 'card'),
  ('txn_2950', 'm_003', 'c_123', 431.87, '2024-01-09 15:26:34', 'completed', 'card');

INSERT INTO transactions (transaction_id, merchant_id, customer_id, amount, transaction_date, status, payment_method) VALUES
  ('txn_2951', 'm_018', 'c_172', 71.31, '2024-01-02 08:58:12', 'completed', 'card'),
  ('txn_2952', 'm_019', 'c_298', 297.82, '2024-01-06 05:17:59', 'failed', 'card'),
  ('txn_2953', 'm_008', 'c_097', 188.76, '2024-01-02 19:51:20', 'refunded', 'card'),
  ('txn_2954', 'm_002', 'c_271', 243.95, '2024-01-04 12:08:38', 'completed', 'card'),
  ('txn_2955', 'm_007', 'c_042', 274.27, '2024-01-14 13:04:14', 'completed', 'card'),
  ('txn_2956', 'm_019', 'c_090', 373.48, '2024-01-05 10:47:55', 'completed', 'wallet'),
  ('txn_2957', 'm_008', 'c_097', 43.67, '2024-01-05 12:04:28', 'completed', 'card'),
  ('txn_2958', 'm_013', 'c_027', 136.18, '2024-01-03 10:04:01', 'pending', 'card'),
  ('txn_2959', 'm_006', 'c_020', 22.55, '2024-01-03 09:47:52', 'completed', 'bank_transfer'),
  ('txn_2960', 'm_016', 'c_115', 29.88, '2024-01-11 21:21:28', 'completed', 'card'),
  ('txn_2961', 'm_008', 'c_010', 467.45, '2024-01-09 00:09:00', 'completed', 'card'),
  ('txn_2962', 'm_010', 'c_177', 447.16, '2024-01-09 17:56:34', 'completed', 'card'),
  ('txn_2963', 'm_009', 'c_222', 479.43, '2024-01-12 00:00:00', 'completed', 'card'),
  ('txn_2964', 'm_014', 'c_019', 34.67, '2024-01-14 16:01:16', 'completed', 'card'),
  ('txn_2965', 'm_001', 'c_051', 400.27, '2024-01-05 14:23:44', 'completed', 'wallet'),
  ('txn_2966', 'm_002', 'c_288', 228.48, '2024-01-14 02:53:05', 'completed', 'card'),
  ('txn_2967', 'm_016', 'c_293', 25.42, '2024-01-10 11:06:09', 'completed', 'bank_transfer'),
  ('txn_2968', 'm_019', 'c_090', 96.89, '2024-01-07 18:43:12', 'completed', 'card'),
  ('txn_2969', 'm_017', 'c_060', 499.4, '2024-01-02 15:50:50', 'completed', 'wallet'),
  ('txn_2970', 'm_019', 'c_022', 230.12, '2024-01-04 12:17:37', 'completed', 'card'),
  ('txn_2971', 'm_010', 'c_285', 154.26, '2024-01-03 06:05:05', 'completed', 'card'),
  ('txn_2972', 'm_016', 'c_004', 76.32, '2024-01-07 13:12:55', 'completed', 'card'),
  ('txn_2973', 'm_003', 'c_123', 477.4, '2024-01-08 09:43:42', 'pending', 'card'),
  ('txn_2974', 'm_018', 'c_172', 442.23, '2024-01-04 23:58:00', 'completed', 'wallet'),
  ('txn_2975', 'm_015', 'c_113', 51.71, '2024-01-12 07:14:33', 'completed', 'bank_transfer'),
  ('txn_2976', 'm_013', 'c_027', 485.4, '2024-01-09 08:56:45', 'pending', 'card'),
  ('txn_2977', 'm_015', 'c_191', 272.32, '2024-01-02 23:48:00', 'completed', 'bank_transfer'),
  ('txn_2978', 'm_006', 'c_203', 477.77, '2024-01-03 04:57:50', 'completed', 'wallet'),
  ('txn_2979', 'm_008', 'c_097', 272.54, '2024-01-14 00:09:41', 'completed', 'card'),
  ('txn_2980', 'm_017', 'c_141', 242.09, '2024-01-04 01:55:32', 'completed', 'wallet'),
  ('txn_2981', 'm_009', 'c_238', 192.79, '2024-01-07 12:50:25', 'completed', 'card'),
  ('txn_2982', 'm_013', 'c_275', 133.11, '2024-01-14 12:45:41', 'completed', 'card'),
  ('txn_2983', 'm_003', 'c_297', 59.22, '2024-01-14 18:26:57', 'completed', 'bank_transfer'),
  ('txn_2984', 'm_007', 'c_014', 221.41, '2024-01-13 20:12:54', 'completed', 'card'),
  ('txn_2985', 'm_009', 'c_206', 305.93, '2024-01-08 21:55:45', 'failed', 'card'),
  ('txn_2986', 'm_010', 'c_073', 272.46, '2024-01-01 22:45:41', 'completed', 'bank_transfer'),
  ('txn_2987', 'm_008', 'c_010', 115.88, '2024-01-11 11:28:46', 'completed', 'bank_transfer'),
  ('txn_2988', 'm_008', 'c_010', 358.64, '2024-01-05 00:59:35', 'completed', 'card'),
  ('txn_2989', 'm_009', 'c_261', 344.73, '2024-01-09 17:17:43', 'refunded', 'card'),
  ('txn_2990', 'm_014', 'c_019', 439.93, '2024-01-01 00:00:00', 'refunded', 'card'),
  ('txn_2991', 'm_016', 'c_147', 397.67, '2024-01-15 09:52:50', 'refunded', 'bank_transfer'),
  ('txn_2992', 'm_006', 'c_020', 6.66, '2024-01-14 18:57:31', 'completed', 'wallet'),
  ('txn_2993', 'm_003', 'c_099', 129.8, '2024-01-02 23:57:00', 'completed', 'card'),
  ('txn_2994', 'm_007', 'c_029', 73.74, '2024-01-15 03:01:24', 'completed', 'card'),
  ('txn_2995', 'm_018', 'c_003', 197.16, '2024-01-02 23:53:06', 'completed', 'card'),
  ('txn_2996', 'm_017', 'c_244', 499.99, '2024-01-01 00:14:00', 'completed', 'card'),
  ('txn_2997', 'm_011', 'c_193', 128.28, '2024-01-06 22:19:33', 'completed', 'card'),
  ('txn_2998', 'm_018', 'c_025', 465.14, '2024-01-15 15:55:50', 'completed', 'card'),
  ('txn_2999', 'm_015', 'c_251', 133.27, '2024-01-08 12:01:56', 'completed', 'card'),
  ('txn_3000', 'm_007', 'c_007', 98.61, '2024-01-05 22:31:12', 'completed', 'card');

-- Refunds
INSERT INTO refunds (refund_id, transaction_id, amount, reason, refund_date) VALUES
  ('ref_001', 'txn_1875', 244.82, 'customer_request', '2024-01-07 12:05:18'),
  ('ref_002', 'txn_2423', 7.86, 'customer_request', '2024-01-05 03:17:35'),
  ('ref_003', 'txn_2085', 34.9, 'fraud', '2024-01-10 22:09:48'),
  ('ref_004', 'txn_2406', 207.59, 'customer_request', '2024-01-11 01:38:02'),
  ('ref_005', 'txn_243', 163.57, 'fraud', '2024-01-15 13:14:06'),
  ('ref_006', 'txn_1753', 67.42, 'customer_request', '2024-01-14 23:59:52'),
  ('ref_007', 'txn_2825', 176.67, 'duplicate', '2024-01-16 12:08:15'),
  ('ref_008', 'txn_2849', 136.35, 'customer_request', '2024-01-09 09:23:29'),
  ('ref_009', 'txn_983', 183.7, 'fraud', '2024-01-11 02:27:19'),
  ('ref_010', 'txn_1545', 367.96, 'fraud', '2024-01-16 09:36:49'),
  ('ref_011', 'txn_126', 61.04, 'duplicate', '2024-01-16 00:06:00'),
  ('ref_012', 'txn_2785', 48.4, 'customer_request', '2024-01-11 20:57:10'),
  ('ref_013', 'txn_1620', 93.38, 'customer_request', '2024-01-12 21:52:38'),
  ('ref_014', 'txn_2773', 233.01, 'customer_request', '2024-01-11 16:44:40'),
  ('ref_015', 'txn_2260', 65.71, 'customer_request', '2024-01-15 22:01:20'),
  ('ref_016', 'txn_1885', 38.47, 'duplicate', '2024-01-15 20:53:16'),
  ('ref_017', 'txn_072', 30.4, 'customer_request', '2024-01-06 21:14:04'),
  ('ref_018', 'txn_1327', 205.45, 'customer_request', '2024-01-04 11:00:30'),
  ('ref_019', 'txn_2931', 136.51, 'duplicate', '2024-01-14 14:38:39'),
  ('ref_020', 'txn_1586', 10.16, 'duplicate', '2024-01-12 02:24:22'),
  ('ref_021', 'txn_979', 190.11, 'customer_request', '2024-01-11 06:56:48'),
  ('ref_022', 'txn_2897', 71.94, 'fraud', '2024-01-12 17:08:55'),
  ('ref_023', 'txn_2191', 147.87, 'customer_request', '2024-01-08 17:51:00'),
  ('ref_024', 'txn_123', 194.3, 'duplicate', '2024-01-13 16:43:09'),
  ('ref_025', 'txn_981', 136.04, 'customer_request', '2024-01-16 13:23:58'),
  ('ref_026', 'txn_1838', 5.5, 'duplicate', '2024-01-12 20:08:32'),
  ('ref_027', 'txn_2276', 58.08, 'customer_request', '2024-01-14 23:53:43'),
  ('ref_028', 'txn_2531', 139.63, 'customer_request', '2024-01-05 20:56:00'),
  ('ref_029', 'txn_933', 70.81, 'duplicate', '2024-01-08 00:36:34'),
  ('ref_030', 'txn_340', 38.91, 'customer_request', '2024-01-09 14:53:24'),
  ('ref_031', 'txn_1305', 15.77, 'customer_request', '2024-01-10 12:57:34'),
  ('ref_032', 'txn_2215', 144.27, 'fraud', '2024-01-04 07:17:33'),
  ('ref_033', 'txn_1002', 82.01, 'customer_request', '2024-01-07 15:26:16'),
  ('ref_034', 'txn_1630', 35.58, 'customer_request', '2024-01-15 05:27:20'),
  ('ref_035', 'txn_2955', 212.0, 'duplicate', '2024-01-16 17:04:14'),
  ('ref_036', 'txn_1268', 244.94, 'fraud', '2024-01-08 10:28:33'),
  ('ref_037', 'txn_1445', 83.16, 'duplicate', '2024-01-12 16:29:41'),
  ('ref_038', 'txn_556', 16.63, 'customer_request', '2024-01-08 10:15:30'),
  ('ref_039', 'txn_1982', 82.63, 'customer_request', '2024-01-07 08:16:09'),
  ('ref_040', 'txn_479', 277.52, 'customer_request', '2024-01-10 20:52:00'),
  ('ref_041', 'txn_2923', 22.83, 'customer_request', '2024-01-10 15:51:01'),
  ('ref_042', 'txn_707', 222.82, 'customer_request', '2024-01-03 13:54:43'),
  ('ref_043', 'txn_2559', 54.65, 'duplicate', '2024-01-17 01:13:43'),
  ('ref_044', 'txn_2444', 105.1, 'fraud', '2024-01-09 17:51:26'),
  ('ref_045', 'txn_204', 275.71, 'customer_request', '2024-01-13 06:40:14'),
  ('ref_046', 'txn_2049', 84.72, 'customer_request', '2024-01-07 02:28:50'),
  ('ref_047', 'txn_1839', 194.13, 'fraud', '2024-01-15 13:47:53'),
  ('ref_048', 'txn_1273', 260.34, 'customer_request', '2024-01-10 14:31:33'),
  ('ref_049', 'txn_1483', 42.05, 'customer_request', '2024-01-05 21:56:01'),
  ('ref_050', 'txn_200', 49.57, 'fraud', '2024-01-14 22:20:27');

INSERT INTO refunds (refund_id, transaction_id, amount, reason, refund_date) VALUES
  ('ref_051', 'txn_1101', 266.16, 'fraud', '2024-01-13 10:14:34'),
  ('ref_052', 'txn_1173', 201.81, 'fraud', '2024-01-16 05:20:43'),
  ('ref_053', 'txn_1313', 146.96, 'customer_request', '2024-01-15 19:29:08'),
  ('ref_054', 'txn_789', 72.01, 'fraud', '2024-01-10 23:11:05'),
  ('ref_055', 'txn_2129', 102.69, 'duplicate', '2024-01-05 18:24:17'),
  ('ref_056', 'txn_2310', 241.46, 'duplicate', '2024-01-06 10:03:00'),
  ('ref_057', 'txn_840', 185.73, 'fraud', '2024-01-16 15:19:53'),
  ('ref_058', 'txn_2457', 80.41, 'duplicate', '2024-01-14 06:57:06'),
  ('ref_059', 'txn_1325', 18.63, 'customer_request', '2024-01-12 00:59:06'),
  ('ref_060', 'txn_1979', 133.96, 'fraud', '2024-01-11 18:33:02'),
  ('ref_061', 'txn_696', 49.29, 'customer_request', '2024-01-08 10:00:18'),
  ('ref_062', 'txn_169', 7.19, 'fraud', '2024-01-15 22:57:13'),
  ('ref_063', 'txn_2799', 112.37, 'customer_request', '2024-01-10 00:31:02'),
  ('ref_064', 'txn_092', 258.84, 'customer_request', '2024-01-10 20:33:24'),
  ('ref_065', 'txn_1892', 215.25, 'duplicate', '2024-01-08 01:20:52'),
  ('ref_066', 'txn_1668', 30.23, 'duplicate', '2024-01-15 22:21:51'),
  ('ref_067', 'txn_2501', 167.29, 'customer_request', '2024-01-12 03:03:00'),
  ('ref_068', 'txn_597', 269.17, 'fraud', '2024-01-07 23:45:43'),
  ('ref_069', 'txn_1535', 177.74, 'customer_request', '2024-01-14 11:08:05'),
  ('ref_070', 'txn_365', 7.3, 'duplicate', '2024-01-14 10:59:13'),
  ('ref_071', 'txn_2367', 119.03, 'customer_request', '2024-01-02 19:43:38'),
  ('ref_072', 'txn_2230', 329.22, 'duplicate', '2024-01-10 22:40:32'),
  ('ref_073', 'txn_1749', 145.35, 'fraud', '2024-01-16 02:52:24'),
  ('ref_074', 'txn_2195', 82.42, 'customer_request', '2024-01-07 21:49:59'),
  ('ref_075', 'txn_1589', 342.45, 'customer_request', '2024-01-16 01:22:08'),
  ('ref_076', 'txn_1837', 135.27, 'fraud', '2024-01-12 21:51:00'),
  ('ref_077', 'txn_2068', 57.72, 'duplicate', '2024-01-08 21:14:31'),
  ('ref_078', 'txn_914', 37.02, 'customer_request', '2024-01-04 07:42:33'),
  ('ref_079', 'txn_1282', 193.26, 'customer_request', '2024-01-05 01:29:24'),
  ('ref_080', 'txn_1209', 49.8, 'duplicate', '2024-01-05 04:00:14'),
  ('ref_081', 'txn_2325', 172.33, 'duplicate', '2024-01-14 16:47:18'),
  ('ref_082', 'txn_1569', 37.65, 'fraud', '2024-01-04 00:24:08'),
  ('ref_083', 'txn_2341', 187.82, 'fraud', '2024-01-09 10:22:01'),
  ('ref_084', 'txn_1442', 56.6, 'customer_request', '2024-01-05 13:07:13'),
  ('ref_085', 'txn_1435', 240.97, 'customer_request', '2024-01-05 03:27:23'),
  ('ref_086', 'txn_010', 116.53, 'customer_request', '2024-01-09 18:11:50'),
  ('ref_087', 'txn_2597', 155.98, 'customer_request', '2024-01-02 18:40:24'),
  ('ref_088', 'txn_2590', 37.79, 'fraud', '2024-01-03 07:40:11'),
  ('ref_089', 'txn_1906', 10.08, 'fraud', '2024-01-11 23:32:54'),
  ('ref_090', 'txn_2763', 5.61, 'fraud', '2024-01-12 19:09:15'),
  ('ref_091', 'txn_2920', 198.41, 'duplicate', '2024-01-13 13:30:28'),
  ('ref_092', 'txn_2890', 40.49, 'fraud', '2024-01-05 10:59:24'),
  ('ref_093', 'txn_2347', 143.73, 'fraud', '2024-01-13 06:18:31'),
  ('ref_094', 'txn_1855', 113.43, 'duplicate', '2024-01-03 12:56:30'),
  ('ref_095', 'txn_1407', 34.8, 'customer_request', '2024-01-04 13:51:51'),
  ('ref_096', 'txn_2743', 77.17, 'fraud', '2024-01-09 07:56:42'),
  ('ref_097', 'txn_1494', 72.15, 'customer_request', '2024-01-15 00:02:25'),
  ('ref_098', 'txn_1826', 46.29, 'duplicate', '2024-01-02 08:13:41'),
  ('ref_099', 'txn_368', 84.87, 'duplicate', '2024-01-17 09:08:13'),
  ('ref_100', 'txn_938', 79.15, 'customer_request', '2024-01-14 03:22:38');

INSERT INTO refunds (refund_id, transaction_id, amount, reason, refund_date) VALUES
  ('ref_101', 'txn_973', 117.55, 'duplicate', '2024-01-06 11:33:39'),
  ('ref_102', 'txn_2556', 55.13, 'fraud', '2024-01-17 15:00:15'),
  ('ref_103', 'txn_1918', 92.24, 'customer_request', '2024-01-01 08:33:15'),
  ('ref_104', 'txn_1166', 329.14, 'customer_request', '2024-01-02 02:02:59'),
  ('ref_105', 'txn_2100', 19.23, 'fraud', '2024-01-16 08:56:45'),
  ('ref_106', 'txn_1135', 66.97, 'duplicate', '2024-01-10 07:52:14'),
  ('ref_107', 'txn_2899', 75.4, 'customer_request', '2024-01-15 05:18:23'),
  ('ref_108', 'txn_1830', 96.72, 'fraud', '2024-01-14 06:10:03'),
  ('ref_109', 'txn_1723', 137.41, 'duplicate', '2024-01-07 15:05:15'),
  ('ref_110', 'txn_1523', 101.01, 'fraud', '2024-01-07 20:43:54'),
  ('ref_111', 'txn_1255', 32.91, 'duplicate', '2024-01-03 02:29:18'),
  ('ref_112', 'txn_1777', 188.42, 'customer_request', '2024-01-10 08:48:46'),
  ('ref_113', 'txn_2526', 62.44, 'customer_request', '2024-01-06 06:17:46'),
  ('ref_114', 'txn_798', 20.92, 'fraud', '2024-01-01 07:59:02'),
  ('ref_115', 'txn_418', 210.7, 'fraud', '2024-01-04 12:56:00'),
  ('ref_116', 'txn_1656', 221.19, 'customer_request', '2024-01-05 19:59:30'),
  ('ref_117', 'txn_091', 170.82, 'customer_request', '2024-01-16 18:04:28'),
  ('ref_118', 'txn_2153', 44.58, 'customer_request', '2024-01-05 17:05:18'),
  ('ref_119', 'txn_1284', 33.41, 'customer_request', '2024-01-04 17:20:45'),
  ('ref_120', 'txn_2697', 115.18, 'fraud', '2024-01-12 17:56:21'),
  ('ref_121', 'txn_1738', 100.29, 'fraud', '2024-01-15 15:06:22'),
  ('ref_122', 'txn_1270', 7.93, 'customer_request', '2024-01-04 00:19:50'),
  ('ref_123', 'txn_1117', 18.6, 'customer_request', '2024-01-13 14:08:19'),
  ('ref_124', 'txn_1756', 73.48, 'duplicate', '2024-01-14 07:30:22'),
  ('ref_125', 'txn_614', 253.64, 'customer_request', '2024-01-08 06:50:13'),
  ('ref_126', 'txn_1848', 16.81, 'customer_request', '2024-01-07 19:27:59'),
  ('ref_127', 'txn_437', 70.78, 'duplicate', '2024-01-14 13:32:01'),
  ('ref_128', 'txn_2846', 119.8, 'customer_request', '2024-01-08 17:27:03'),
  ('ref_129', 'txn_1754', 292.16, 'customer_request', '2024-01-11 02:27:54'),
  ('ref_130', 'txn_2626', 52.56, 'customer_request', '2024-01-05 13:26:53'),
  ('ref_131', 'txn_166', 88.32, 'customer_request', '2024-01-13 11:04:38'),
  ('ref_132', 'txn_1013', 88.86, 'fraud', '2024-01-13 21:27:16'),
  ('ref_133', 'txn_2256', 224.29, 'duplicate', '2024-01-08 05:23:41'),
  ('ref_134', 'txn_1570', 210.2, 'duplicate', '2024-01-15 14:29:22'),
  ('ref_135', 'txn_2097', 49.1, 'duplicate', '2024-01-15 18:32:33'),
  ('ref_136', 'txn_897', 108.57, 'duplicate', '2024-01-05 14:59:20'),
  ('ref_137', 'txn_1628', 119.53, 'customer_request', '2024-01-11 00:24:47'),
  ('ref_138', 'txn_665', 88.19, 'customer_request', '2024-01-08 06:39:00'),
  ('ref_139', 'txn_2087', 290.47, 'fraud', '2024-01-08 00:32:56'),
  ('ref_140', 'txn_1572', 165.38, 'customer_request', '2024-01-09 05:47:36'),
  ('ref_141', 'txn_785', 222.38, 'customer_request', '2024-01-02 07:13:14'),
  ('ref_142', 'txn_1513', 145.09, 'customer_request', '2024-01-16 01:43:40'),
  ('ref_143', 'txn_1698', 384.02, 'customer_request', '2024-01-09 19:55:37'),
  ('ref_144', 'txn_601', 249.11, 'fraud', '2024-01-10 02:30:42'),
  ('ref_145', 'txn_1809', 180.82, 'customer_request', '2024-01-15 14:20:49'),
  ('ref_146', 'txn_1239', 37.3, 'duplicate', '2024-01-14 17:36:50'),
  ('ref_147', 'txn_2909', 115.89, 'customer_request', '2024-01-13 02:13:24'),
  ('ref_148', 'txn_333', 121.67, 'customer_request', '2024-01-09 17:07:44'),
  ('ref_149', 'txn_1883', 306.2, 'fraud', '2024-01-10 08:49:24'),
  ('ref_150', 'txn_1811', 64.84, 'customer_request', '2024-01-16 18:24:50');

INSERT INTO refunds (refund_id, transaction_id, amount, reason, refund_date) VALUES
  ('ref_151', 'txn_2453', 165.09, 'customer_request', '2024-01-13 09:55:00'),
  ('ref_152', 'txn_2453', 73.24, 'customer_request', '2024-01-14 05:55:00'),
  ('ref_153', 'txn_1126', 61.08, 'duplicate', '2024-01-06 14:28:48'),
  ('ref_154', 'txn_1126', 109.22, 'duplicate', '2024-01-07 11:28:48'),
  ('ref_155', 'txn_2358', 22.83, 'fraud', '2024-01-08 01:56:00'),
  ('ref_156', 'txn_2358', 21.12, 'customer_request', '2024-01-09 09:56:00'),
  ('ref_157', 'txn_332', 89.62, 'fraud', '2024-01-04 05:58:31'),
  ('ref_158', 'txn_332', 62.28, 'fraud', '2024-01-04 22:58:31'),
  ('ref_159', 'txn_147', 10.5, 'customer_request', '2024-01-11 02:14:09'),
  ('ref_160', 'txn_147', 4.98, 'customer_request', '2024-01-12 11:14:09'),
  ('ref_161', 'txn_103', 40.29, 'customer_request', '2024-01-12 07:20:13'),
  ('ref_162', 'txn_103', 23.56, 'fraud', '2024-01-15 01:20:13'),
  ('ref_163', 'txn_138', 109.89, 'fraud', '2024-01-17 14:05:21'),
  ('ref_164', 'txn_138', 158.73, 'duplicate', '2024-01-16 20:05:21'),
  ('ref_165', 'txn_1603', 233.37, 'duplicate', '2024-01-14 07:06:36'),
  ('ref_166', 'txn_1603', 103.01, 'duplicate', '2024-01-15 15:06:36'),
  ('ref_167', 'txn_359', 105.58, 'fraud', '2024-01-08 12:12:18'),
  ('ref_168', 'txn_359', 65.7, 'duplicate', '2024-01-09 06:12:18'),
  ('ref_169', 'txn_128', 65.03, 'customer_request', '2024-01-16 10:36:30'),
  ('ref_170', 'txn_128', 62.5, 'customer_request', '2024-01-17 04:36:30'),
  ('ref_171', 'txn_2675', 89.83, 'customer_request', '2024-01-16 20:49:36'),
  ('ref_172', 'txn_2675', 185.27, 'fraud', '2024-01-17 03:49:36'),
  ('ref_173', 'txn_837', 39.92, 'duplicate', '2024-01-09 02:42:34'),
  ('ref_174', 'txn_837', 36.39, 'fraud', '2024-01-10 15:42:34'),
  ('ref_175', 'txn_2665', 38.61, 'duplicate', '2024-01-07 10:19:33'),
  ('ref_176', 'txn_2665', 22.61, 'fraud', '2024-01-09 08:19:33'),
  ('ref_177', 'txn_2769', 29.24, 'customer_request', '2024-01-05 06:54:20'),
  ('ref_178', 'txn_2769', 28.09, 'fraud', '2024-01-07 16:54:20'),
  ('ref_179', 'txn_2945', 53.83, 'fraud', '2024-01-11 07:13:00'),
  ('ref_180', 'txn_2945', 95.54, 'customer_request', '2024-01-12 13:13:00'),
  ('ref_181', 'txn_2536', 64.85, 'customer_request', '2024-01-09 23:07:29'),
  ('ref_182', 'txn_2536', 31.33, 'duplicate', '2024-01-10 21:07:29'),
  ('ref_183', 'txn_2034', 6.53, 'customer_request', '2024-01-06 15:06:19'),
  ('ref_184', 'txn_2034', 6.05, 'fraud', '2024-01-06 14:06:19'),
  ('ref_185', 'txn_1106', 241.99, 'customer_request', '2024-01-13 03:38:34'),
  ('ref_186', 'txn_1106', 152.35, 'fraud', '2024-01-13 22:38:34'),
  ('ref_187', 'txn_1942', 39.24, 'customer_request', '2024-01-05 02:07:19'),
  ('ref_188', 'txn_1942', 45.94, 'customer_request', '2024-01-04 12:07:19'),
  ('ref_189', 'txn_1250', 72.9, 'customer_request', '2024-01-05 00:28:58'),
  ('ref_190', 'txn_1250', 133.75, 'customer_request', '2024-01-06 07:28:58'),
  ('ref_191', 'txn_2944', 122.45, 'customer_request', '2024-01-06 16:19:22'),
  ('ref_192', 'txn_2944', 103.19, 'fraud', '2024-01-07 19:19:22'),
  ('ref_193', 'txn_180', 90.18, 'customer_request', '2024-01-15 05:17:29'),
  ('ref_194', 'txn_180', 75.9, 'duplicate', '2024-01-15 15:17:29'),
  ('ref_195', 'txn_139', 95.95, 'fraud', '2024-01-11 11:45:05'),
  ('ref_196', 'txn_139', 97.37, 'customer_request', '2024-01-12 15:45:05'),
  ('ref_197', 'txn_486', 132.06, 'fraud', '2024-01-13 21:59:53'),
  ('ref_198', 'txn_486', 218.78, 'fraud', '2024-01-13 23:59:53'),
  ('ref_199', 'txn_251', 86.85, 'customer_request', '2024-01-06 04:50:30'),
  ('ref_200', 'txn_251', 58.9, 'duplicate', '2024-01-07 00:50:30');

INSERT INTO refunds (refund_id, transaction_id, amount, reason, refund_date) VALUES
  ('ref_201', 'txn_1047', 43.85, 'duplicate', '2024-01-13 05:47:24'),
  ('ref_202', 'txn_1047', 22.81, 'duplicate', '2024-01-12 12:47:24'),
  ('ref_203', 'txn_1047', 45.88, 'customer_request', '2024-01-13 18:47:24'),
  ('ref_204', 'txn_724', 26.69, 'customer_request', '2024-01-10 03:27:41'),
  ('ref_205', 'txn_724', 15.12, 'duplicate', '2024-01-11 05:27:41'),
  ('ref_206', 'txn_724', 27.46, 'customer_request', '2024-01-11 00:27:41'),
  ('ref_207', 'txn_633', 66.43, 'customer_request', '2024-01-09 19:17:38'),
  ('ref_208', 'txn_633', 15.71, 'duplicate', '2024-01-09 13:17:38'),
  ('ref_209', 'txn_633', 52.18, 'duplicate', '2024-01-10 13:17:38'),
  ('ref_210', 'txn_1815', 110.15, 'customer_request', '2024-01-08 06:01:38'),
  ('ref_211', 'txn_1815', 49.74, 'duplicate', '2024-01-08 03:01:38'),
  ('ref_212', 'txn_1815', 67.09, 'customer_request', '2024-01-08 16:01:38'),
  ('ref_213', 'txn_1765', 156.21, 'duplicate', '2024-01-02 18:29:58'),
  ('ref_214', 'txn_1765', 61.36, 'customer_request', '2024-01-04 12:29:58'),
  ('ref_215', 'txn_1765', 96.65, 'customer_request', '2024-01-06 10:29:58');
